city,agency,stop_id,stop_name,trip_count,route_count
Bengaluru (Bangalore),BMTC,21629,12th Block Nagarabhavi,420,37
Bengaluru (Bangalore),BMTC,21630,12th Block Nagarabhavi,540,48
Bengaluru (Bangalore),BMTC,20568,14th Main HSR Layout,1095,69
Bengaluru (Bangalore),BMTC,22890,18th Main Jayanagara,113,7
Bengaluru (Bangalore),BMTC,22891,19th Main 13th Cross HSR Layout,21,7
Bengaluru (Bangalore),BMTC,24300,19th Main 13th Cross HSR Layout,24,7
Bengaluru (Bangalore),BMTC,29393,1st Main Kodichikkanahalli,34,3
Bengaluru (Bangalore),BMTC,35599,1st Main Kodichikkanahalli,33,3
Bengaluru (Bangalore),BMTC,22896,1st Stage 3rd Block Nagarabhavi (Nayandahalli),452,32
Bengaluru (Bangalore),BMTC,22897,1st Stage 3rd Block Nagarabhavi (Summanahalli),461,34
Bengaluru (Bangalore),BMTC,35595,2nd Stage 9th Block Nagarabhavi,2,1
Bengaluru (Bangalore),BMTC,21446,3rd Block Jayanagara,792,87
Bengaluru (Bangalore),BMTC,21447,3rd Block Jayanagara,548,73
Bengaluru (Bangalore),BMTC,29407,4th Phase Yelahanka New Town Iyengar Bakery,1,1
Bengaluru (Bangalore),BMTC,29409,5th Block HBR Layout,8,5
Bengaluru (Bangalore),BMTC,20593,8th Mile Dasarahalli,838,116
Bengaluru (Bangalore),BMTC,20594,8th Mile Dasarahalli,1339,244
Bengaluru (Bangalore),BMTC,35570,8th Mile Dasarahalli,550,115
Bengaluru (Bangalore),BMTC,35571,8th Mile Dasarahalli,374,17
Bengaluru (Bangalore),BMTC,35572,8th Mile Dasarahalli,363,20
Bengaluru (Bangalore),BMTC,38567,8th Mile Dasarahalli,30,3
Bengaluru (Bangalore),BMTC,39687,8th Mile Dasarahalli Arrival,12,1
Bengaluru (Bangalore),BMTC,29453,A G Export Garments Nelamangala,87,24
Bengaluru (Bangalore),BMTC,35538,A G Export Garments Nelamangala,75,30
Bengaluru (Bangalore),BMTC,21652,A P J Abdul Kalam Statue,44,7
Bengaluru (Bangalore),BMTC,21653,A P J Abdul Kalam Statue,55,6
Bengaluru (Bangalore),BMTC,38855,ADMC Quarters Office,4,2
Bengaluru (Bangalore),BMTC,29450,AECS Dental College,22,6
Bengaluru (Bangalore),BMTC,35541,AECS Dental College,25,6
Bengaluru (Bangalore),BMTC,20595,AECS Layout Cross,607,25
Bengaluru (Bangalore),BMTC,20596,AECS Layout Cross,593,27
Bengaluru (Bangalore),BMTC,29451,AECS Layout Singasandra,15,4
Bengaluru (Bangalore),BMTC,35540,AECS Layout Singasandra,15,3
Bengaluru (Bangalore),BMTC,39893,AET Junction,10,2
Bengaluru (Bangalore),BMTC,39894,AET Junction,12,2
Bengaluru (Bangalore),BMTC,29461,AGS Layout,22,6
Bengaluru (Bangalore),BMTC,35533,AGS Layout,22,5
Bengaluru (Bangalore),BMTC,29462,AGS Layout Arehalli,137,7
Bengaluru (Bangalore),BMTC,35532,AGS Layout Arehalli,136,7
Bengaluru (Bangalore),BMTC,23014,AGS Layout Cross,146,12
Bengaluru (Bangalore),BMTC,24342,AGS Layout Cross,16,6
Bengaluru (Bangalore),BMTC,29463,AIR FORCE Quarters,14,4
Bengaluru (Bangalore),BMTC,35531,AIR FORCE Quarters,6,3
Bengaluru (Bangalore),BMTC,29474,AL Ameen Residential School,13,5
Bengaluru (Bangalore),BMTC,35521,AL Ameen Residential School,10,5
Bengaluru (Bangalore),BMTC,37331,AL-Agro Factory,1,1
Bengaluru (Bangalore),BMTC,37332,AL-Agro Factory,1,1
Bengaluru (Bangalore),BMTC,23060,AMC College,523,81
Bengaluru (Bangalore),BMTC,24134,AMC College,515,80
Bengaluru (Bangalore),BMTC,29549,APCO Factory,8,3
Bengaluru (Bangalore),BMTC,35454,APCO Factory,8,3
Bengaluru (Bangalore),BMTC,29550,APMC Yard,56,15
Bengaluru (Bangalore),BMTC,35453,APMC Yard,53,21
Bengaluru (Bangalore),BMTC,23134,APS College,179,38
Bengaluru (Bangalore),BMTC,23632,APS College,199,46
Bengaluru (Bangalore),BMTC,39681,APS College Cross,4,1
Bengaluru (Bangalore),BMTC,39682,APS College Cross,3,1
Bengaluru (Bangalore),BMTC,38962,ARMY PUBLIC SCHOOL (Parachute Regiment),4,3
Bengaluru (Bangalore),BMTC,23190,ASC Centre,141,17
Bengaluru (Bangalore),BMTC,23930,ASC Centre,139,12
Bengaluru (Bangalore),BMTC,29426,Aane Kempegowdana Doddy,10,5
Bengaluru (Bangalore),BMTC,35856,Aane Kempegowdana Doddy,9,4
Bengaluru (Bangalore),BMTC,23396,Abbaiah Circle Sarjapura,34,11
Bengaluru (Bangalore),BMTC,23418,Abbaiah Circle Sarjapura,39,15
Bengaluru (Bangalore),BMTC,29428,Abbanakuppe,32,4
Bengaluru (Bangalore),BMTC,35564,Abbanakuppe,36,8
Bengaluru (Bangalore),BMTC,29429,Abbanakuppe Colony,1,1
Bengaluru (Bangalore),BMTC,35563,Abbanakuppe Colony,1,1
Bengaluru (Bangalore),BMTC,30920,Abbanakuppe KEB,1,1
Bengaluru (Bangalore),BMTC,33404,Abbanakuppe KEB,1,1
Bengaluru (Bangalore),BMTC,29430,Abbigere,92,17
Bengaluru (Bangalore),BMTC,35562,Abbigere,87,16
Bengaluru (Bangalore),BMTC,29431,Abbigere Cross,71,20
Bengaluru (Bangalore),BMTC,35561,Abbigere Cross,116,21
Bengaluru (Bangalore),BMTC,29432,Abbigere Dinne,119,13
Bengaluru (Bangalore),BMTC,35560,Abbigere Dinne,107,14
Bengaluru (Bangalore),BMTC,29433,Abbigere Gate,83,9
Bengaluru (Bangalore),BMTC,35559,Abbigere Gate,113,11
Bengaluru (Bangalore),BMTC,22965,Acharya College,273,15
Bengaluru (Bangalore),BMTC,22966,Acharya College,292,13
Bengaluru (Bangalore),BMTC,29434,Acharya Institute of Technology,46,7
Bengaluru (Bangalore),BMTC,35558,Acharya Institute of Technology,70,7
Bengaluru (Bangalore),BMTC,40369,Acharya Institute of Technology,26,1
Bengaluru (Bangalore),BMTC,29435,Achyuthanagara Gate,53,5
Bengaluru (Bangalore),BMTC,35557,Achyuthanagara Gate,60,3
Bengaluru (Bangalore),BMTC,29437,Adakamaranahalli (Magadi Road),3,2
Bengaluru (Bangalore),BMTC,39571,Adakamaranahalli (Magadi Road),4,2
Bengaluru (Bangalore),BMTC,29438,Adakamaranahalli Cross (Magadi Road),86,15
Bengaluru (Bangalore),BMTC,35554,Adakamaranahalli Cross (Magadi Road),95,15
Bengaluru (Bangalore),BMTC,21639,Adakimaranahalli,495,93
Bengaluru (Bangalore),BMTC,22974,Adakimaranahalli,1,1
Bengaluru (Bangalore),BMTC,29439,Adakimaranahalli,534,98
Bengaluru (Bangalore),BMTC,29441,Adakimaranahalli,1,1
Bengaluru (Bangalore),BMTC,29442,Adarshanagara,75,17
Bengaluru (Bangalore),BMTC,35552,Adarshanagara,80,21
Bengaluru (Bangalore),BMTC,29444,Adde Vishwanathapura,5,3
Bengaluru (Bangalore),BMTC,35550,Adde Vishwanathapura,1,1
Bengaluru (Bangalore),BMTC,29445,Addiganahalli,59,22
Bengaluru (Bangalore),BMTC,35549,Addiganahalli,62,32
Bengaluru (Bangalore),BMTC,22981,Addiganahalli Extension,10,4
Bengaluru (Bangalore),BMTC,31347,Addiganahalli Extension,10,6
Bengaluru (Bangalore),BMTC,22982,Adigara Kallahalli,3,1
Bengaluru (Bangalore),BMTC,23391,Adigara Kallahalli,3,2
Bengaluru (Bangalore),BMTC,29446,Adigondanahalli,7,4
Bengaluru (Bangalore),BMTC,35548,Adigondanahalli,8,4
Bengaluru (Bangalore),BMTC,25578,Adigondanahalli Junction,4,2
Bengaluru (Bangalore),BMTC,32772,Adigondanahalli Junction,4,2
Bengaluru (Bangalore),BMTC,39104,Aditya Bakery,83,3
Bengaluru (Bangalore),BMTC,39105,Aditya Bakery,16,2
Bengaluru (Bangalore),BMTC,38161,Adrsha Savana,1,1
Bengaluru (Bangalore),BMTC,38162,Adrsha Savana,1,1
Bengaluru (Bangalore),BMTC,29448,Adugodi,285,22
Bengaluru (Bangalore),BMTC,35544,Adugodi,124,8
Bengaluru (Bangalore),BMTC,35546,Adugodi,157,13
Bengaluru (Bangalore),BMTC,22990,Adugodi Police Station,281,21
Bengaluru (Bangalore),BMTC,23802,Adugodi Police Station,285,22
Bengaluru (Bangalore),BMTC,39938,Adukale Food Factory,117,23
Bengaluru (Bangalore),BMTC,39939,Adukale Food Factory,112,18
Bengaluru (Bangalore),BMTC,22992,Aduru,66,11
Bengaluru (Bangalore),BMTC,22995,Aduru,60,11
Bengaluru (Bangalore),BMTC,22993,Aduru,11,5
Bengaluru (Bangalore),BMTC,22994,Aduru,12,5
Bengaluru (Bangalore),BMTC,36662,Aduru,1,1
Bengaluru (Bangalore),BMTC,29452,Aerospace Bagalur,13,7
Bengaluru (Bangalore),BMTC,35539,Aerospace Bagalur,14,7
Bengaluru (Bangalore),BMTC,29454,Agalakote,41,7
Bengaluru (Bangalore),BMTC,35537,Agalakote,40,7
Bengaluru (Bangalore),BMTC,23003,Agara,25,5
Bengaluru (Bangalore),BMTC,23004,Agara,23,5
Bengaluru (Bangalore),BMTC,40536,Agara,2,1
Bengaluru (Bangalore),BMTC,40537,Agara,2,1
Bengaluru (Bangalore),BMTC,23002,Agara,24,6
Bengaluru (Bangalore),BMTC,31348,Agara,8,3
Bengaluru (Bangalore),BMTC,21640,Agara Cross,309,79
Bengaluru (Bangalore),BMTC,21641,Agara Cross,326,87
Bengaluru (Bangalore),BMTC,20597,Agara Junction,1280,70
Bengaluru (Bangalore),BMTC,20598,Agara Junction,1212,73
Bengaluru (Bangalore),BMTC,24000,Agara Junction,307,53
Bengaluru (Bangalore),BMTC,35769,Agara Junction,301,54
Bengaluru (Bangalore),BMTC,38120,Agara Junction,56,1
Bengaluru (Bangalore),BMTC,38462,Agara Junction,139,4
Bengaluru (Bangalore),BMTC,20599,Agrahara Dasarahalli,1312,164
Bengaluru (Bangalore),BMTC,20600,Agrahara Dasarahalli,1191,158
Bengaluru (Bangalore),BMTC,29456,Agrahara Layout,16,2
Bengaluru (Bangalore),BMTC,35535,Agrahara Layout,15,3
Bengaluru (Bangalore),BMTC,39986,Agrahara Layout Cross,8,2
Bengaluru (Bangalore),BMTC,39987,Agrahara Layout Cross,8,2
Bengaluru (Bangalore),BMTC,31849,Agraharapalya Gate,1,1
Bengaluru (Bangalore),BMTC,35686,Agraharapalya Gate,1,1
Bengaluru (Bangalore),BMTC,36061,Ainahalli,1,1
Bengaluru (Bangalore),BMTC,36062,Ainahalli,1,1
Bengaluru (Bangalore),BMTC,29464,Air Lines Dhaba Gate,35,2
Bengaluru (Bangalore),BMTC,35530,Air Lines Dhaba Gate,36,3
Bengaluru (Bangalore),BMTC,29465,Airport Trumpet,232,31
Bengaluru (Bangalore),BMTC,35529,Airport Trumpet,234,32
Bengaluru (Bangalore),BMTC,39835,Airtel office Koramangala,2,2
Bengaluru (Bangalore),BMTC,29467,Ajjagondahalli,7,3
Bengaluru (Bangalore),BMTC,35527,Ajjagondahalli,7,2
Bengaluru (Bangalore),BMTC,29468,Ajjanahalli,2,1
Bengaluru (Bangalore),BMTC,35526,Ajjanahalli,2,1
Bengaluru (Bangalore),BMTC,29469,Ajmeer Apartment Neeladri Road,16,3
Bengaluru (Bangalore),BMTC,35525,Ajmeer Apartment Neeladri Road,180,7
Bengaluru (Bangalore),BMTC,23022,Akkayammana Betta,27,13
Bengaluru (Bangalore),BMTC,29470,Akkayammana Betta Huttanahalli Cross,22,11
Bengaluru (Bangalore),BMTC,29471,Akkipete Devanahalli,1,1
Bengaluru (Bangalore),BMTC,35524,Akkipete Devanahalli,1,1
Bengaluru (Bangalore),BMTC,23668,Akkithimmanahalli,120,10
Bengaluru (Bangalore),BMTC,31349,Akkithimmanahalli,113,7
Bengaluru (Bangalore),BMTC,29472,Akshayanagara,60,7
Bengaluru (Bangalore),BMTC,35523,Akshayanagara,61,7
Bengaluru (Bangalore),BMTC,29473,Akshayanagara New Town,24,7
Bengaluru (Bangalore),BMTC,35522,Akshayanagara New Town,21,7
Bengaluru (Bangalore),BMTC,25148,Akshyanagara Double Road,23,6
Bengaluru (Bangalore),BMTC,32565,Akshyanagara Double Road,20,6
Bengaluru (Bangalore),BMTC,29475,Aladamara Chikkanahalli Cross,9,3
Bengaluru (Bangalore),BMTC,35520,Aladamara Chikkanahalli Cross,8,3
Bengaluru (Bangalore),BMTC,29476,Aladamara Laggere,292,21
Bengaluru (Bangalore),BMTC,35519,Aladamara Laggere,220,20
Bengaluru (Bangalore),BMTC,25681,Alahalli,7,3
Bengaluru (Bangalore),BMTC,32821,Alahalli,6,2
Bengaluru (Bangalore),BMTC,29477,Alambadi,1,1
Bengaluru (Bangalore),BMTC,35518,Alambadi,1,1
Bengaluru (Bangalore),BMTC,29478,Alanayakanahalli Gate,10,3
Bengaluru (Bangalore),BMTC,35517,Alanayakanahalli Gate,16,5
Bengaluru (Bangalore),BMTC,23034,Ali Bommasandra,11,4
Bengaluru (Bangalore),BMTC,23035,Ali Bommasandra,3,2
Bengaluru (Bangalore),BMTC,39597,Aliaskar Embassy,1,1
Bengaluru (Bangalore),BMTC,21452,Alisda,414,35
Bengaluru (Bangalore),BMTC,21453,Alisda,411,39
Bengaluru (Bangalore),BMTC,29480,Allalasandra,8,5
Bengaluru (Bangalore),BMTC,35515,Allalasandra,8,7
Bengaluru (Bangalore),BMTC,35106,Allalasandra Gate,336,85
Bengaluru (Bangalore),BMTC,39009,Allalasandra Gate,336,88
Bengaluru (Bangalore),BMTC,29481,Allalasandra Gate,417,89
Bengaluru (Bangalore),BMTC,35608,Allalasandra Gate,460,107
Bengaluru (Bangalore),BMTC,35151,Allalasandra Gate FLY,518,20
Bengaluru (Bangalore),BMTC,39271,Allalasandra Gate FLY,520,19
Bengaluru (Bangalore),BMTC,39287,Allalasandra Lake,5,3
Bengaluru (Bangalore),BMTC,29483,Allammanapalya,3,1
Bengaluru (Bangalore),BMTC,35513,Allammanapalya,3,1
Bengaluru (Bangalore),BMTC,29484,Alpha College Chikka Gubbi,19,9
Bengaluru (Bangalore),BMTC,35512,Alpha College Chikka Gubbi,12,6
Bengaluru (Bangalore),BMTC,29485,Aluru,17,4
Bengaluru (Bangalore),BMTC,35511,Aluru,5,3
Bengaluru (Bangalore),BMTC,38789,Aluru BDA 1st Stage,3,2
Bengaluru (Bangalore),BMTC,29486,Aluru BDA 2nd Stage,2,1
Bengaluru (Bangalore),BMTC,35510,Aluru BDA 2nd Stage,3,2
Bengaluru (Bangalore),BMTC,29487,Aluru Cross,28,4
Bengaluru (Bangalore),BMTC,35509,Aluru Cross,4,2
Bengaluru (Bangalore),BMTC,29488,Alurupalya,1,1
Bengaluru (Bangalore),BMTC,35508,Alurupalya,14,3
Bengaluru (Bangalore),BMTC,29489,Amarajyothi Badavane,7,4
Bengaluru (Bangalore),BMTC,35507,Amarajyothi Badavane,8,3
Bengaluru (Bangalore),BMTC,29490,Amba Bhavani Nagara,12,4
Bengaluru (Bangalore),BMTC,35506,Amba Bhavani Nagara,12,6
Bengaluru (Bangalore),BMTC,39321,Ambabhavani Badavane,2,1
Bengaluru (Bangalore),BMTC,36059,Ambalagere,1,1
Bengaluru (Bangalore),BMTC,36060,Ambalagere,1,1
Bengaluru (Bangalore),BMTC,39735,Ambalipura,2,1
Bengaluru (Bangalore),BMTC,40494,Ambedkar Circle CK Nagara,22,2
Bengaluru (Bangalore),BMTC,40495,Ambedkar Circle CK Nagara,21,2
Bengaluru (Bangalore),BMTC,21454,Ambedkar Institute of Technology,850,56
Bengaluru (Bangalore),BMTC,21643,Ambedkar Institute of Technology,820,55
Bengaluru (Bangalore),BMTC,35503,Ambedkar Medical College Shampura,15,3
Bengaluru (Bangalore),BMTC,23058,Ambedkar Nagara,355,55
Bengaluru (Bangalore),BMTC,23901,Ambedkar Nagara,373,58
Bengaluru (Bangalore),BMTC,29494,Ambika School,13,6
Bengaluru (Bangalore),BMTC,35502,Ambika School,20,8
Bengaluru (Bangalore),BMTC,20601,Amma Ashrama Cross,212,18
Bengaluru (Bangalore),BMTC,20602,Amma Ashrama Cross,217,21
Bengaluru (Bangalore),BMTC,29497,Amogha Layout,23,9
Bengaluru (Bangalore),BMTC,35499,Amogha Layout,24,8
Bengaluru (Bangalore),BMTC,40474,Amphenol,162,21
Bengaluru (Bangalore),BMTC,40475,Amphenol,139,14
Bengaluru (Bangalore),BMTC,29498,Amritha Ayurvedic Hospital,2,2
Bengaluru (Bangalore),BMTC,35498,Amritha Ayurvedic Hospital,2,1
Bengaluru (Bangalore),BMTC,38136,Amruth Sweets,56,1
Bengaluru (Bangalore),BMTC,38137,Amruth Sweets,56,1
Bengaluru (Bangalore),BMTC,29499,Amrutha Engineering College,2,1
Bengaluru (Bangalore),BMTC,35101,Amrutha Engineering College,46,10
Bengaluru (Bangalore),BMTC,35368,Amrutha Engineering College,44,7
Bengaluru (Bangalore),BMTC,23067,Amruthahalli,58,20
Bengaluru (Bangalore),BMTC,35173,Amruthahalli,112,25
Bengaluru (Bangalore),BMTC,29711,Amruthahalli Bank,60,22
Bengaluru (Bangalore),BMTC,31884,Amruthahalli Bank,77,21
Bengaluru (Bangalore),BMTC,31850,Amruthanagara,17,2
Bengaluru (Bangalore),BMTC,35497,Amruthanagara,16,2
Bengaluru (Bangalore),BMTC,29502,Amruthanagara Canara Bank,8,2
Bengaluru (Bangalore),BMTC,35496,Amruthanagara Canara Bank,8,2
Bengaluru (Bangalore),BMTC,39318,Amruthaya central school,2,1
Bengaluru (Bangalore),BMTC,29503,Anagalipura,5,3
Bengaluru (Bangalore),BMTC,35495,Anagalipura,13,5
Bengaluru (Bangalore),BMTC,29504,Anagalipura Gate,18,9
Bengaluru (Bangalore),BMTC,35494,Anagalipura Gate,13,8
Bengaluru (Bangalore),BMTC,22744,Ananda Ashrama (BG Rd),702,80
Bengaluru (Bangalore),BMTC,22768,Ananda Ashrama (BG Rd),697,84
Bengaluru (Bangalore),BMTC,39748,Ananda Ashrama Bannerughatta,430,67
Bengaluru (Bangalore),BMTC,39749,Ananda Ashrama Bannerughatta,488,73
Bengaluru (Bangalore),BMTC,20603,Ananda Rao Circle,1249,190
Bengaluru (Bangalore),BMTC,29506,Ananda Rao Circle,261,88
Bengaluru (Bangalore),BMTC,35375,Ananda Rao Circle,121,60
Bengaluru (Bangalore),BMTC,40571,Anandanagara,13,5
Bengaluru (Bangalore),BMTC,40572,Anandanagara,12,4
Bengaluru (Bangalore),BMTC,29507,Anandanagara,1,1
Bengaluru (Bangalore),BMTC,35492,Anandanagara,2,1
Bengaluru (Bangalore),BMTC,29511,Anandapura,60,7
Bengaluru (Bangalore),BMTC,35489,Anandapura,61,7
Bengaluru (Bangalore),BMTC,39923,Anandgiri layout,38,7
Bengaluru (Bangalore),BMTC,39924,Anandgiri layout,37,6
Bengaluru (Bangalore),BMTC,29512,Ananthapura,1,1
Bengaluru (Bangalore),BMTC,35488,Ananthapura,3,2
Bengaluru (Bangalore),BMTC,23081,Ananthapura Gate,308,64
Bengaluru (Bangalore),BMTC,23082,Ananthapura Gate,341,77
Bengaluru (Bangalore),BMTC,29513,Anche Muskuru,46,14
Bengaluru (Bangalore),BMTC,35487,Anche Muskuru,51,14
Bengaluru (Bangalore),BMTC,21644,Anchepalya,531,120
Bengaluru (Bangalore),BMTC,23084,Anchepalya,509,108
Bengaluru (Bangalore),BMTC,20604,Anchepalya,565,131
Bengaluru (Bangalore),BMTC,20605,Anchepalya,575,156
Bengaluru (Bangalore),BMTC,39960,Anchibare Gandhinagara,16,2
Bengaluru (Bangalore),BMTC,39961,Anchibare Gandhinagara,12,2
Bengaluru (Bangalore),BMTC,29515,Anchipura,5,4
Bengaluru (Bangalore),BMTC,35485,Anchipura,7,5
Bengaluru (Bangalore),BMTC,29516,Anchipura Colony,5,4
Bengaluru (Bangalore),BMTC,35484,Anchipura Colony,7,5
Bengaluru (Bangalore),BMTC,29517,Anchipura Cross,20,9
Bengaluru (Bangalore),BMTC,35483,Anchipura Cross,20,8
Bengaluru (Bangalore),BMTC,29518,Andhrahalli,351,20
Bengaluru (Bangalore),BMTC,35482,Andhrahalli,334,23
Bengaluru (Bangalore),BMTC,40591,Andhrahalli Aralimara,1,1
Bengaluru (Bangalore),BMTC,40592,Andhrahalli Aralimara,1,1
Bengaluru (Bangalore),BMTC,29519,Andhrahalli Gate,97,18
Bengaluru (Bangalore),BMTC,35481,Andhrahalli Gate,92,18
Bengaluru (Bangalore),BMTC,29520,Andhrahalli Govt School,336,19
Bengaluru (Bangalore),BMTC,35480,Andhrahalli Govt School,320,23
Bengaluru (Bangalore),BMTC,40685,Andhrahalli Road Field,47,3
Bengaluru (Bangalore),BMTC,40686,Andhrahalli Road Field,77,4
Bengaluru (Bangalore),BMTC,29521,Ane Hosahalli Gate,7,2
Bengaluru (Bangalore),BMTC,35479,Ane Hosahalli Gate,6,2
Bengaluru (Bangalore),BMTC,29522,Anehalla,1,1
Bengaluru (Bangalore),BMTC,35478,Anehalla,2,1
Bengaluru (Bangalore),BMTC,23094,Anekal,872,48
Bengaluru (Bangalore),BMTC,23095,Anekal Circle,346,31
Bengaluru (Bangalore),BMTC,23974,Anekal Circle,352,30
Bengaluru (Bangalore),BMTC,30365,Anekal Road Junction,73,15
Bengaluru (Bangalore),BMTC,33142,Anekal Road Junction,68,16
Bengaluru (Bangalore),BMTC,23800,Anepalya,240,19
Bengaluru (Bangalore),BMTC,23818,Anepalya,224,18
Bengaluru (Bangalore),BMTC,29525,Anjan Vidya Kendra School,4,2
Bengaluru (Bangalore),BMTC,35475,Anjan Vidya Kendra School,4,2
Bengaluru (Bangalore),BMTC,39891,Anjanadri High School Doddakannahalli,10,2
Bengaluru (Bangalore),BMTC,39892,Anjanadri High School Doddakannahalli,12,2
Bengaluru (Bangalore),BMTC,21455,Anjananagara,744,119
Bengaluru (Bangalore),BMTC,21456,Anjananagara,761,126
Bengaluru (Bangalore),BMTC,23101,Anjanapura,39,10
Bengaluru (Bangalore),BMTC,23649,Anjanapura,133,14
Bengaluru (Bangalore),BMTC,23651,Anjanapura,167,21
Bengaluru (Bangalore),BMTC,38034,Anjanapura 10th  Block,38,4
Bengaluru (Bangalore),BMTC,21294,Anjanapura 10th Block,137,19
Bengaluru (Bangalore),BMTC,38032,Anjanapura 10th Block,51,6
Bengaluru (Bangalore),BMTC,38033,Anjanapura 10th Block,96,8
Bengaluru (Bangalore),BMTC,29373,Anjanapura 11th Block,6,2
Bengaluru (Bangalore),BMTC,35416,Anjanapura 11th Block,9,3
Bengaluru (Bangalore),BMTC,29526,Anjanapura 1st Block,10,1
Bengaluru (Bangalore),BMTC,35474,Anjanapura 1st Block,14,2
Bengaluru (Bangalore),BMTC,29527,Anjanapura 2nd Block,14,2
Bengaluru (Bangalore),BMTC,35473,Anjanapura 2nd Block,17,3
Bengaluru (Bangalore),BMTC,29528,Anjanapura 2nd Block Cross (LBSN),25,2
Bengaluru (Bangalore),BMTC,38778,Anjanapura 2nd Block Cross (LBSN),28,3
Bengaluru (Bangalore),BMTC,39977,Anjanapura 6th Block (Lakshmivenkateshwara Temple),16,2
Bengaluru (Bangalore),BMTC,39978,Anjanapura 6th Block (Lakshmivenkateshwara Temple),17,2
Bengaluru (Bangalore),BMTC,29529,Anjanapura Cross,30,4
Bengaluru (Bangalore),BMTC,35471,Anjanapura Cross,12,2
Bengaluru (Bangalore),BMTC,39836,Anjanapura RTO Office,19,1
Bengaluru (Bangalore),BMTC,23106,Anjaneya Temple Anekal,18,3
Bengaluru (Bangalore),BMTC,24184,Anjaneya Temple Anekal,36,9
Bengaluru (Bangalore),BMTC,21645,Anjaneya Temple Bidaraguppe,95,24
Bengaluru (Bangalore),BMTC,21646,Anjaneya Temple Bidaraguppe,167,26
Bengaluru (Bangalore),BMTC,29530,Anjaneya Temple Devanahalli,43,9
Bengaluru (Bangalore),BMTC,35470,Anjaneya Temple Devanahalli,41,8
Bengaluru (Bangalore),BMTC,21647,Anjaneya Temple Nelamangala,546,93
Bengaluru (Bangalore),BMTC,29533,Anjaneya Temple Nelamangala,550,93
Bengaluru (Bangalore),BMTC,29534,Anjaneya Temple Thigalarapalya,320,23
Bengaluru (Bangalore),BMTC,35468,Anjaneya Temple Thigalarapalya,336,19
Bengaluru (Bangalore),BMTC,29536,Ankanahalli,9,2
Bengaluru (Bangalore),BMTC,35466,Ankanahalli,9,1
Bengaluru (Bangalore),BMTC,29537,Ankegowdana Doddy,3,1
Bengaluru (Bangalore),BMTC,35465,Ankegowdana Doddy,3,1
Bengaluru (Bangalore),BMTC,39526,Anna Kuteera Kathriguppe,2,1
Bengaluru (Bangalore),BMTC,35464,Annahalli,4,2
Bengaluru (Bangalore),BMTC,35463,Annapoorneshwari nagara Cross,244,21
Bengaluru (Bangalore),BMTC,22686,Annapoorneshwarinagara,26,5
Bengaluru (Bangalore),BMTC,22687,Annapoorneshwarinagara,11,4
Bengaluru (Bangalore),BMTC,39966,Annapoorneshwarinagara (HGH),5,1
Bengaluru (Bangalore),BMTC,22684,Annapoorneshwarinagara 3rd Main Road,5,1
Bengaluru (Bangalore),BMTC,22688,Annapoorneshwarinagara 3rd Main Road,8,3
Bengaluru (Bangalore),BMTC,29540,Annapoorneshwarinagara Cross,235,19
Bengaluru (Bangalore),BMTC,29541,Annapoorneshwarinagara Water Tank,25,3
Bengaluru (Bangalore),BMTC,35462,Annapoorneshwarinagara Water Tank,26,4
Bengaluru (Bangalore),BMTC,39138,Annapurneshwari Badavane,70,14
Bengaluru (Bangalore),BMTC,39139,Annapurneshwari Badavane,72,15
Bengaluru (Bangalore),BMTC,21648,Annasandrapalya,4,1
Bengaluru (Bangalore),BMTC,21649,Annasandrapalya,4,1
Bengaluru (Bangalore),BMTC,23120,Annasandrapalya Cross,8,5
Bengaluru (Bangalore),BMTC,23646,Annasandrapalya Cross,9,6
Bengaluru (Bangalore),BMTC,29543,Anneshwara Circle,1,1
Bengaluru (Bangalore),BMTC,35460,Anneshwara Circle,1,1
Bengaluru (Bangalore),BMTC,40691,Antharahalli Gate,2,1
Bengaluru (Bangalore),BMTC,40692,Antharahalli Gate,3,1
Bengaluru (Bangalore),BMTC,40546,Anthem Factory,40,2
Bengaluru (Bangalore),BMTC,35459,Anubhavanagara,1,1
Bengaluru (Bangalore),BMTC,29545,Anugondanahalli,5,2
Bengaluru (Bangalore),BMTC,35458,Anugondanahalli,6,2
Bengaluru (Bangalore),BMTC,21650,Anugondanahalli Cross,66,24
Bengaluru (Bangalore),BMTC,21651,Anugondanahalli Cross,71,24
Bengaluru (Bangalore),BMTC,38116,Anugraha Badavane (Bilekahalli),22,4
Bengaluru (Bangalore),BMTC,40007,Anugraha Green Villa,2,1
Bengaluru (Bangalore),BMTC,24988,Anupahalli,1,1
Bengaluru (Bangalore),BMTC,32486,Anupahalli,2,1
Bengaluru (Bangalore),BMTC,39921,Anupama Hospital,21,2
Bengaluru (Bangalore),BMTC,39922,Anupama Hospital,21,2
Bengaluru (Bangalore),BMTC,40681,Anupama School,62,4
Bengaluru (Bangalore),BMTC,40682,Anupama School,62,4
Bengaluru (Bangalore),BMTC,29548,Aparel Park,255,24
Bengaluru (Bangalore),BMTC,35455,Aparel Park,262,21
Bengaluru (Bangalore),BMTC,20607,Apex Bank,133,17
Bengaluru (Bangalore),BMTC,20608,Apex Bank,135,15
Bengaluru (Bangalore),BMTC,23578,Apollo Hospital,824,102
Bengaluru (Bangalore),BMTC,23870,Apollo Hospital,848,111
Bengaluru (Bangalore),BMTC,29551,Appasandra,1,1
Bengaluru (Bangalore),BMTC,35452,Appasandra,2,1
Bengaluru (Bangalore),BMTC,29553,Aradeshanahalli,12,9
Bengaluru (Bangalore),BMTC,35450,Aradeshanahalli,11,7
Bengaluru (Bangalore),BMTC,23137,Aradeshanahalli Gate,278,40
Bengaluru (Bangalore),BMTC,23140,Aradeshanahalli Gate,289,36
Bengaluru (Bangalore),BMTC,23142,Arakere,5,3
Bengaluru (Bangalore),BMTC,23144,Arakere,2,1
Bengaluru (Bangalore),BMTC,29555,Arakere Byrapura,2,2
Bengaluru (Bangalore),BMTC,35448,Arakere Byrapura,6,4
Bengaluru (Bangalore),BMTC,23145,Arakere Gate,806,102
Bengaluru (Bangalore),BMTC,23147,Arakere Gate,802,108
Bengaluru (Bangalore),BMTC,39361,Arakere Gate,8,1
Bengaluru (Bangalore),BMTC,29557,Aralalusandra,4,2
Bengaluru (Bangalore),BMTC,35446,Aralalusandra,5,2
Bengaluru (Bangalore),BMTC,29558,Aralalusandra Cross,4,3
Bengaluru (Bangalore),BMTC,35445,Aralalusandra Cross,5,3
Bengaluru (Bangalore),BMTC,23810,Aralimara (PK Kalyana Mantapa ),133,25
Bengaluru (Bangalore),BMTC,23814,Aralimara (PK Kalyana Mantapa ),166,24
Bengaluru (Bangalore),BMTC,21654,Aralimara Industrial Area Rajajinagara,470,22
Bengaluru (Bangalore),BMTC,21655,Aralimara Industrial Area Rajajinagara,477,26
Bengaluru (Bangalore),BMTC,20609,Aralimara Sunkadakatte,36,8
Bengaluru (Bangalore),BMTC,29560,Aralimara Ullalu,22,3
Bengaluru (Bangalore),BMTC,35443,Aralimara Ullalu,22,3
Bengaluru (Bangalore),BMTC,23155,Aralimaradapalya,8,2
Bengaluru (Bangalore),BMTC,29561,Aralimaradapalya Cross,12,5
Bengaluru (Bangalore),BMTC,35442,Aralimaradapalya Cross,11,3
Bengaluru (Bangalore),BMTC,29562,Aralumallige,29,4
Bengaluru (Bangalore),BMTC,35441,Aralumallige,26,3
Bengaluru (Bangalore),BMTC,29563,Aralumallige Cross,1,1
Bengaluru (Bangalore),BMTC,23160,Arasanahalli,9,1
Bengaluru (Bangalore),BMTC,23161,Arasanahalli,9,2
Bengaluru (Bangalore),BMTC,23159,Arasanahalli,3,1
Bengaluru (Bangalore),BMTC,29565,Arathipalya,10,2
Bengaluru (Bangalore),BMTC,35438,Arathipalya,15,6
Bengaluru (Bangalore),BMTC,23166,Aravinda Limited,165,23
Bengaluru (Bangalore),BMTC,23889,Aravinda Limited,141,15
Bengaluru (Bangalore),BMTC,29567,Arch Railway Gollahalli,57,22
Bengaluru (Bangalore),BMTC,35436,Arch Railway Gollahalli,61,19
Bengaluru (Bangalore),BMTC,29568,Archakara Badavane,13,4
Bengaluru (Bangalore),BMTC,35435,Archakara Badavane,14,5
Bengaluru (Bangalore),BMTC,29569,Are Bannimangala,10,5
Bengaluru (Bangalore),BMTC,35434,Are Bannimangala,17,7
Bengaluru (Bangalore),BMTC,39099,Are bannimangala Cross,1,1
Bengaluru (Bangalore),BMTC,21656,Arebic College,485,59
Bengaluru (Bangalore),BMTC,21657,Arebic College,50,9
Bengaluru (Bangalore),BMTC,23171,Arebommanahalli T Begur,1,1
Bengaluru (Bangalore),BMTC,23173,Arehalli,64,12
Bengaluru (Bangalore),BMTC,23175,Arehalli,70,12
Bengaluru (Bangalore),BMTC,23176,Arehalli,1,1
Bengaluru (Bangalore),BMTC,21659,Arehalli,527,40
Bengaluru (Bangalore),BMTC,21661,Arehalli,565,43
Bengaluru (Bangalore),BMTC,21658,Arehalli,6,3
Bengaluru (Bangalore),BMTC,21660,Arehalli,6,4
Bengaluru (Bangalore),BMTC,39492,Arehalli Arch,4,1
Bengaluru (Bangalore),BMTC,21662,Arehalli Cross,61,22
Bengaluru (Bangalore),BMTC,21663,Arehalli Cross,66,22
Bengaluru (Bangalore),BMTC,29570,Arenur,2,1
Bengaluru (Bangalore),BMTC,35433,Arenur,3,1
Bengaluru (Bangalore),BMTC,21664,Arishinakunte,613,100
Bengaluru (Bangalore),BMTC,29571,Arishinakunte,643,105
Bengaluru (Bangalore),BMTC,35680,Arishinakunte,34,2
Bengaluru (Bangalore),BMTC,35679,Arishinakunte,38,3
Bengaluru (Bangalore),BMTC,38573,Arishinakunte  Toll,80,5
Bengaluru (Bangalore),BMTC,40529,Arishinakunte Toll (Vajra),29,1
Bengaluru (Bangalore),BMTC,29572,Arivesandra,16,5
Bengaluru (Bangalore),BMTC,35677,Arivesandra,10,3
Bengaluru (Bangalore),BMTC,39661,Arjun bettahalli,12,1
Bengaluru (Bangalore),BMTC,36501,Army Public School Kamaraja Road,23,11
Bengaluru (Bangalore),BMTC,29574,Arogya Dhama,1,1
Bengaluru (Bangalore),BMTC,35675,Arogya Dhama,1,1
Bengaluru (Bangalore),BMTC,29576,Art Of Living Ravishankar Ashram,301,80
Bengaluru (Bangalore),BMTC,35673,Art Of Living Ravishankar Ashram,283,73
Bengaluru (Bangalore),BMTC,29575,Art of Living (Kanakapura Road),281,72
Bengaluru (Bangalore),BMTC,35674,Art of Living (Kanakapura Road),297,78
Bengaluru (Bangalore),BMTC,39585,Art of Living Sri Ravishankar Ashram,33,2
Bengaluru (Bangalore),BMTC,39626,Asha Nandagokula Badavane,14,9
Bengaluru (Bangalore),BMTC,39627,Asha Nandagokula Badavane,14,8
Bengaluru (Bangalore),BMTC,21457,Ashoka Pillar,207,31
Bengaluru (Bangalore),BMTC,21458,Ashoka Pillar,344,39
Bengaluru (Bangalore),BMTC,23759,Ashoka Pillar,137,12
Bengaluru (Bangalore),BMTC,38758,Ashoka Polytechnic,6,2
Bengaluru (Bangalore),BMTC,38759,Ashoka Polytechnic,6,1
Bengaluru (Bangalore),BMTC,29578,Ashokanagara,4,1
Bengaluru (Bangalore),BMTC,23193,Ashraya Badavane,10,2
Bengaluru (Bangalore),BMTC,21666,Ashwath Nagara,571,59
Bengaluru (Bangalore),BMTC,21667,Ashwath Nagara,556,58
Bengaluru (Bangalore),BMTC,21668,Ashwath Nagara Cross,19,5
Bengaluru (Bangalore),BMTC,21669,Ashwath Nagara Cross,23,10
Bengaluru (Bangalore),BMTC,29580,Ashwathkatte Kodihalli,5,3
Bengaluru (Bangalore),BMTC,35670,Ashwathkatte Kodihalli,9,5
Bengaluru (Bangalore),BMTC,23196,Ashwathkatte Manorayanapalya,6,2
Bengaluru (Bangalore),BMTC,23347,Ashwathkatte Manorayanapalya,51,6
Bengaluru (Bangalore),BMTC,20610,Ashwathnagara,5,2
Bengaluru (Bangalore),BMTC,23198,Ashwathnagara,1,1
Bengaluru (Bangalore),BMTC,36066,Asian Paints Dabaspet,16,1
Bengaluru (Bangalore),BMTC,36556,Aspire bee School,6,3
Bengaluru (Bangalore),BMTC,23201,Athimagere Gate,4,1
Bengaluru (Bangalore),BMTC,29585,Attibele,46,18
Bengaluru (Bangalore),BMTC,21670,Attibele Bus Stand,626,24
Bengaluru (Bangalore),BMTC,21671,Attibele Bus Stand,96,25
Bengaluru (Bangalore),BMTC,21672,Attibele Bus Stand,171,27
Bengaluru (Bangalore),BMTC,21673,Attibele Bus Stand,666,27
Bengaluru (Bangalore),BMTC,31853,Attibele Bus Stand,75,17
Bengaluru (Bangalore),BMTC,29586,Attibele Sulibele,68,6
Bengaluru (Bangalore),BMTC,35665,Attibele Sulibele,68,5
Bengaluru (Bangalore),BMTC,20613,Attiguppe,880,79
Bengaluru (Bangalore),BMTC,21674,Attiguppe,1,1
Bengaluru (Bangalore),BMTC,23208,Attiguppe,5,2
Bengaluru (Bangalore),BMTC,35427,Attiguppe,900,84
Bengaluru (Bangalore),BMTC,39950,Attiguppe Cross,16,2
Bengaluru (Bangalore),BMTC,39951,Attiguppe Cross,12,2
Bengaluru (Bangalore),BMTC,39679,Attiguppe Metro Station,953,86
Bengaluru (Bangalore),BMTC,29587,Attivatta,3,2
Bengaluru (Bangalore),BMTC,31854,Attivatta Gate,21,7
Bengaluru (Bangalore),BMTC,35663,Attivatta Gate,20,6
Bengaluru (Bangalore),BMTC,23211,Atturu,14,4
Bengaluru (Bangalore),BMTC,23214,Atturu,14,5
Bengaluru (Bangalore),BMTC,23212,Atturu,17,4
Bengaluru (Bangalore),BMTC,23213,Atturu,17,5
Bengaluru (Bangalore),BMTC,21675,Atturu Layout,638,41
Bengaluru (Bangalore),BMTC,21676,Atturu Layout,641,43
Bengaluru (Bangalore),BMTC,38903,Atturu Layout,2,2
Bengaluru (Bangalore),BMTC,38904,Atturu Layout,1,1
Bengaluru (Bangalore),BMTC,29590,Atturu Layout Vegetable Market,20,7
Bengaluru (Bangalore),BMTC,35662,Atturu Layout Vegetable Market,20,6
Bengaluru (Bangalore),BMTC,21677,Austin Town,82,8
Bengaluru (Bangalore),BMTC,23672,Austin Town,281,24
Bengaluru (Bangalore),BMTC,29591,Austin Town,197,14
Bengaluru (Bangalore),BMTC,28061,Auto Gas/Royal School,268,17
Bengaluru (Bangalore),BMTC,23216,Avadadenahalli Gate,252,28
Bengaluru (Bangalore),BMTC,23840,Avadadenahalli Gate,216,22
Bengaluru (Bangalore),BMTC,23217,Avalahalli,305,62
Bengaluru (Bangalore),BMTC,23220,Avalahalli,333,71
Bengaluru (Bangalore),BMTC,21679,Avalahalli,197,31
Bengaluru (Bangalore),BMTC,21682,Avalahalli,194,31
Bengaluru (Bangalore),BMTC,21684,Avalahalli BDA Layout,19,1
Bengaluru (Bangalore),BMTC,29592,Avalahalli BDA Layout,16,7
Bengaluru (Bangalore),BMTC,35661,Avalahalli BDA Layout,18,8
Bengaluru (Bangalore),BMTC,21685,Avalahalli BDA Park Girinagara,9,2
Bengaluru (Bangalore),BMTC,21686,Avalahalli BDA Park Girinagara,78,5
Bengaluru (Bangalore),BMTC,35660,Avalahalli Electronic City,1,1
Bengaluru (Bangalore),BMTC,21680,Avalahalli Hosakote,469,101
Bengaluru (Bangalore),BMTC,23219,Avalahalli Hosakote,477,97
Bengaluru (Bangalore),BMTC,23221,Avalahalli Hosakote,31,11
Bengaluru (Bangalore),BMTC,29594,Avalahalli New BDA Layout,9,2
Bengaluru (Bangalore),BMTC,35659,Avalahalli New BDA Layout,10,3
Bengaluru (Bangalore),BMTC,40532,Avalahalli Park,305,60
Bengaluru (Bangalore),BMTC,40533,Avalahalli Park,342,75
Bengaluru (Bangalore),BMTC,39402,Avalakuppe,2,1
Bengaluru (Bangalore),BMTC,39401,Avalakuppe,2,1
Bengaluru (Bangalore),BMTC,29596,Avalakuppe Cross,4,3
Bengaluru (Bangalore),BMTC,35657,Avalakuppe Cross,4,3
Bengaluru (Bangalore),BMTC,29598,Avaragere,4,3
Bengaluru (Bangalore),BMTC,35655,Avaragere,4,3
Bengaluru (Bangalore),BMTC,29599,Avaragere Cross,13,8
Bengaluru (Bangalore),BMTC,35654,Avaragere Cross,12,6
Bengaluru (Bangalore),BMTC,35653,Avarehalli,2,1
Bengaluru (Bangalore),BMTC,29601,Avasarala Factory Kanakapura Road,6,4
Bengaluru (Bangalore),BMTC,35652,Avasarala Factory Kanakapura Road,7,4
Bengaluru (Bangalore),BMTC,29602,Avathi,64,4
Bengaluru (Bangalore),BMTC,35651,Avathi,60,4
Bengaluru (Bangalore),BMTC,37671,Avathi,2,2
Bengaluru (Bangalore),BMTC,37672,Avathi,1,1
Bengaluru (Bangalore),BMTC,29603,Averahalli,5,1
Bengaluru (Bangalore),BMTC,35650,Averahalli,6,2
Bengaluru (Bangalore),BMTC,29606,Averahalli Cross,13,5
Bengaluru (Bangalore),BMTC,31856,Averahalli Cross,10,3
Bengaluru (Bangalore),BMTC,31855,Averahalli Cross,25,7
Bengaluru (Bangalore),BMTC,35649,Averahalli Cross,27,8
Bengaluru (Bangalore),BMTC,23235,Avinash Petrol Bunk,240,22
Bengaluru (Bangalore),BMTC,23238,Ayyappa Nagara  Sadaramangala,17,7
Bengaluru (Bangalore),BMTC,35070,Ayyappa Nagara Muneshwara Temple Sadaramangala,15,6
Bengaluru (Bangalore),BMTC,35307,Ayyappa Nagara Muneshwara Temple Sadaramangala,19,5
Bengaluru (Bangalore),BMTC,24258,Ayyappa Nagara Sadaramangala,17,5
Bengaluru (Bangalore),BMTC,23240,Ayyappa School Kereguddadahalli,4,1
Bengaluru (Bangalore),BMTC,29659,Ayyappa Temple (Subbayyanapalya),298,28
Bengaluru (Bangalore),BMTC,36254,Ayyappa Temple (Subbayyanapalya),394,41
Bengaluru (Bangalore),BMTC,21688,Ayyappa Temple Jalahalli Cross,417,37
Bengaluru (Bangalore),BMTC,21689,Ayyappa Temple Jalahalli Cross,337,36
Bengaluru (Bangalore),BMTC,35646,Ayyappaswamy Temple Madivala,754,93
Bengaluru (Bangalore),BMTC,29612,Aziz Palya,3,1
Bengaluru (Bangalore),BMTC,35645,Aziz Palya,3,1
Bengaluru (Bangalore),BMTC,23246,B Channasandra,22,9
Bengaluru (Bangalore),BMTC,23247,B Channasandra,5,1
Bengaluru (Bangalore),BMTC,23248,B Channasandra,23,6
Bengaluru (Bangalore),BMTC,20614,B Channasandra Bridge(Ramamurthy Nagara Ring Road),921,88
Bengaluru (Bangalore),BMTC,21459,B Channasandra Bridge(Ramamurthy Nagara Ring Road),182,10
Bengaluru (Bangalore),BMTC,21692,B Channasandra Bridge(Ramamurthy Nagara Ring Road),228,12
Bengaluru (Bangalore),BMTC,21694,B Channasandra Bridge(Ramamurthy Nagara Ring Road),90,8
Bengaluru (Bangalore),BMTC,21695,B Channasandra Bridge(Ramamurthy Nagara Ring Road),446,28
Bengaluru (Bangalore),BMTC,22651,B Channasandra Bridge(Ramamurthy Nagara Ring Road),907,92
Bengaluru (Bangalore),BMTC,37623,B Channasandra Bridge(Ramamurthy Nagara Ring Road),22,9
Bengaluru (Bangalore),BMTC,29613,B Hosur Circle,2,2
Bengaluru (Bangalore),BMTC,35644,B Hosur Circle,2,2
Bengaluru (Bangalore),BMTC,29614,B Hosur Water Tank,1,1
Bengaluru (Bangalore),BMTC,39628,B K Nagara Cross,70,9
Bengaluru (Bangalore),BMTC,39629,B K Nagara Cross,36,10
Bengaluru (Bangalore),BMTC,29615,B Marenahalli,35,3
Bengaluru (Bangalore),BMTC,35642,B Marenahalli,35,3
Bengaluru (Bangalore),BMTC,37948,B Marenahalli,6,4
Bengaluru (Bangalore),BMTC,39206,B Marenahalli,7,4
Bengaluru (Bangalore),BMTC,29616,B Nagasandra,4,1
Bengaluru (Bangalore),BMTC,35641,B Nagasandra,3,1
Bengaluru (Bangalore),BMTC,21696,B Narayanapura,322,104
Bengaluru (Bangalore),BMTC,21697,B Narayanapura,289,91
Bengaluru (Bangalore),BMTC,20615,B Narayanapura Ring Road,927,73
Bengaluru (Bangalore),BMTC,20616,B Narayanapura Ring Road,921,78
Bengaluru (Bangalore),BMTC,29617,B Palya Razakapalya,3,2
Bengaluru (Bangalore),BMTC,35640,B Palya Razakapalya,3,2
Bengaluru (Bangalore),BMTC,31927,BCC Layout,14,4
Bengaluru (Bangalore),BMTC,29805,BCC Layout Cross,11,4
Bengaluru (Bangalore),BMTC,40440,BCC Layout Cross,801,69
Bengaluru (Bangalore),BMTC,29807,BCMC Layout Raghuvanahalli,4,3
Bengaluru (Bangalore),BMTC,31928,BCMC Layout Raghuvanahalli,3,3
Bengaluru (Bangalore),BMTC,23373,BDA Complex Banashankari 2nd Stage,16,4
Bengaluru (Bangalore),BMTC,24341,BDA Complex Banashankari 2nd Stage,16,4
Bengaluru (Bangalore),BMTC,29809,BDA Complex Cross Nagarabhavi,436,28
Bengaluru (Bangalore),BMTC,31929,BDA Complex Cross Nagarabhavi,267,25
Bengaluru (Bangalore),BMTC,29811,BDA Complex HBR Layout,2,2
Bengaluru (Bangalore),BMTC,31930,BDA Complex HBR Layout,2,2
Bengaluru (Bangalore),BMTC,23716,BDA Complex HSR Layout,72,9
Bengaluru (Bangalore),BMTC,23925,BDA Complex HSR Layout,52,9
Bengaluru (Bangalore),BMTC,21730,BDA Complex Koramangala,320,36
Bengaluru (Bangalore),BMTC,21731,BDA Complex Koramangala,360,36
Bengaluru (Bangalore),BMTC,29813,BDA Complex Nagarabhavi,1,1
Bengaluru (Bangalore),BMTC,35397,BDA Complex Nagarabhavi,596,37
Bengaluru (Bangalore),BMTC,35404,BDA Complex Nagarabhavi,574,38
Bengaluru (Bangalore),BMTC,31932,BDA Park Bande Maramma Temple,6,3
Bengaluru (Bangalore),BMTC,29820,BDS Nagara,13,4
Bengaluru (Bangalore),BMTC,31934,BDS Nagara,14,5
Bengaluru (Bangalore),BMTC,20636,BEL Circle,609,83
Bengaluru (Bangalore),BMTC,20637,BEL Circle,1453,162
Bengaluru (Bangalore),BMTC,21463,BEL Circle,105,10
Bengaluru (Bangalore),BMTC,21464,BEL Circle,411,39
Bengaluru (Bangalore),BMTC,21734,BEL Circle,440,43
Bengaluru (Bangalore),BMTC,29841,BEL Circle,141,16
Bengaluru (Bangalore),BMTC,21735,BEL Factory,39,18
Bengaluru (Bangalore),BMTC,21736,BEL Hospital,407,27
Bengaluru (Bangalore),BMTC,21737,BEL Hospital,419,28
Bengaluru (Bangalore),BMTC,29843,BEL Layout Dasanapura,1,1
Bengaluru (Bangalore),BMTC,31946,BEL Layout Dasanapura,7,3
Bengaluru (Bangalore),BMTC,31947,BEL Market,480,63
Bengaluru (Bangalore),BMTC,35683,BEL Market 1,408,68
Bengaluru (Bangalore),BMTC,29870,BEML Complex,263,19
Bengaluru (Bangalore),BMTC,31960,BEML Complex,274,28
Bengaluru (Bangalore),BMTC,36497,BEML Factory,18,13
Bengaluru (Bangalore),BMTC,21743,BEML Gate,112,31
Bengaluru (Bangalore),BMTC,24153,BEML Gate,176,35
Bengaluru (Bangalore),BMTC,35925,BEML Layout 5th Stage,49,8
Bengaluru (Bangalore),BMTC,39073,BEML Layout 5th Stage,26,4
Bengaluru (Bangalore),BMTC,29871,BEML Layout 5th stage,804,48
Bengaluru (Bangalore),BMTC,20640,BEML Layout Gate,574,25
Bengaluru (Bangalore),BMTC,20641,BEML Layout Gate,593,24
Bengaluru (Bangalore),BMTC,24062,BEML Layout Kamalanagara,139,9
Bengaluru (Bangalore),BMTC,38830,BEML Layout Mylasandra 7th Stage,12,2
Bengaluru (Bangalore),BMTC,38831,BEML Layout Mylasandra 7th Stage,13,2
Bengaluru (Bangalore),BMTC,38001,BGS College /SJCIT Chikkaballapura( SJC Institute),41,1
Bengaluru (Bangalore),BMTC,29953,BGS College Gate Devagere,28,7
Bengaluru (Bangalore),BMTC,32007,BGS College Gate Devagere,29,8
Bengaluru (Bangalore),BMTC,38000,BGS College/SJCIT Chikkaballapura( SJC Institute),79,2
Bengaluru (Bangalore),BMTC,29956,BGS Health City,2,1
Bengaluru (Bangalore),BMTC,21753,BGS Health City Gate Abhiman Studio,491,15
Bengaluru (Bangalore),BMTC,21754,BGS Health City Gate Abhiman Studio,463,16
Bengaluru (Bangalore),BMTC,32009,BGS International Residential School,2,2
Bengaluru (Bangalore),BMTC,20658,BGS PU College Thotagere,40,18
Bengaluru (Bangalore),BMTC,29959,BGS PU College Thotagere,40,17
Bengaluru (Bangalore),BMTC,29961,BGS School Banandur,5,5
Bengaluru (Bangalore),BMTC,32010,BGS School Banandur,6,5
Bengaluru (Bangalore),BMTC,20662,BHEL,476,58
Bengaluru (Bangalore),BMTC,20663,BHEL,282,29
Bengaluru (Bangalore),BMTC,23997,BHEL,202,32
Bengaluru (Bangalore),BMTC,20661,BHEL,1355,235
Bengaluru (Bangalore),BMTC,20664,BHEL,1339,202
Bengaluru (Bangalore),BMTC,32037,BHEL Layout,24,5
Bengaluru (Bangalore),BMTC,30018,BHEL Layout Cross,14,5
Bengaluru (Bangalore),BMTC,32038,BHEL Layout Cross,12,3
Bengaluru (Bangalore),BMTC,32039,BHEL Layout Cross,10,4
Bengaluru (Bangalore),BMTC,32040,BHEL Layout Maramma Temple,13,3
Bengaluru (Bangalore),BMTC,30022,BHEL Layout Water Tank,12,4
Bengaluru (Bangalore),BMTC,32041,BHEL Layout Water Tank,4,2
Bengaluru (Bangalore),BMTC,38881,BHOGA NANDISWARA TEMPLE,3,3
Bengaluru (Bangalore),BMTC,32073,BIES Kuduregere,45,4
Bengaluru (Bangalore),BMTC,30131,BK Circle,216,17
Bengaluru (Bangalore),BMTC,32100,BK Circle,45,20
Bengaluru (Bangalore),BMTC,35060,BK Circle,227,23
Bengaluru (Bangalore),BMTC,30136,BME-1 NICE Road,7,4
Bengaluru (Bangalore),BMTC,32101,BME-1 NICE Road,7,4
Bengaluru (Bangalore),BMTC,30138,BME-2 NICE Road,7,4
Bengaluru (Bangalore),BMTC,32102,BME-2 NICE Road,7,4
Bengaluru (Bangalore),BMTC,30147,BMTC Training Centre,35,10
Bengaluru (Bangalore),BMTC,32105,BMTC Training Centre,44,11
Bengaluru (Bangalore),BMTC,30148,BN Bachegowda Badavane,4,1
Bengaluru (Bangalore),BMTC,30150,BN Bachegowda Badavane Colony,5,4
Bengaluru (Bangalore),BMTC,32106,BN Bachegowda Badavane Colony,21,15
Bengaluru (Bangalore),BMTC,38508,BOB Colony,88,3
Bengaluru (Bangalore),BMTC,30189,BP Indian School Nelamangala,17,13
Bengaluru (Bangalore),BMTC,32126,BP Indian School Nelamangala,14,13
Bengaluru (Bangalore),BMTC,35109,BPL,769,98
Bengaluru (Bangalore),BMTC,35232,BPL,791,106
Bengaluru (Bangalore),BMTC,20680,BPL,785,123
Bengaluru (Bangalore),BMTC,20681,BPL,781,118
Bengaluru (Bangalore),BMTC,37197,BPL,50,4
Bengaluru (Bangalore),BMTC,40644,BRDM,2,1
Bengaluru (Bangalore),BMTC,21785,BRV Talkies Cubbon Road,166,27
Bengaluru (Bangalore),BMTC,30209,BRV Talkies Cubbon Road,297,42
Bengaluru (Bangalore),BMTC,30211,BSF Yelahanka,3,3
Bengaluru (Bangalore),BMTC,32135,BSF Yelahanka,1,1
Bengaluru (Bangalore),BMTC,21786,BTL College,856,110
Bengaluru (Bangalore),BMTC,21787,BTL College,918,122
Bengaluru (Bangalore),BMTC,39774,BTM 4th Stage Circle,32,2
Bengaluru (Bangalore),BMTC,39775,BTM 4th Stage Circle,32,2
Bengaluru (Bangalore),BMTC,22869,BTM Layout 12th Main 7th Cross,14,6
Bengaluru (Bangalore),BMTC,22873,BTM Layout 12th Main 7th Cross,11,4
Bengaluru (Bangalore),BMTC,20571,BTM Layout 16th Main,989,78
Bengaluru (Bangalore),BMTC,20572,BTM Layout 16th Main,966,71
Bengaluru (Bangalore),BMTC,31345,BTM Layout 16th Main,14,6
Bengaluru (Bangalore),BMTC,22881,BTM Layout 16th Main Hopcoms,7,2
Bengaluru (Bangalore),BMTC,22884,BTM Layout 16th Main Hopcoms,8,2
Bengaluru (Bangalore),BMTC,39479,BTM Layout 4th Phase (ELC RTO Office),7,1
Bengaluru (Bangalore),BMTC,39766,BTM Layout 4th Phase (ELC RTO Office),32,2
Bengaluru (Bangalore),BMTC,39767,BTM Layout 4th Phase (ELC RTO Office),32,2
Bengaluru (Bangalore),BMTC,39701,BTM Layout 4th Stage Stadium,19,2
Bengaluru (Bangalore),BMTC,20688,BTM Layout Water Tank,988,78
Bengaluru (Bangalore),BMTC,20689,BTM Layout Water Tank,984,78
Bengaluru (Bangalore),BMTC,23327,BTR Garden,54,11
Bengaluru (Bangalore),BMTC,23329,BTR Garden,56,10
Bengaluru (Bangalore),BMTC,23989,BTS Layout Basaveshwaranagara,22,3
Bengaluru (Bangalore),BMTC,24291,BTS Layout Basaveshwaranagara,22,3
Bengaluru (Bangalore),BMTC,20646,BUC ADM Block,413,31
Bengaluru (Bangalore),BMTC,35428,BUC ADM Block,413,30
Bengaluru (Bangalore),BMTC,20650,BUC Ladies Hostel,413,30
Bengaluru (Bangalore),BMTC,20651,BUC Ladies Hostel,413,31
Bengaluru (Bangalore),BMTC,20652,BUC Library,413,31
Bengaluru (Bangalore),BMTC,24363,BUC Library,413,30
Bengaluru (Bangalore),BMTC,20655,BUC Quarters,212,18
Bengaluru (Bangalore),BMTC,20690,BWSSB Quarters Nayandahalli,1169,188
Bengaluru (Bangalore),BMTC,20691,BWSSB Quarters Nayandahalli,1185,216
Bengaluru (Bangalore),BMTC,39366,BWSSB Quaters Harohalli,37,6
Bengaluru (Bangalore),BMTC,39367,BWSSB Quaters Harohalli,37,6
Bengaluru (Bangalore),BMTC,30241,BWSSB Tavarekere,100,18
Bengaluru (Bangalore),BMTC,32150,BWSSB Tavarekere,100,17
Bengaluru (Bangalore),BMTC,27826,Babasabarapalya Railway Bridge,5,3
Bengaluru (Bangalore),BMTC,31403,Babasabarapalya Railway Bridge,4,3
Bengaluru (Bangalore),BMTC,29619,Babasahebarapalya,4,3
Bengaluru (Bangalore),BMTC,20617,Babusabpalya,1099,109
Bengaluru (Bangalore),BMTC,20618,Babusabpalya,1065,101
Bengaluru (Bangalore),BMTC,37934,Babusabpalya,59,7
Bengaluru (Bangalore),BMTC,29620,Bachahalli Gate,238,35
Bengaluru (Bangalore),BMTC,35638,Bachahalli Gate,240,36
Bengaluru (Bangalore),BMTC,38757,Bachahalli Government School,2,1
Bengaluru (Bangalore),BMTC,29622,Bachenahatti,82,13
Bengaluru (Bangalore),BMTC,35636,Bachenahatti,92,13
Bengaluru (Bangalore),BMTC,29623,Badekatte,3,1
Bengaluru (Bangalore),BMTC,35635,Badekatte,6,2
Bengaluru (Bangalore),BMTC,39699,Badesab Doddi RV PU College,1,1
Bengaluru (Bangalore),BMTC,23263,Badrapura,2,1
Bengaluru (Bangalore),BMTC,20619,Bagalagunte,816,121
Bengaluru (Bangalore),BMTC,20620,Bagalagunte,835,114
Bengaluru (Bangalore),BMTC,21698,Bagalur,44,10
Bengaluru (Bangalore),BMTC,21699,Bagalur,397,86
Bengaluru (Bangalore),BMTC,23267,Bagalur,388,90
Bengaluru (Bangalore),BMTC,29624,Bagalur Colony,113,46
Bengaluru (Bangalore),BMTC,35634,Bagalur Colony,120,50
Bengaluru (Bangalore),BMTC,29626,Bagalur Cross,427,93
Bengaluru (Bangalore),BMTC,31858,Bagalur Cross,193,37
Bengaluru (Bangalore),BMTC,35633,Bagalur Cross,429,91
Bengaluru (Bangalore),BMTC,38375,Bagalur Cross,195,41
Bengaluru (Bangalore),BMTC,39919,Bagalur Sante/ CMR University Cross,227,43
Bengaluru (Bangalore),BMTC,39920,Bagalur Sante/ CMR University Cross,229,39
Bengaluru (Bangalore),BMTC,31859,Bagalur Santhe Circle,409,89
Bengaluru (Bangalore),BMTC,21700,Bagalur Santhe‌ Circle,400,86
Bengaluru (Bangalore),BMTC,38653,Bagluru Old police Station,170,40
Bengaluru (Bangalore),BMTC,38654,Bagluru Old police Station,188,49
Bengaluru (Bangalore),BMTC,21701,Bagmane Tech Park,28,5
Bengaluru (Bangalore),BMTC,21702,Bagmane Tech Park,39,6
Bengaluru (Bangalore),BMTC,23272,Baguru,31,12
Bengaluru (Bangalore),BMTC,23403,Baguru,27,9
Bengaluru (Bangalore),BMTC,23273,Baguru Colony,29,11
Bengaluru (Bangalore),BMTC,23404,Baguru Colony,25,8
Bengaluru (Bangalore),BMTC,39441,Bakery 1st Main Road,5,1
Bengaluru (Bangalore),BMTC,39442,Bakery 1st Main Road,6,1
Bengaluru (Bangalore),BMTC,29631,Baladimmanahalli,39,6
Bengaluru (Bangalore),BMTC,35631,Baladimmanahalli,40,6
Bengaluru (Bangalore),BMTC,35629,Balageranahalli Cross,14,4
Bengaluru (Bangalore),BMTC,29634,Balagere,17,4
Bengaluru (Bangalore),BMTC,35628,Balagere,11,3
Bengaluru (Bangalore),BMTC,29635,Balaji Apartment HSR Layout,30,4
Bengaluru (Bangalore),BMTC,35627,Balaji Apartment HSR Layout,26,2
Bengaluru (Bangalore),BMTC,38389,Balaji Badavane Sulikere,52,7
Bengaluru (Bangalore),BMTC,38390,Balaji Badavane Sulikere,51,5
Bengaluru (Bangalore),BMTC,29636,Balaji Layout,5,2
Bengaluru (Bangalore),BMTC,35626,Balaji Layout,5,1
Bengaluru (Bangalore),BMTC,35625,Balaji Layout 100ft Road,1,1
Bengaluru (Bangalore),BMTC,40403,Balaji Nagara Cross,44,3
Bengaluru (Bangalore),BMTC,40404,Balaji Nagara Cross,43,3
Bengaluru (Bangalore),BMTC,29638,Balaji Theatre Magadi,2,1
Bengaluru (Bangalore),BMTC,35624,Balaji Theatre Magadi,1,1
Bengaluru (Bangalore),BMTC,23283,Balavikas International School,6,1
Bengaluru (Bangalore),BMTC,23284,Balavikas School Cross Gidadakonenahalli,73,3
Bengaluru (Bangalore),BMTC,40638,Balavikas School Cross Gidadakonenahalli,66,2
Bengaluru (Bangalore),BMTC,29639,Balekatte,2,2
Bengaluru (Bangalore),BMTC,35623,Balekatte,1,1
Bengaluru (Bangalore),BMTC,23289,Balenahalli,2,2
Bengaluru (Bangalore),BMTC,23290,Balenahalli,1,1
Bengaluru (Bangalore),BMTC,29641,Balepura,1,1
Bengaluru (Bangalore),BMTC,35621,Balepura,11,3
Bengaluru (Bangalore),BMTC,21703,Balepura Gate,6,2
Bengaluru (Bangalore),BMTC,29643,Balepura Gate,33,1
Bengaluru (Bangalore),BMTC,31860,Balepura Gate,58,5
Bengaluru (Bangalore),BMTC,38992,Balepura Gate,22,1
Bengaluru (Bangalore),BMTC,29644,Baleveeranahalli,3,1
Bengaluru (Bangalore),BMTC,35620,Baleveeranahalli,3,1
Bengaluru (Bangalore),BMTC,35619,Balluru,3,2
Bengaluru (Bangalore),BMTC,29646,Balluru Cross,3,2
Bengaluru (Bangalore),BMTC,35618,Balluru Cross,2,2
Bengaluru (Bangalore),BMTC,29648,Baluvanahalli Cross,7,3
Bengaluru (Bangalore),BMTC,39386,Baluvanahalli Cross,7,4
Bengaluru (Bangalore),BMTC,21704,Bamboo Bazar,1330,177
Bengaluru (Bangalore),BMTC,21706,Bamboo Bazar,1325,182
Bengaluru (Bangalore),BMTC,29651,Banahalli,21,1
Bengaluru (Bangalore),BMTC,35612,Banahalli,21,1
Bengaluru (Bangalore),BMTC,29656,Banandur Circle,5,5
Bengaluru (Bangalore),BMTC,31861,Banandur Circle,6,5
Bengaluru (Bangalore),BMTC,29654,Bananduru,5,5
Bengaluru (Bangalore),BMTC,35609,Bananduru,6,5
Bengaluru (Bangalore),BMTC,29657,Banarahalli,8,4
Bengaluru (Bangalore),BMTC,22673,Banasawadi,226,13
Bengaluru (Bangalore),BMTC,36255,Banasawadi,225,13
Bengaluru (Bangalore),BMTC,37807,Banasawadi 100 Feet Road,41,8
Bengaluru (Bangalore),BMTC,37808,Banasawadi 100 Feet Road,43,8
Bengaluru (Bangalore),BMTC,29419,Banasawadi 80ft Road,34,8
Bengaluru (Bangalore),BMTC,35575,Banasawadi 80ft Road,29,5
Bengaluru (Bangalore),BMTC,21711,Banashankari,142,39
Bengaluru (Bangalore),BMTC,21709,Banashankari 1st Stage Muneshwara Block KEB,35,9
Bengaluru (Bangalore),BMTC,21710,Banashankari 1st Stage Muneshwara Block KEB,24,7
Bengaluru (Bangalore),BMTC,31865,Banashankari 3rd Stage 3rd Phase,20,5
Bengaluru (Bangalore),BMTC,31866,Banashankari 3rd Stage 3rd Phase,65,7
Bengaluru (Bangalore),BMTC,29670,Banashankari 5th Stage,3,1
Bengaluru (Bangalore),BMTC,39828,Banashankari 6th Phase 5th Block,49,4
Bengaluru (Bangalore),BMTC,39829,Banashankari 6th Phase 5th Block,49,4
Bengaluru (Bangalore),BMTC,20623_ST,Banashankari Bus Station,0,0
Bengaluru (Bangalore),BMTC,20623,Banashankari Bus Station,782,130
Bengaluru (Bangalore),BMTC,20624,Banashankari Bus Station,780,106
Bengaluru (Bangalore),BMTC,20623_PF1,Banashankari Bus Station - Platform 1,748,52
Bengaluru (Bangalore),BMTC,20623_PF2,Banashankari Bus Station - Platform 2,360,37
Bengaluru (Bangalore),BMTC,20623_PF5,Banashankari Bus Station - Platform 5,1146,19
Bengaluru (Bangalore),BMTC,20623_PF6,Banashankari Bus Station - Platform 6,376,12
Bengaluru (Bangalore),BMTC,20623_PF7,Banashankari Bus Station - Platform 7,864,33
Bengaluru (Bangalore),BMTC,20623_PF9,Banashankari Bus Station - Platform 9,501,7
Bengaluru (Bangalore),BMTC,21712,Banashankari Hunasemara,140,22
Bengaluru (Bangalore),BMTC,21713,Banashankari Hunasemara,145,23
Bengaluru (Bangalore),BMTC,22062,Banashankari Hunasemara,418,100
Bengaluru (Bangalore),BMTC,39904,Banashankari Layout,2,1
Bengaluru (Bangalore),BMTC,39905,Banashankari Layout,1,1
Bengaluru (Bangalore),BMTC,29673,Banashankari Post Office,63,7
Bengaluru (Bangalore),BMTC,31869,Banashankari Post Office,60,7
Bengaluru (Bangalore),BMTC,39586,Banashankari Temple,1,1
Bengaluru (Bangalore),BMTC,31862,Banaswadi Fire Station,27,4
Bengaluru (Bangalore),BMTC,29675,Banawadi,2,2
Bengaluru (Bangalore),BMTC,31870,Banawadi,2,2
Bengaluru (Bangalore),BMTC,20625,Bandaiahanapalya,5,5
Bengaluru (Bangalore),BMTC,29676,Bandaiahanapalya,16,8
Bengaluru (Bangalore),BMTC,29678,Bandapura,5,3
Bengaluru (Bangalore),BMTC,31871,Bandapura,5,3
Bengaluru (Bangalore),BMTC,21714,Bandapura Gate,449,96
Bengaluru (Bangalore),BMTC,21715,Bandapura Gate,477,97
Bengaluru (Bangalore),BMTC,29680,Bande Bommasandra,11,4
Bengaluru (Bangalore),BMTC,31872,Bande Bommasandra,5,3
Bengaluru (Bangalore),BMTC,29682,Bande Bommasandra Cross,23,10
Bengaluru (Bangalore),BMTC,31873,Bande Bommasandra Cross,9,5
Bengaluru (Bangalore),BMTC,29684,Bande Inorpalya,7,2
Bengaluru (Bangalore),BMTC,31874,Bande Inorpalya,7,2
Bengaluru (Bangalore),BMTC,29686,Bande Kodigehalli,22,9
Bengaluru (Bangalore),BMTC,38638,Bande Kodigehalli palya,2,2
Bengaluru (Bangalore),BMTC,38639,Bande Kodigehalli palya,3,3
Bengaluru (Bangalore),BMTC,29690,Bande Kodigehallipalya Cross,62,23
Bengaluru (Bangalore),BMTC,31876,Bande Kodigehallipalya Cross,66,25
Bengaluru (Bangalore),BMTC,29691,Bande Maramma Bus Station,38,8
Bengaluru (Bangalore),BMTC,31877,Bande Mutt Badavane Radiant Enclave,10,1
Bengaluru (Bangalore),BMTC,29696,Bande Mutt Gate Kengeri,185,21
Bengaluru (Bangalore),BMTC,31878,Bande Mutt Gate Kengeri,183,21
Bengaluru (Bangalore),BMTC,37784,Bande Mutt Kunchugal,1,1
Bengaluru (Bangalore),BMTC,29685,Bande kodigehalli,22,9
Bengaluru (Bangalore),BMTC,29699,Bandi Reddy Circle,3,3
Bengaluru (Bangalore),BMTC,31879,Bandi Reddy Circle,7,4
Bengaluru (Bangalore),BMTC,40001,Bangalore MysoreToll Plaza,47,4
Bengaluru (Bangalore),BMTC,40002,Bangalore MysoreToll Plaza,41,3
Bengaluru (Bangalore),BMTC,29703,Bangarappa Nagara,52,9
Bengaluru (Bangalore),BMTC,29705,Banglow Sulikere,74,9
Bengaluru (Bangalore),BMTC,31881,Banglow Sulikere,74,7
Bengaluru (Bangalore),BMTC,29707,Banjara Layout,6,3
Bengaluru (Bangalore),BMTC,31882,Banjara Layout,6,3
Bengaluru (Bangalore),BMTC,29709,Banjarapalya,9,4
Bengaluru (Bangalore),BMTC,31883,Banjarapalya,18,6
Bengaluru (Bangalore),BMTC,29713,Bank Circle Bashettyhalli,285,26
Bengaluru (Bangalore),BMTC,31885,Bank Circle Bashettyhalli,295,23
Bengaluru (Bangalore),BMTC,21716,Bank Colony,403,37
Bengaluru (Bangalore),BMTC,21717,Bank Colony,5,4
Bengaluru (Bangalore),BMTC,29716,Bannerughatta Circle,16,6
Bengaluru (Bangalore),BMTC,35140,Bannerughatta Circle,519,81
Bengaluru (Bangalore),BMTC,35145,Bannerughatta Circle,419,76
Bengaluru (Bangalore),BMTC,39211,Bannerughatta Circle,191,11
Bengaluru (Bangalore),BMTC,22757,Bannerughatta National Park,192,12
Bengaluru (Bangalore),BMTC,23785,Bannerughatta National Park,194,12
Bengaluru (Bangalore),BMTC,29718,Bannigiri,6,3
Bengaluru (Bangalore),BMTC,31887,Bannigiri,4,2
Bengaluru (Bangalore),BMTC,29720,Bannigiri Cross,5,4
Bengaluru (Bangalore),BMTC,31888,Bannigiri Cross,3,3
Bengaluru (Bangalore),BMTC,29722,Bannikuppe,7,4
Bengaluru (Bangalore),BMTC,31889,Bannikuppe,8,6
Bengaluru (Bangalore),BMTC,40547,Bannikuppe Circle H.I.A Harohalli Ind.Area,40,2
Bengaluru (Bangalore),BMTC,31890,Bannimangala,1,1
Bengaluru (Bangalore),BMTC,29726,Bapuji Layout Saraswathi Nagara,6,1
Bengaluru (Bangalore),BMTC,20626,Bapujinagara,1427,244
Bengaluru (Bangalore),BMTC,29728,Baradi,1,1
Bengaluru (Bangalore),BMTC,31892,Baradi,1,1
Bengaluru (Bangalore),BMTC,29730,Baraguru,2,1
Bengaluru (Bangalore),BMTC,31893,Baraguru,1,1
Bengaluru (Bangalore),BMTC,29733,Basammanahalli,6,2
Bengaluru (Bangalore),BMTC,29735,Basammanahalli Cross,17,8
Bengaluru (Bangalore),BMTC,31895,Basammanahalli Cross,19,8
Bengaluru (Bangalore),BMTC,21718,Basappa Circle,597,123
Bengaluru (Bangalore),BMTC,29736,Basappa Circle,11,4
Bengaluru (Bangalore),BMTC,35139,Basappa Circle,558,131
Bengaluru (Bangalore),BMTC,29738,Basappa Layout Mattahalli,30,7
Bengaluru (Bangalore),BMTC,31896,Basappa Layout Mattahalli,21,10
Bengaluru (Bangalore),BMTC,29740,Basappanapalya,2,2
Bengaluru (Bangalore),BMTC,31897,Basappanapalya,1,1
Bengaluru (Bangalore),BMTC,29742,Basappanapalya Cross,26,6
Bengaluru (Bangalore),BMTC,31898,Basappanapalya Cross,25,7
Bengaluru (Bangalore),BMTC,29744,Basapura Electronic City,1,1
Bengaluru (Bangalore),BMTC,31899,Basapura Electronic City,1,1
Bengaluru (Bangalore),BMTC,29745,Basava Gangotri Samste,2,2
Bengaluru (Bangalore),BMTC,21719,Basavanagara,56,9
Bengaluru (Bangalore),BMTC,21720,Basavanagara,50,6
Bengaluru (Bangalore),BMTC,21721,Basavanagudi Police Station,868,132
Bengaluru (Bangalore),BMTC,21722,Basavanagudi Police Station,455,43
Bengaluru (Bangalore),BMTC,29748,Basavanahalli,90,25
Bengaluru (Bangalore),BMTC,31900,Basavanahalli,91,33
Bengaluru (Bangalore),BMTC,29751,Basavanahalli Cross,2,2
Bengaluru (Bangalore),BMTC,31901,Basavanahalli Cross,92,26
Bengaluru (Bangalore),BMTC,31902,Basavanahalli Cross,94,35
Bengaluru (Bangalore),BMTC,29753,Basavanapalya,39,8
Bengaluru (Bangalore),BMTC,31903,Basavanapalya,21,6
Bengaluru (Bangalore),BMTC,39948,Basavanapura,16,2
Bengaluru (Bangalore),BMTC,39949,Basavanapura,12,2
Bengaluru (Bangalore),BMTC,31904,Basavanapura,7,5
Bengaluru (Bangalore),BMTC,31909,Basavanapura,9,7
Bengaluru (Bangalore),BMTC,29760,Basavanapura,5,4
Bengaluru (Bangalore),BMTC,31906,Basavanapura,5,2
Bengaluru (Bangalore),BMTC,39012,Basavanapura,4,1
Bengaluru (Bangalore),BMTC,39013,Basavanapura,4,1
Bengaluru (Bangalore),BMTC,22752,Basavanapura Gate,850,109
Bengaluru (Bangalore),BMTC,22760,Basavanapura Gate,834,110
Bengaluru (Bangalore),BMTC,29763,Basavanna Devasthana CK Palya,202,17
Bengaluru (Bangalore),BMTC,35339,Basavanna Devasthana CK Palya,223,16
Bengaluru (Bangalore),BMTC,29766,Basavanna Temple Hoovinayakanahalli,66,25
Bengaluru (Bangalore),BMTC,31911,Basavanna Temple Hoovinayakanahalli,70,29
Bengaluru (Bangalore),BMTC,29768,Basavapatna,3,1
Bengaluru (Bangalore),BMTC,31912,Basavapatna,2,1
Bengaluru (Bangalore),BMTC,29770,Basavenahalli,4,4
Bengaluru (Bangalore),BMTC,31913,Basavenahalli,4,4
Bengaluru (Bangalore),BMTC,29773,Basavenahalli Colony,2,2
Bengaluru (Bangalore),BMTC,31914,Basavenahalli Colony,4,4
Bengaluru (Bangalore),BMTC,31915,Basavenahalli Colony,2,2
Bengaluru (Bangalore),BMTC,20629,Basaveshwara College,643,45
Bengaluru (Bangalore),BMTC,24194,Basaveshwara College,619,45
Bengaluru (Bangalore),BMTC,29776,Basaveshwaranagara 2nd Phase,9,6
Bengaluru (Bangalore),BMTC,29404,Basaveshwaranagara 3rd Stage,30,2
Bengaluru (Bangalore),BMTC,35589,Basaveshwaranagara 3rd Stage,27,1
Bengaluru (Bangalore),BMTC,29780,Basaveshwaranagara Banandur,4,4
Bengaluru (Bangalore),BMTC,31917,Basaveshwaranagara Banandur,6,5
Bengaluru (Bangalore),BMTC,24059,Basaveshwaranagara New Bus Stand,129,19
Bengaluru (Bangalore),BMTC,29783,Bashettihalli,273,26
Bengaluru (Bangalore),BMTC,31918,Bashettihalli,264,29
Bengaluru (Bangalore),BMTC,31919,Bashyam Circle,7,1
Bengaluru (Bangalore),BMTC,29786,Bashyam Circle,105,2
Bengaluru (Bangalore),BMTC,39296,Bashyam Circle,7,1
Bengaluru (Bangalore),BMTC,20631,Bashyam Circle Rajajinagara,252,20
Bengaluru (Bangalore),BMTC,20632,Bashyam Circle Rajajinagara,141,15
Bengaluru (Bangalore),BMTC,29788,Bashyam Circle Rajajinagara,636,44
Bengaluru (Bangalore),BMTC,31921,Bashyam Circle Rajajinagara,105,13
Bengaluru (Bangalore),BMTC,20633,Bashyam Circle Sadashivanagara,107,6
Bengaluru (Bangalore),BMTC,29789,Bashyam Circle Sadashivanagara,5,4
Bengaluru (Bangalore),BMTC,29791,Bashyam Nagara Okalipuram,2,1
Bengaluru (Bangalore),BMTC,37682,Bata Show Room banashankari,16,4
Bengaluru (Bangalore),BMTC,37683,Bata Show Room banashankari,16,4
Bengaluru (Bangalore),BMTC,29793,Bayalahalli Gate(Bande kodigehalli),32,13
Bengaluru (Bangalore),BMTC,31922,Bayalahalli Gate(Bande kodigehalli),34,14
Bengaluru (Bangalore),BMTC,29795,Bayalu Bandikhane,2,2
Bengaluru (Bangalore),BMTC,31923,Bayalu Bandikhane,1,1
Bengaluru (Bangalore),BMTC,21723,Bayyanapalya,340,91
Bengaluru (Bangalore),BMTC,21724,Bayyanapalya,358,100
Bengaluru (Bangalore),BMTC,29797,Bayyandahalli,89,21
Bengaluru (Bangalore),BMTC,31924,Bayyandahalli,81,18
Bengaluru (Bangalore),BMTC,29799,Bayyandahalli Colony,86,19
Bengaluru (Bangalore),BMTC,31925,Bayyandahalli Colony,80,17
Bengaluru (Bangalore),BMTC,29801,Bayyappanahalli,24,8
Bengaluru (Bangalore),BMTC,31926,Bayyappanahalli,26,10
Bengaluru (Bangalore),BMTC,21725,Bayyappanahalli Cross,152,12
Bengaluru (Bangalore),BMTC,21726,Bayyappanahalli Cross,151,10
Bengaluru (Bangalore),BMTC,21727,Bayyappanahalli Gate,21,6
Bengaluru (Bangalore),BMTC,21728,Bayyappanahalli Gate,21,5
Bengaluru (Bangalore),BMTC,20634,Bayyappanahalli Metro Station,497,172
Bengaluru (Bangalore),BMTC,20635,Bayyappanahalli Metro Station,450,173
Bengaluru (Bangalore),BMTC,36295,Bayyappanahalli Metro Station  Back Gate,36,6
Bengaluru (Bangalore),BMTC,29822,Beedi Karmikara Colony,18,6
Bengaluru (Bangalore),BMTC,31935,Beedi Karmikara Colony,15,4
Bengaluru (Bangalore),BMTC,29824,Beedi Karmikara Colony Gate,184,20
Bengaluru (Bangalore),BMTC,31936,Beedi Karmikara Colony Gate,182,20
Bengaluru (Bangalore),BMTC,29826,Beerahalli,1,1
Bengaluru (Bangalore),BMTC,31937,Beerahalli,1,1
Bengaluru (Bangalore),BMTC,31938,Beerasandra Chapradakallu,47,5
Bengaluru (Bangalore),BMTC,31939,Beerasandra Chapradakallu,46,5
Bengaluru (Bangalore),BMTC,36375,Beerawara,1,1
Bengaluru (Bangalore),BMTC,36376,Beerawara,2,2
Bengaluru (Bangalore),BMTC,29832,Beereshwara Nagara,1,1
Bengaluru (Bangalore),BMTC,31941,Beereshwara Nagara,1,1
Bengaluru (Bangalore),BMTC,24080,Begihalli,314,58
Bengaluru (Bangalore),BMTC,24230,Begihalli,313,61
Bengaluru (Bangalore),BMTC,29836,Beguru,106,20
Bengaluru (Bangalore),BMTC,31944,Beguru,87,24
Bengaluru (Bangalore),BMTC,37610,Beguru,32,2
Bengaluru (Bangalore),BMTC,31942,Beguru,7,3
Bengaluru (Bangalore),BMTC,39901,Beguru,2,2
Bengaluru (Bangalore),BMTC,35222,Beguru,187,26
Bengaluru (Bangalore),BMTC,36307,Beguru,166,24
Bengaluru (Bangalore),BMTC,23809,Beguru Canara Bank,195,28
Bengaluru (Bangalore),BMTC,23815,Beguru Canara Bank,173,27
Bengaluru (Bangalore),BMTC,24160,Beguru Lake,166,24
Bengaluru (Bangalore),BMTC,24166,Beguru Lake,188,26
Bengaluru (Bangalore),BMTC,29840,Bekary Chunchaghatta,10,4
Bengaluru (Bangalore),BMTC,31945,Bekary Chunchaghatta,10,4
Bengaluru (Bangalore),BMTC,29847,Belagumba,1,1
Bengaluru (Bangalore),BMTC,31948,Belagumba,2,1
Bengaluru (Bangalore),BMTC,37980,Belenus Hospital,3,2
Bengaluru (Bangalore),BMTC,37981,Belenus Hospital,4,3
Bengaluru (Bangalore),BMTC,29851,Bellahalli,56,12
Bengaluru (Bangalore),BMTC,31950,Bellahalli,68,13
Bengaluru (Bangalore),BMTC,21739,Bellahalli Cross,428,29
Bengaluru (Bangalore),BMTC,31951,Bellahalli Cross,104,13
Bengaluru (Bangalore),BMTC,31952,Bellahalli Cross,105,15
Bengaluru (Bangalore),BMTC,31953,Bellahalli Cross,13,7
Bengaluru (Bangalore),BMTC,21740,Bellahalli Cross THS Main Road,449,33
Bengaluru (Bangalore),BMTC,20639,Bellanduru City Light Appartment,1383,85
Bengaluru (Bangalore),BMTC,20638,Bellanduru City light Apartment,1345,85
Bengaluru (Bangalore),BMTC,23896,Bellanduru Gate SJP Road,415,66
Bengaluru (Bangalore),BMTC,23918,Bellanduru Gate SJP Road,443,65
Bengaluru (Bangalore),BMTC,21091,Bellanduru Petrol Bunk,1247,78
Bengaluru (Bangalore),BMTC,21092,Bellanduru Petrol Bunk,1234,79
Bengaluru (Bangalore),BMTC,21741,Bellathur,348,42
Bengaluru (Bangalore),BMTC,21742,Bellathur,229,36
Bengaluru (Bangalore),BMTC,29866,Bellikere,24,4
Bengaluru (Bangalore),BMTC,31958,Bellikere,19,3
Bengaluru (Bangalore),BMTC,29868,Bellikere Cross,38,5
Bengaluru (Bangalore),BMTC,31959,Bellikere Cross,9,1
Bengaluru (Bangalore),BMTC,39954,Benachakal Doddi Cross,16,2
Bengaluru (Bangalore),BMTC,39955,Benachakaldoddi Cross,12,2
Bengaluru (Bangalore),BMTC,31963,Bendiganahalli,4,2
Bengaluru (Bangalore),BMTC,31964,Bendiganahalli,4,2
Bengaluru (Bangalore),BMTC,29880,Bendiganahalli,26,2
Bengaluru (Bangalore),BMTC,31966,Bendiganahalli,25,2
Bengaluru (Bangalore),BMTC,31962,Bendiganahalli,2,1
Bengaluru (Bangalore),BMTC,31965,Bendiganahalli,2,1
Bengaluru (Bangalore),BMTC,29883,Bendiganahalli Cross,27,3
Bengaluru (Bangalore),BMTC,31967,Bendiganahalli Cross,1,1
Bengaluru (Bangalore),BMTC,31968,Bendiganahalli Cross,25,2
Bengaluru (Bangalore),BMTC,23376,Bengaluru Central Jail,99,18
Bengaluru (Bangalore),BMTC,23389,Bengaluru Central Jail,93,16
Bengaluru (Bangalore),BMTC,29886,Bengaluru Children Hospital,95,10
Bengaluru (Bangalore),BMTC,31969,Bengaluru Children Hospital,91,7
Bengaluru (Bangalore),BMTC,20642,Bengaluru Dairy Circle,947,168
Bengaluru (Bangalore),BMTC,20643,Bengaluru Dairy Circle,951,166
Bengaluru (Bangalore),BMTC,35057,Bengaluru Dairy Circle,649,82
Bengaluru (Bangalore),BMTC,35108,Bengaluru Dairy Circle,712,81
Bengaluru (Bangalore),BMTC,35266,Bengaluru Dairy Circle,162,12
Bengaluru (Bangalore),BMTC,20644,Bengaluru High School,680,60
Bengaluru (Bangalore),BMTC,21746,Bengaluru High School,736,63
Bengaluru (Bangalore),BMTC,20647,Bengaluru University Gate (JBMS),355,27
Bengaluru (Bangalore),BMTC,20648,Bengaluru University Gate (JBMS),671,146
Bengaluru (Bangalore),BMTC,20649,Bengaluru University Gate (JBMS),1169,189
Bengaluru (Bangalore),BMTC,21748,Bengaluru University Quarters,967,52
Bengaluru (Bangalore),BMTC,24302,Bengaluru University Quarters,413,31
Bengaluru (Bangalore),BMTC,39147,Bennehalli,1,1
Bengaluru (Bangalore),BMTC,39148,Bennehalli,1,1
Bengaluru (Bangalore),BMTC,20656,Benniganahalli,494,169
Bengaluru (Bangalore),BMTC,20657,Benniganahalli,442,165
Bengaluru (Bangalore),BMTC,29894,Benniganahalli Bridge,21,8
Bengaluru (Bangalore),BMTC,31971,Benniganahalli Bridge,24,11
Bengaluru (Bangalore),BMTC,39867,Beratena Agrahara Metro Station,1012,130
Bengaluru (Bangalore),BMTC,39868,Beratena Agrahara Metro Station,982,121
Bengaluru (Bangalore),BMTC,29896,Best County,174,33
Bengaluru (Bangalore),BMTC,31972,Best County,153,39
Bengaluru (Bangalore),BMTC,29898,Besthamanahalli,61,10
Bengaluru (Bangalore),BMTC,31973,Besthamanahalli,67,10
Bengaluru (Bangalore),BMTC,29900,Bethan Byatha,7,4
Bengaluru (Bangalore),BMTC,31974,Bethan Byatha,14,7
Bengaluru (Bangalore),BMTC,39722,Bethanagere,4,2
Bengaluru (Bangalore),BMTC,29904,Bethimgere,6,3
Bengaluru (Bangalore),BMTC,31977,Bethimgere Cross,15,6
Bengaluru (Bangalore),BMTC,31978,Bethimgere Cross,13,6
Bengaluru (Bangalore),BMTC,39181,Bethimgere Gate,2,1
Bengaluru (Bangalore),BMTC,39182,Bethimgere Gate,3,3
Bengaluru (Bangalore),BMTC,24289,Bettadasanapura,247,19
Bengaluru (Bangalore),BMTC,24347,Bettadasanapura,219,18
Bengaluru (Bangalore),BMTC,29910,Bettahalasuru Circle,19,10
Bengaluru (Bangalore),BMTC,31980,Bettahalasuru Circle,19,8
Bengaluru (Bangalore),BMTC,29914,Bettahalasuru Cross,503,85
Bengaluru (Bangalore),BMTC,31981,Bettahalasuru Cross,494,79
Bengaluru (Bangalore),BMTC,31983,Bettahalasuru Cross,19,8
Bengaluru (Bangalore),BMTC,39282,Bettahalasuru Cross FLY,363,17
Bengaluru (Bangalore),BMTC,39283,Bettahalasuru Cross FLY,379,17
Bengaluru (Bangalore),BMTC,29917,Bettahalasuru Hospital,19,10
Bengaluru (Bangalore),BMTC,31984,Bettahalasuru Hospital,19,8
Bengaluru (Bangalore),BMTC,29919,Bettahalasuru Village,11,4
Bengaluru (Bangalore),BMTC,31986,Bettahalasuru Village,27,10
Bengaluru (Bangalore),BMTC,31988,Bettahalli,18,3
Bengaluru (Bangalore),BMTC,29925,Bettahalli,2,2
Bengaluru (Bangalore),BMTC,31991,Bettahalli,2,1
Bengaluru (Bangalore),BMTC,29929,Bettahalli Colony,2,1
Bengaluru (Bangalore),BMTC,31993,Bettahalli Colony,2,2
Bengaluru (Bangalore),BMTC,31992,Bettahalli Colony,42,10
Bengaluru (Bangalore),BMTC,31994,Bettahalli Colony,35,9
Bengaluru (Bangalore),BMTC,29931,Bettahalli Cross,85,13
Bengaluru (Bangalore),BMTC,31995,Bettahalli Cross,31,4
Bengaluru (Bangalore),BMTC,29935,Bettahalli Gate,27,3
Bengaluru (Bangalore),BMTC,31997,Bettahalli Gate,1,1
Bengaluru (Bangalore),BMTC,29937,Bettahalli Kaval,5,2
Bengaluru (Bangalore),BMTC,31999,Bettahalli Kaval,3,2
Bengaluru (Bangalore),BMTC,21749,Bettahalli Layout,626,40
Bengaluru (Bangalore),BMTC,21750,Bettahalli Layout,627,41
Bengaluru (Bangalore),BMTC,29939,Bettahallipalya,7,7
Bengaluru (Bangalore),BMTC,32000,Bettahallipalya,8,6
Bengaluru (Bangalore),BMTC,29943,Bettakote,3,2
Bengaluru (Bangalore),BMTC,32002,Bettakote,78,8
Bengaluru (Bangalore),BMTC,29947,Bettanahalli Site,5,3
Bengaluru (Bangalore),BMTC,32004,Bettanahalli Site,3,2
Bengaluru (Bangalore),BMTC,29949,Bettanapalya,15,4
Bengaluru (Bangalore),BMTC,32005,Bettanapalya,17,6
Bengaluru (Bangalore),BMTC,29951,Bettenahalli,8,4
Bengaluru (Bangalore),BMTC,32006,Bettenahalli,4,4
Bengaluru (Bangalore),BMTC,21751,Bevinamara Kannamangala,265,34
Bengaluru (Bangalore),BMTC,21752,Bevinamara Kannamangala,185,31
Bengaluru (Bangalore),BMTC,39561,Bhadra Block,3,1
Bengaluru (Bangalore),BMTC,39562,Bhadra Block,3,1
Bengaluru (Bangalore),BMTC,20659,Bhadrappa Layout,710,78
Bengaluru (Bangalore),BMTC,20660,Bhadrappa Layout,669,72
Bengaluru (Bangalore),BMTC,38454,Bhagwan Mahaveer Jain Hospital,23,1
Bengaluru (Bangalore),BMTC,29970,Bhagya Nagara,228,19
Bengaluru (Bangalore),BMTC,35342,Bhagya Nagara,240,19
Bengaluru (Bangalore),BMTC,32017,Bhaktharahalli,5,3
Bengaluru (Bangalore),BMTC,32018,Bhaktharahalli,8,4
Bengaluru (Bangalore),BMTC,32019,Bhaktharahalli,7,2
Bengaluru (Bangalore),BMTC,29978,Bhaktharahalli Cross,5,2
Bengaluru (Bangalore),BMTC,32020,Bhaktharahalli Cross,4,2
Bengaluru (Bangalore),BMTC,29980,Bhakthi Yoga Ashrama,61,7
Bengaluru (Bangalore),BMTC,32021,Bhakthi Yoga Ashrama,60,7
Bengaluru (Bangalore),BMTC,29983,Bhakthipura Cross,70,12
Bengaluru (Bangalore),BMTC,32022,Bhakthipura Cross,64,12
Bengaluru (Bangalore),BMTC,29985,Bhantaraguppe,1,1
Bengaluru (Bangalore),BMTC,32023,Bhantaraguppe,2,1
Bengaluru (Bangalore),BMTC,29990,Bharath Nagara 1st Phase,78,12
Bengaluru (Bangalore),BMTC,35251,Bharath Nagara 1st Phase,79,12
Bengaluru (Bangalore),BMTC,23988,Bharath Nagara 2nd Stage,31,8
Bengaluru (Bangalore),BMTC,24292,Bharath Nagara 2nd Stage,5,2
Bengaluru (Bangalore),BMTC,36068,Bharath Petrol Bunk Thyamagondlu,16,1
Bengaluru (Bangalore),BMTC,29992,Bharathi Nagara,368,90
Bengaluru (Bangalore),BMTC,32026,Bharathi Nagara,377,89
Bengaluru (Bangalore),BMTC,29994,Bharathi Nursing Home Jayanagara,116,9
Bengaluru (Bangalore),BMTC,32027,Bharathi Nursing Home Jayanagara,160,20
Bengaluru (Bangalore),BMTC,29996,Bharathnagara Sunkadakatte,8,3
Bengaluru (Bangalore),BMTC,32028,Bharathnagara Sunkadakatte,7,3
Bengaluru (Bangalore),BMTC,21755,Bhattarahalli,425,96
Bengaluru (Bangalore),BMTC,21756,Bhattarahalli,451,100
Bengaluru (Bangalore),BMTC,38686,Bhattarahalli,11,1
Bengaluru (Bangalore),BMTC,26700,Bhattarahalli Bank Of India,2,1
Bengaluru (Bangalore),BMTC,29998,Bhattarahalli Cross,6,1
Bengaluru (Bangalore),BMTC,32029,Bhattarahalli Cross,5,1
Bengaluru (Bangalore),BMTC,30000,Bhavani Nagara 2nd Stage,29,4
Bengaluru (Bangalore),BMTC,32030,Bhavani Nagara 2nd Stage,31,5
Bengaluru (Bangalore),BMTC,30002,Bhavani Nagara 2nd Stage Cross,29,4
Bengaluru (Bangalore),BMTC,32031,Bhavani Nagara 2nd Stage Cross,30,4
Bengaluru (Bangalore),BMTC,30004,Bhavapura,2,1
Bengaluru (Bangalore),BMTC,30006,Bheemajyothi Nagara Shankara Mutt,25,3
Bengaluru (Bangalore),BMTC,32033,Bheemajyothi Nagara Shankara Mutt,22,3
Bengaluru (Bangalore),BMTC,30008,Bheemanakuppe,10,3
Bengaluru (Bangalore),BMTC,32034,Bheemanakuppe,10,2
Bengaluru (Bangalore),BMTC,30010,Bheemanakuppe Cross,111,39
Bengaluru (Bangalore),BMTC,32035,Bheemanakuppe Cross,114,43
Bengaluru (Bangalore),BMTC,30027,Bhimakanahalli Gate,26,4
Bengaluru (Bangalore),BMTC,32043,Bhimakanahalli Gate,27,4
Bengaluru (Bangalore),BMTC,21759,Bhodhana Hosahalli,133,64
Bengaluru (Bangalore),BMTC,21760,Bhodhana Hosahalli,131,61
Bengaluru (Bangalore),BMTC,23511,Bhoganahalli,16,3
Bengaluru (Bangalore),BMTC,30029,Bhokipura,2,1
Bengaluru (Bangalore),BMTC,32044,Bhokipura,2,1
Bengaluru (Bangalore),BMTC,20665,Bhoopasandra,208,15
Bengaluru (Bangalore),BMTC,20666,Bhoopasandra,64,8
Bengaluru (Bangalore),BMTC,20667,Bhoopasandra Ayyappa Bakery,61,7
Bengaluru (Bangalore),BMTC,20668,Bhoopasandra Ayyappa Bakery,64,8
Bengaluru (Bangalore),BMTC,30034,Bhovipalya,6,3
Bengaluru (Bangalore),BMTC,32046,Bhovipalya,12,9
Bengaluru (Bangalore),BMTC,32047,Bhovipalya,8,7
Bengaluru (Bangalore),BMTC,35148,Bhovipalya,9,3
Bengaluru (Bangalore),BMTC,35257,Bhovipalya,9,3
Bengaluru (Bangalore),BMTC,30039,Bhuvanahalli,1,1
Bengaluru (Bangalore),BMTC,32048,Bhuvanahalli,1,1
Bengaluru (Bangalore),BMTC,32049,Bhuvanahalli,1,1
Bengaluru (Bangalore),BMTC,32050,Bhuvanahalli,1,1
Bengaluru (Bangalore),BMTC,30042,Bhuvanahalli Gate,229,35
Bengaluru (Bangalore),BMTC,32051,Bhuvanahalli Gate,238,35
Bengaluru (Bangalore),BMTC,32055,Bhuvaneshwari Nagara,17,3
Bengaluru (Bangalore),BMTC,32056,Bhuvaneshwari Nagara,15,1
Bengaluru (Bangalore),BMTC,30048,Bhuvaneshwari Nagara,54,3
Bengaluru (Bangalore),BMTC,32053,Bhuvaneshwari Nagara,55,3
Bengaluru (Bangalore),BMTC,32054,Bhuvaneshwari Nagara,24,3
Bengaluru (Bangalore),BMTC,32057,Bhuvaneshwari Nagara,1,1
Bengaluru (Bangalore),BMTC,30050,Bhuvaneshwari Nagara 1st Stage,170,16
Bengaluru (Bangalore),BMTC,32058,Bhuvaneshwari Nagara 1st Stage,179,15
Bengaluru (Bangalore),BMTC,30052,Bhuvaneshwari Nagara 2nd Stage,169,15
Bengaluru (Bangalore),BMTC,32059,Bhuvaneshwari Nagara 2nd Stage,180,16
Bengaluru (Bangalore),BMTC,30053,Bhuvaneshwari Nagara Mahalakshmi Temple,20,3
Bengaluru (Bangalore),BMTC,39619,Bhuvaneshwari Nagara Mahalakshmi Temple,15,1
Bengaluru (Bangalore),BMTC,30055,Bhuvaneshwari Petrol Bunk,50,14
Bengaluru (Bangalore),BMTC,32060,Bhuvaneshwari Petrol Bunk,42,12
Bengaluru (Bangalore),BMTC,21761,Bible College Byrathi,247,64
Bengaluru (Bangalore),BMTC,21762,Bible College Byrathi,244,59
Bengaluru (Bangalore),BMTC,21465,Bidadi,687,55
Bengaluru (Bangalore),BMTC,35913,Bidadi,179,23
Bengaluru (Bangalore),BMTC,21466,Bidadi Railway Station,325,34
Bengaluru (Bangalore),BMTC,21467,Bidadi Railway Station,318,36
Bengaluru (Bangalore),BMTC,30059,Bidalapura,4,1
Bengaluru (Bangalore),BMTC,32062,Bidalapura,4,1
Bengaluru (Bangalore),BMTC,32064,Bidalapura Cross,32,1
Bengaluru (Bangalore),BMTC,32063,Bidalapura Cross,9,3
Bengaluru (Bangalore),BMTC,32065,Bidalapura Cross,11,3
Bengaluru (Bangalore),BMTC,30064,Bidaragere,5,2
Bengaluru (Bangalore),BMTC,21764,Bidaraguppe,170,27
Bengaluru (Bangalore),BMTC,21765,Bidaraguppe,94,23
Bengaluru (Bangalore),BMTC,32066,Bidaraguppe,3,1
Bengaluru (Bangalore),BMTC,25040,Bidarahalli,92,19
Bengaluru (Bangalore),BMTC,32512,Bidarahalli,101,19
Bengaluru (Bangalore),BMTC,30069,Bidarahalli Cross,101,19
Bengaluru (Bangalore),BMTC,32069,Bidarahalli Cross,86,15
Bengaluru (Bangalore),BMTC,32070,Bidarahalli Cross,76,13
Bengaluru (Bangalore),BMTC,38746,Bidarahalli Dargah,4,2
Bengaluru (Bangalore),BMTC,32067,Bidarahalli School,103,19
Bengaluru (Bangalore),BMTC,32068,Bidarahalli School,153,18
Bengaluru (Bangalore),BMTC,21767,Bidiganahalli Cross,8,5
Bengaluru (Bangalore),BMTC,30077,Bidiganahalli Cross,7,3
Bengaluru (Bangalore),BMTC,20669,Big Bazzar ITPL,115,3
Bengaluru (Bangalore),BMTC,20670,Big Bazzar ITPL,938,129
Bengaluru (Bangalore),BMTC,21768,Big Bazzar ITPL,306,95
Bengaluru (Bangalore),BMTC,24352,Bikashipura,37,8
Bengaluru (Bangalore),BMTC,35405,Bikashipura,39,9
Bengaluru (Bangalore),BMTC,30085,Bikkana Hosahalli,2,1
Bengaluru (Bangalore),BMTC,32076,Bikkana Hosahalli,4,2
Bengaluru (Bangalore),BMTC,30087,Bikkanahalli,7,3
Bengaluru (Bangalore),BMTC,32077,Bikkanahalli,7,3
Bengaluru (Bangalore),BMTC,22110,Bikkanahalli Junction,107,29
Bengaluru (Bangalore),BMTC,22111,Bikkanahalli Junction,177,29
Bengaluru (Bangalore),BMTC,39944,Bilanganakuppe Cross,16,2
Bengaluru (Bangalore),BMTC,39945,Bilanganakuppe Cross,12,2
Bengaluru (Bangalore),BMTC,23740,Bilavaradahalli,75,10
Bengaluru (Bangalore),BMTC,23858,Bilavaradahalli,74,9
Bengaluru (Bangalore),BMTC,30092,Bilavaradahalli Cross,18,7
Bengaluru (Bangalore),BMTC,32079,Bilavaradahalli Cross,16,6
Bengaluru (Bangalore),BMTC,23577,Bilekahalli,851,106
Bengaluru (Bangalore),BMTC,23871,Bilekahalli,849,112
Bengaluru (Bangalore),BMTC,40669,Bilekahalli,4,1
Bengaluru (Bangalore),BMTC,40668,Bilekahalli Village,8,1
Bengaluru (Bangalore),BMTC,30099,Bileshivale,29,10
Bengaluru (Bangalore),BMTC,32082,Bileshivale,62,9
Bengaluru (Bangalore),BMTC,32083,Bileshivale,58,8
Bengaluru (Bangalore),BMTC,30101,Bilijaji,7,3
Bengaluru (Bangalore),BMTC,30103,Bilijaji Cross,1,1
Bengaluru (Bangalore),BMTC,23990,Bilikallu,22,3
Bengaluru (Bangalore),BMTC,24290,Bilikallu,22,3
Bengaluru (Bangalore),BMTC,30104,Billa Kempanahalli,2,1
Bengaluru (Bangalore),BMTC,21468,Billa Kempanahalli Gate,291,28
Bengaluru (Bangalore),BMTC,21469,Billa Kempanahalli Gate,287,33
Bengaluru (Bangalore),BMTC,30106,Billamaranahalli,2,1
Bengaluru (Bangalore),BMTC,32086,Billamaranahalli,3,1
Bengaluru (Bangalore),BMTC,21770,Billapura,100,26
Bengaluru (Bangalore),BMTC,21771,Billapura,170,26
Bengaluru (Bangalore),BMTC,30090,Billinakote,27,4
Bengaluru (Bangalore),BMTC,32078,Billinakote,27,5
Bengaluru (Bangalore),BMTC,30107,Bingipura,16,7
Bengaluru (Bangalore),BMTC,35217,Bingipura,17,7
Bengaluru (Bangalore),BMTC,24147,Bingipura Cross,33,7
Bengaluru (Bangalore),BMTC,24337,Bingipura Cross,42,10
Bengaluru (Bangalore),BMTC,21774,Binnamangala,546,93
Bengaluru (Bangalore),BMTC,30108,Binnamangala,548,92
Bengaluru (Bangalore),BMTC,20671,Binnamangala,464,174
Bengaluru (Bangalore),BMTC,20672,Binnamangala,495,169
Bengaluru (Bangalore),BMTC,21772,Binnamangala,68,10
Bengaluru (Bangalore),BMTC,35957,Binnamangala,208,18
Bengaluru (Bangalore),BMTC,36673,Binnamangala Gokare,2,2
Bengaluru (Bangalore),BMTC,36674,Binnamangala Gokare,1,1
Bengaluru (Bangalore),BMTC,20673,Binny MIll,339,44
Bengaluru (Bangalore),BMTC,21470,Binny Mill,366,64
Bengaluru (Bangalore),BMTC,21471,Binny Mill,354,60
Bengaluru (Bangalore),BMTC,21472,Binnypet,386,65
Bengaluru (Bangalore),BMTC,21473,Binnypet,378,61
Bengaluru (Bangalore),BMTC,39869,Biocon Hebbagodi Metro Station,701,85
Bengaluru (Bangalore),BMTC,23878,Biocon Jigani Road,165,23
Bengaluru (Bangalore),BMTC,23887,Biocon Jigani Road,141,15
Bengaluru (Bangalore),BMTC,30110,Birla Circle Haralur Road,75,6
Bengaluru (Bangalore),BMTC,40491,Birla Circle Haralur Road,25,1
Bengaluru (Bangalore),BMTC,30114,Bisanahalli,2,1
Bengaluru (Bangalore),BMTC,32088,Bisanahalli,2,1
Bengaluru (Bangalore),BMTC,32089,Bisanahalli,21,13
Bengaluru (Bangalore),BMTC,32090,Bisanahalli,21,12
Bengaluru (Bangalore),BMTC,30116,Bisanahalli Cross,28,15
Bengaluru (Bangalore),BMTC,32091,Bisanahalli Cross,8,5
Bengaluru (Bangalore),BMTC,30120,Biscuits Factory,2,1
Bengaluru (Bangalore),BMTC,32092,Biscuits Factory,2,2
Bengaluru (Bangalore),BMTC,32093,Biscuits Factory,70,21
Bengaluru (Bangalore),BMTC,32094,Biscuits Factory,65,25
Bengaluru (Bangalore),BMTC,36208,Bishop Coton Girls High School,14,9
Bengaluru (Bangalore),BMTC,32095,Biskur,1,1
Bengaluru (Bangalore),BMTC,32097,Bittasandra,2,2
Bengaluru (Bangalore),BMTC,32098,Bittasandra,3,3
Bengaluru (Bangalore),BMTC,30129,Bittasandra Colony,2,2
Bengaluru (Bangalore),BMTC,32099,Bittasandra Colony,3,3
Bengaluru (Bangalore),BMTC,36486,Bloom Field Garden,6,3
Bengaluru (Bangalore),BMTC,36487,Bloom Field Garden,6,4
Bengaluru (Bangalore),BMTC,23236,Bodhanahosahalli Ayurvedic Hospital,17,7
Bengaluru (Bangalore),BMTC,23569,Bodhanahosahalli Ayurvedic Hospital,15,7
Bengaluru (Bangalore),BMTC,30152,Bolamaranahalli,7,7
Bengaluru (Bangalore),BMTC,32107,Bolamaranahalli,8,6
Bengaluru (Bangalore),BMTC,23552,Bolare,169,28
Bengaluru (Bangalore),BMTC,23625,Bolare,173,29
Bengaluru (Bangalore),BMTC,23335,Bombay Dyeing Yashwanthapura,2,1
Bengaluru (Bangalore),BMTC,24272,Bombay Dyeing Yashwanthapura,1,1
Bengaluru (Bangalore),BMTC,30154,Bombay Estate Guruvanahalli,2,2
Bengaluru (Bangalore),BMTC,32108,Bombay Estate Guruvanahalli,4,3
Bengaluru (Bangalore),BMTC,32109,Bommachannahalli,2,1
Bengaluru (Bangalore),BMTC,38487,Bommachannahalli,3,2
Bengaluru (Bangalore),BMTC,30159,Bommanabande,1,1
Bengaluru (Bangalore),BMTC,32110,Bommanabande,10,4
Bengaluru (Bangalore),BMTC,20674,Bommanahalli,1082,148
Bengaluru (Bangalore),BMTC,20675,Bommanahalli,1097,157
Bengaluru (Bangalore),BMTC,35164,Bommanahalli,210,31
Bengaluru (Bangalore),BMTC,35221,Bommanahalli,232,32
Bengaluru (Bangalore),BMTC,30164,Bommanahalli,44,14
Bengaluru (Bangalore),BMTC,32113,Bommanahalli,51,15
Bengaluru (Bangalore),BMTC,35780,Bommanahalli Fly Over,91,11
Bengaluru (Bangalore),BMTC,35782,Bommanahalli Fly Over,96,13
Bengaluru (Bangalore),BMTC,30167,Bommandahalli,11,5
Bengaluru (Bangalore),BMTC,32115,Bommandahalli,10,5
Bengaluru (Bangalore),BMTC,21775,Bommasandra,784,101
Bengaluru (Bangalore),BMTC,21776,Bommasandra,830,108
Bengaluru (Bangalore),BMTC,23875,Bommasandra,70,15
Bengaluru (Bangalore),BMTC,23891,Bommasandra,236,20
Bengaluru (Bangalore),BMTC,37910,Bommasandra,26,10
Bengaluru (Bangalore),BMTC,36711,Bommasandra Canara Bank,2,2
Bengaluru (Bangalore),BMTC,39752,Bommasandra Metro Station,101,4
Bengaluru (Bangalore),BMTC,38655,Bommasandra Village,8,2
Bengaluru (Bangalore),BMTC,32116,Bommashettyhalli,4,1
Bengaluru (Bangalore),BMTC,30171,Bommashettyhalli Cross,18,6
Bengaluru (Bangalore),BMTC,32117,Bommashettyhalli Cross,14,3
Bengaluru (Bangalore),BMTC,30173,Bommawara,1,1
Bengaluru (Bangalore),BMTC,32118,Bommawara,1,1
Bengaluru (Bangalore),BMTC,30175,Bommawara Gate,52,9
Bengaluru (Bangalore),BMTC,32119,Bommawara Gate,51,9
Bengaluru (Bangalore),BMTC,30177,Bommenahalli,2,1
Bengaluru (Bangalore),BMTC,32120,Bommenahalli,4,2
Bengaluru (Bangalore),BMTC,32121,Bommenahalli Colony,1,1
Bengaluru (Bangalore),BMTC,30179,Bommenahalli Colony,1,1
Bengaluru (Bangalore),BMTC,20676,Bone Mill,792,113
Bengaluru (Bangalore),BMTC,20677,Bone Mill,27,4
Bengaluru (Bangalore),BMTC,20678,Bone Mill,781,100
Bengaluru (Bangalore),BMTC,21777,Book Factory Thanisandra,504,45
Bengaluru (Bangalore),BMTC,21778,Book Factory Thanisandra,516,45
Bengaluru (Bangalore),BMTC,21779,Boorugunte,100,26
Bengaluru (Bangalore),BMTC,21780,Boorugunte,170,26
Bengaluru (Bangalore),BMTC,30239,Boothanahalli,16,6
Bengaluru (Bangalore),BMTC,32149,Boothanahalli,18,7
Bengaluru (Bangalore),BMTC,38184,Boppanahalli Chikkapura,1,1
Bengaluru (Bangalore),BMTC,38185,Boppanahalli Chikkapura,1,1
Bengaluru (Bangalore),BMTC,30181,Bordugallu,1,1
Bengaluru (Bangalore),BMTC,32122,Bordugallu,2,1
Bengaluru (Bangalore),BMTC,30185,Borehalli,20,9
Bengaluru (Bangalore),BMTC,32124,Borehalli,22,11
Bengaluru (Bangalore),BMTC,38139,Born Babies,56,1
Bengaluru (Bangalore),BMTC,38138,Born Babies,56,1
Bengaluru (Bangalore),BMTC,32125,Bosch Main Gate Bidadi,1,1
Bengaluru (Bangalore),BMTC,30187,Bosch Main Gate Bidadi,1,1
Bengaluru (Bangalore),BMTC,30192,Brahma Devara Gudda,21,4
Bengaluru (Bangalore),BMTC,36502,Brigade Meadows Kanakapura Road,4,2
Bengaluru (Bangalore),BMTC,36503,Brigade Meadows Kanakapura Road,4,2
Bengaluru (Bangalore),BMTC,30200,Brigade Omega Apartment,29,3
Bengaluru (Bangalore),BMTC,32130,Brigade Omega Apartment,29,3
Bengaluru (Bangalore),BMTC,38509,Brigade Palm Springs,46,3
Bengaluru (Bangalore),BMTC,38512,Brigade Palm Springs,42,3
Bengaluru (Bangalore),BMTC,23657,Brigade Road,326,10
Bengaluru (Bangalore),BMTC,23431,Bristol Quarters,2,2
Bengaluru (Bangalore),BMTC,32131,Broad Casting Compound Kadanur,4,1
Bengaluru (Bangalore),BMTC,30202,Broad Casting Compound Kadanur,4,1
Bengaluru (Bangalore),BMTC,21783,Brooke Bond,373,53
Bengaluru (Bangalore),BMTC,21784,Brooke Bond,472,62
Bengaluru (Bangalore),BMTC,39082,Brundavana Badavane,64,12
Bengaluru (Bangalore),BMTC,39083,Brundavana Badavane,69,11
Bengaluru (Bangalore),BMTC,20682,Brundavana Nagara,19,4
Bengaluru (Bangalore),BMTC,20683,Brundavana Nagara,11,3
Bengaluru (Bangalore),BMTC,20684,Brundavana Peenya,1234,90
Bengaluru (Bangalore),BMTC,20685,Brundavana Peenya,1246,77
Bengaluru (Bangalore),BMTC,30206,Brundavana School Maralawadi,6,2
Bengaluru (Bangalore),BMTC,32133,Brundavana School Maralawadi,7,2
Bengaluru (Bangalore),BMTC,40636,Budan sab palya,29,15
Bengaluru (Bangalore),BMTC,40637,Budan sab palya,31,14
Bengaluru (Bangalore),BMTC,40603,Buddha Jyothi layout,2,1
Bengaluru (Bangalore),BMTC,21788,Budigere,124,23
Bengaluru (Bangalore),BMTC,30214,Budigere,129,22
Bengaluru (Bangalore),BMTC,21790,Budigere Cross,447,95
Bengaluru (Bangalore),BMTC,21791,Budigere Cross,698,110
Bengaluru (Bangalore),BMTC,36723,Budigere Cross,144,32
Bengaluru (Bangalore),BMTC,32138,Budihal,1,1
Bengaluru (Bangalore),BMTC,32139,Budihal,1,1
Bengaluru (Bangalore),BMTC,30224,Budihal Gate,44,14
Bengaluru (Bangalore),BMTC,32143,Budihal Gate,51,15
Bengaluru (Bangalore),BMTC,32141,Budihal Gate,37,3
Bengaluru (Bangalore),BMTC,32142,Budihal Gate,36,3
Bengaluru (Bangalore),BMTC,30226,Budumanahalli,3,2
Bengaluru (Bangalore),BMTC,32144,Budumanahalli,2,1
Bengaluru (Bangalore),BMTC,30228,Budumanahalli Cross,4,2
Bengaluru (Bangalore),BMTC,32145,Budumanahalli Cross,3,2
Bengaluru (Bangalore),BMTC,30230,Bukkasagara,5,3
Bengaluru (Bangalore),BMTC,32146,Bukkasagara,4,2
Bengaluru (Bangalore),BMTC,30231,Bull Temple,1,1
Bengaluru (Bangalore),BMTC,30233,Bullahalli,2,2
Bengaluru (Bangalore),BMTC,38666,Bullahalli,2,2
Bengaluru (Bangalore),BMTC,40627,Bullahalli Cross,62,2
Bengaluru (Bangalore),BMTC,40628,Bullahalli Cross,58,2
Bengaluru (Bangalore),BMTC,30235,Buragamarada Palya,6,6
Bengaluru (Bangalore),BMTC,32148,Buragamarada Palya,5,5
Bengaluru (Bangalore),BMTC,21474,Byadarahalli,795,112
Bengaluru (Bangalore),BMTC,21475,Byadarahalli,816,119
Bengaluru (Bangalore),BMTC,32151,Byadarahalli,3,1
Bengaluru (Bangalore),BMTC,39253,Byadarahalli,1,1
Bengaluru (Bangalore),BMTC,39254,Byadarahalli,1,1
Bengaluru (Bangalore),BMTC,21492,Byadarahalli College Cross,717,110
Bengaluru (Bangalore),BMTC,21493,Byadarahalli College Cross,733,116
Bengaluru (Bangalore),BMTC,30248,Byadarahalli Gate,3,1
Bengaluru (Bangalore),BMTC,32154,Byadarahalli Gate,3,1
Bengaluru (Bangalore),BMTC,30252,Byagadadenahalli,1,1
Bengaluru (Bangalore),BMTC,32156,Byagadadenahalli,2,1
Bengaluru (Bangalore),BMTC,23839,Byagadadenahalli Gate,217,23
Bengaluru (Bangalore),BMTC,23979,Byagadadenahalli Gate,254,29
Bengaluru (Bangalore),BMTC,30256,Byalahalli,4,2
Bengaluru (Bangalore),BMTC,32158,Byalahalli,9,3
Bengaluru (Bangalore),BMTC,32157,Byalahalli,6,2
Bengaluru (Bangalore),BMTC,32159,Byalahalli,8,4
Bengaluru (Bangalore),BMTC,30258,Byalahalli Garment,4,2
Bengaluru (Bangalore),BMTC,32160,Byalahalli Garment,6,3
Bengaluru (Bangalore),BMTC,30260,Byalalu,12,6
Bengaluru (Bangalore),BMTC,32161,Byalalu,12,6
Bengaluru (Bangalore),BMTC,23853,Byatarayana Doddy,10,3
Bengaluru (Bangalore),BMTC,24151,Byatarayana Doddy,25,5
Bengaluru (Bangalore),BMTC,32164,Byatarayana Doddy Cross,11,3
Bengaluru (Bangalore),BMTC,32165,Byatarayana Doddy Cross,15,6
Bengaluru (Bangalore),BMTC,34804,Byatarayana Doddy Cross 1,2,2
Bengaluru (Bangalore),BMTC,30270,Byatarayanapura,78,22
Bengaluru (Bangalore),BMTC,32166,Byatarayanapura,27,9
Bengaluru (Bangalore),BMTC,35107,Byatarayanapura,755,172
Bengaluru (Bangalore),BMTC,35273,Byatarayanapura,861,206
Bengaluru (Bangalore),BMTC,39269,Byatarayanapura FLY,513,19
Bengaluru (Bangalore),BMTC,39270,Byatarayanapura FLY,520,19
Bengaluru (Bangalore),BMTC,30272,Byatha,21,11
Bengaluru (Bangalore),BMTC,32167,Byatha,31,14
Bengaluru (Bangalore),BMTC,30274,Byatha Cross,25,12
Bengaluru (Bangalore),BMTC,32168,Byatha Cross,20,12
Bengaluru (Bangalore),BMTC,30276,Bychakuppe,3,2
Bengaluru (Bangalore),BMTC,32169,Bychakuppe,5,2
Bengaluru (Bangalore),BMTC,30279,Bychapura,41,7
Bengaluru (Bangalore),BMTC,32170,Bychapura,39,7
Bengaluru (Bangalore),BMTC,32171,Bychapura,4,3
Bengaluru (Bangalore),BMTC,30281,Bychapura Appartment,41,7
Bengaluru (Bangalore),BMTC,32172,Bychapura Appartment,40,7
Bengaluru (Bangalore),BMTC,30283,Bychohalli,12,3
Bengaluru (Bangalore),BMTC,32173,Bychohalli,12,3
Bengaluru (Bangalore),BMTC,30284,Bylakonenahalli,12,3
Bengaluru (Bangalore),BMTC,39886,Bylakonenahalli  Cross (Madakari Circle),49,3
Bengaluru (Bangalore),BMTC,39887,Bylakonenahalli  Cross (Madakari Circle),50,3
Bengaluru (Bangalore),BMTC,39888,Bylakonenahalli farm house,49,3
Bengaluru (Bangalore),BMTC,39889,Bylakonenahalli farm house,50,3
Bengaluru (Bangalore),BMTC,32174,Bylanarasapura,4,2
Bengaluru (Bangalore),BMTC,32175,Bylanarasapura,2,1
Bengaluru (Bangalore),BMTC,30288,Bylanarasapura,1,1
Bengaluru (Bangalore),BMTC,40629,Bylanarasapura Cross,4,2
Bengaluru (Bangalore),BMTC,40630,Bylanarasapura Cross,3,2
Bengaluru (Bangalore),BMTC,30290,Bylanjaneya Swamy Temple Gollahalli,7,7
Bengaluru (Bangalore),BMTC,32177,Bylanjaneya Swamy Temple Gollahalli,8,6
Bengaluru (Bangalore),BMTC,30294,Byra Doddy Circle,5,5
Bengaluru (Bangalore),BMTC,32179,Byra Doddy Circle,6,5
Bengaluru (Bangalore),BMTC,30296,Byramangala,36,6
Bengaluru (Bangalore),BMTC,32180,Byramangala,33,5
Bengaluru (Bangalore),BMTC,30298,Byramangala Circle,32,4
Bengaluru (Bangalore),BMTC,32181,Byramangala Circle,31,3
Bengaluru (Bangalore),BMTC,21477,Byramangala Cross,286,32
Bengaluru (Bangalore),BMTC,30299,Byramangala Cross,32,4
Bengaluru (Bangalore),BMTC,35399,Byramangala Cross,326,35
Bengaluru (Bangalore),BMTC,32182,Byramangala Lake,1,1
Bengaluru (Bangalore),BMTC,40518,Byranahalli,2,1
Bengaluru (Bangalore),BMTC,30303,Byranahalli Cross,20,8
Bengaluru (Bangalore),BMTC,32183,Byranahalli Cross,13,6
Bengaluru (Bangalore),BMTC,30305,Byranayakanahalli,4,3
Bengaluru (Bangalore),BMTC,32184,Byranayakanahalli,3,2
Bengaluru (Bangalore),BMTC,27828,Byranayakanahalli Railway Bridge,3,3
Bengaluru (Bangalore),BMTC,34318,Byranayakanahalli Railway Bridge,4,3
Bengaluru (Bangalore),BMTC,27841,Byranayakanahalli Railway Station,3,3
Bengaluru (Bangalore),BMTC,34323,Byranayakanahalli Railway Station,4,3
Bengaluru (Bangalore),BMTC,39593,Byrappa layout Kannuru,1,1
Bengaluru (Bangalore),BMTC,30310,Byrapura Village,1,1
Bengaluru (Bangalore),BMTC,32186,Byrapura Village,7,5
Bengaluru (Bangalore),BMTC,32187,Byrasandra,11,4
Bengaluru (Bangalore),BMTC,32188,Byrasandra,9,4
Bengaluru (Bangalore),BMTC,32189,Byrasandra Aralumallige,5,2
Bengaluru (Bangalore),BMTC,21793,Byrasandra Cross,67,12
Bengaluru (Bangalore),BMTC,23541,Byrasandra Cross,97,13
Bengaluru (Bangalore),BMTC,30318,Byrasandra Dinne,24,1
Bengaluru (Bangalore),BMTC,32190,Byrasandra Dinne,24,1
Bengaluru (Bangalore),BMTC,30319,Byrasandra New Bus Stand,6,2
Bengaluru (Bangalore),BMTC,32191,Byrasandrapalya Gate,1,1
Bengaluru (Bangalore),BMTC,30323,Byrashettyhalli,7,7
Bengaluru (Bangalore),BMTC,32192,Byrashettyhalli,8,6
Bengaluru (Bangalore),BMTC,30325,Byrathi,17,7
Bengaluru (Bangalore),BMTC,32193,Byrathi,35,12
Bengaluru (Bangalore),BMTC,21794,Byrathi Bande,286,58
Bengaluru (Bangalore),BMTC,21795,Byrathi Bande,252,61
Bengaluru (Bangalore),BMTC,30326,Byrathi Bande,71,12
Bengaluru (Bangalore),BMTC,21796,Byrathi Cross,282,73
Bengaluru (Bangalore),BMTC,21797,Byrathi Cross,231,66
Bengaluru (Bangalore),BMTC,30327,Byrathi Cross,66,11
Bengaluru (Bangalore),BMTC,20692,Byraveshwara Layout,14,5
Bengaluru (Bangalore),BMTC,20693,Byraveshwara Layout,46,8
Bengaluru (Bangalore),BMTC,21478,Byraveshwaranagara,415,31
Bengaluru (Bangalore),BMTC,21798,Byraveshwaranagara,416,27
Bengaluru (Bangalore),BMTC,40557,Byregowdanadoddi,2,1
Bengaluru (Bangalore),BMTC,40558,Byregowdanadoddi,2,1
Bengaluru (Bangalore),BMTC,26047,Byregowdanahalli,94,16
Bengaluru (Bangalore),BMTC,32996,Byregowdanahalli,92,16
Bengaluru (Bangalore),BMTC,30331,Byregowdanahalli Colony,93,15
Bengaluru (Bangalore),BMTC,32195,Byregowdanahalli Colony,93,17
Bengaluru (Bangalore),BMTC,32196,Byregowdanapalya Cross,7,3
Bengaluru (Bangalore),BMTC,32197,Byrohalli,2,1
Bengaluru (Bangalore),BMTC,30337,Byrohalli Gate,74,9
Bengaluru (Bangalore),BMTC,32198,Byrohalli Gate,74,7
Bengaluru (Bangalore),BMTC,24172,C Q A L,508,51
Bengaluru (Bangalore),BMTC,24738,C R P F Kaggalipura Main Road,13,5
Bengaluru (Bangalore),BMTC,32385,C R P F Kaggalipura Main Road,15,6
Bengaluru (Bangalore),BMTC,24736,C R P F Yelahanka,337,74
Bengaluru (Bangalore),BMTC,32384,C R P F Yelahanka,306,62
Bengaluru (Bangalore),BMTC,20698,CBI,1321,187
Bengaluru (Bangalore),BMTC,20699,CBI,1173,211
Bengaluru (Bangalore),BMTC,20700,CBI,237,28
Bengaluru (Bangalore),BMTC,20701,CBI,219,26
Bengaluru (Bangalore),BMTC,40465,CD Hosakote Cross,5,2
Bengaluru (Bangalore),BMTC,32215,CFSP Farm,7,4
Bengaluru (Bangalore),BMTC,32216,CFSP Farm,7,4
Bengaluru (Bangalore),BMTC,23592,CK Palya,2,1
Bengaluru (Bangalore),BMTC,23952,CK Palya,7,2
Bengaluru (Bangalore),BMTC,24701,CK Palya Cross,214,18
Bengaluru (Bangalore),BMTC,35341,CK Palya Cross,221,16
Bengaluru (Bangalore),BMTC,23591,CK Palya Dinne,4,2
Bengaluru (Bangalore),BMTC,23953,CK Palya Dinne,5,2
Bengaluru (Bangalore),BMTC,24703,CK Thandya,4,1
Bengaluru (Bangalore),BMTC,32370,CK Thandya,4,1
Bengaluru (Bangalore),BMTC,24705,CK Thandya Cross,24,13
Bengaluru (Bangalore),BMTC,32371,CK Thandya Cross,22,9
Bengaluru (Bangalore),BMTC,30367,CK Thandya Junction,4,1
Bengaluru (Bangalore),BMTC,21855,CMH Hospital,125,23
Bengaluru (Bangalore),BMTC,24707,CMH Hospital,393,43
Bengaluru (Bangalore),BMTC,35942,CMH Hospital,102,9
Bengaluru (Bangalore),BMTC,38872,CMP Centre and School,1,1
Bengaluru (Bangalore),BMTC,39215,CMR College,1,1
Bengaluru (Bangalore),BMTC,39216,CMR College,2,2
Bengaluru (Bangalore),BMTC,39230,CMR College Cross,1,1
Bengaluru (Bangalore),BMTC,39231,CMR College Cross,1,1
Bengaluru (Bangalore),BMTC,20721,CMRIT College,593,24
Bengaluru (Bangalore),BMTC,20722,CMRIT College,574,25
Bengaluru (Bangalore),BMTC,20723,CMTI,987,186
Bengaluru (Bangalore),BMTC,20724,CMTI,1027,210
Bengaluru (Bangalore),BMTC,24726,CPRI,420,42
Bengaluru (Bangalore),BMTC,32382,CPRI,274,32
Bengaluru (Bangalore),BMTC,20730,CPRI Quarters,295,23
Bengaluru (Bangalore),BMTC,20731,CPRI Quarters,149,13
Bengaluru (Bangalore),BMTC,35127,CPWD Quarters HSR Layout,104,9
Bengaluru (Bangalore),BMTC,35317,CPWD Quarters HSR Layout,107,11
Bengaluru (Bangalore),BMTC,36626,CQAEL CQEAE Complex,1,1
Bengaluru (Bangalore),BMTC,36628,CQAEL CQEAE Complex,1,1
Bengaluru (Bangalore),BMTC,36572,CS- Bengaluru Club,2,1
Bengaluru (Bangalore),BMTC,36413,CS-5th Block HBR Layout,2,1
Bengaluru (Bangalore),BMTC,38856,CS-ADMC Quarters Office,4,2
Bengaluru (Bangalore),BMTC,38961,CS-ARMY PUBLIC SCHOOL (Parachute Regiment),3,2
Bengaluru (Bangalore),BMTC,40583,CS-Addiganahalli,2,1
Bengaluru (Bangalore),BMTC,39834,CS-Airtel office Koramangala,2,1
Bengaluru (Bangalore),BMTC,39598,CS-Aliaskar Embassy,1,1
Bengaluru (Bangalore),BMTC,39639,CS-Ambedkar Nagara,2,1
Bengaluru (Bangalore),BMTC,36433,CS-Anchepalya,7,4
Bengaluru (Bangalore),BMTC,40590,CS-Andhrahalli Aralimara,3,2
Bengaluru (Bangalore),BMTC,39527,CS-Anna Kuteera Kathriguppe,2,1
Bengaluru (Bangalore),BMTC,36476,CS-Annapoorneshwarinagara,2,1
Bengaluru (Bangalore),BMTC,36554,CS-Arakere Gate,2,1
Bengaluru (Bangalore),BMTC,38229,CS-Arehalli Taja Cake,2,1
Bengaluru (Bangalore),BMTC,36456,CS-Army Public School Kamaraja Road,55,27
Bengaluru (Bangalore),BMTC,35738,CS-Ashoka Pillar,4,2
Bengaluru (Bangalore),BMTC,36557,CS-Aspire bee School,12,6
Bengaluru (Bangalore),BMTC,39456,CS-Attibele Bus Stand,2,1
Bengaluru (Bangalore),BMTC,36637,CS-Avasarala Factory Kanakapura Road,2,1
Bengaluru (Bangalore),BMTC,38910,CS-Ayyappa Temple Banasawadi,2,1
Bengaluru (Bangalore),BMTC,36676,CS-B Channasandra Bridge,2,1
Bengaluru (Bangalore),BMTC,35759,CS-BEL Factory,53,26
Bengaluru (Bangalore),BMTC,35746,CS-BEML Factory,67,29
Bengaluru (Bangalore),BMTC,36615,CS-BEML Layout 5th Stage,3,1
Bengaluru (Bangalore),BMTC,36401,CS-BEML Layout Kamalanagara,3,2
Bengaluru (Bangalore),BMTC,39612,CS-BK Circle,2,1
Bengaluru (Bangalore),BMTC,36532,CS-BPL Arekere,2,1
Bengaluru (Bangalore),BMTC,36616,CS-BUC Quarters,2,1
Bengaluru (Bangalore),BMTC,36608,CS-Bagalagunte,2,2
Bengaluru (Bangalore),BMTC,39745,CS-Bagalur Cross,2,1
Bengaluru (Bangalore),BMTC,39876,CS-Bagalur Santhe Circle,2,1
Bengaluru (Bangalore),BMTC,29629,CS-Bagmane Tech Park,77,8
Bengaluru (Bangalore),BMTC,36579,CS-Banashankari,10,5
Bengaluru (Bangalore),BMTC,36689,CS-Banashankari 3rd Stage 2nd Phase,1,1
Bengaluru (Bangalore),BMTC,36767,CS-Bande Mutt Gate Kengeri,2,1
Bengaluru (Bangalore),BMTC,36691,CS-Bannerughatta Circle,2,1
Bengaluru (Bangalore),BMTC,36434,CS-Basava Gangotri Samste,2,1
Bengaluru (Bangalore),BMTC,39686,CS-Basavanagara,4,2
Bengaluru (Bangalore),BMTC,37052,CS-Basavanagara Kengeri,1,1
Bengaluru (Bangalore),BMTC,36703,CS-Bayyappanahalli Metro Station,2,1
Bengaluru (Bangalore),BMTC,36384,CS-Beereshwara Nagara,2,1
Bengaluru (Bangalore),BMTC,36505,CS-Beguru,5,3
Bengaluru (Bangalore),BMTC,37979,CS-Belenus Hospital,2,1
Bengaluru (Bangalore),BMTC,36414,CS-Bhattarahalli Bank Of India,2,1
Bengaluru (Bangalore),BMTC,36369,CS-Bhodhana Hosahalli,2,1
Bengaluru (Bangalore),BMTC,38227,CS-Bidarahalli,2,1
Bengaluru (Bangalore),BMTC,36206,CS-Bishop Coton Girls High School,16,8
Bengaluru (Bangalore),BMTC,39408,CS-Bishop Coton Girls High School 1,2,1
Bengaluru (Bangalore),BMTC,36788,CS-Bommanahalli Bosch,2,1
Bengaluru (Bangalore),BMTC,36710,CS-Bommasandra Canara Bank,2,1
Bengaluru (Bangalore),BMTC,36359,CS-Bone Mill,1,1
Bengaluru (Bangalore),BMTC,36646,CS-Bristol Quarters,2,1
Bengaluru (Bangalore),BMTC,40605,CS-Buddha Jyothi layout,2,1
Bengaluru (Bangalore),BMTC,39594,CS-Byrappa layout Kannuru,2,1
Bengaluru (Bangalore),BMTC,36619,CS-Byrathi Bande,2,1
Bengaluru (Bangalore),BMTC,36598,CS-CBI,2,1
Bengaluru (Bangalore),BMTC,38874,CS-CMP Centre and School,2,1
Bengaluru (Bangalore),BMTC,35737,CS-CPWD Quarters HSR Layout,8,4
Bengaluru (Bangalore),BMTC,36772,CS-CPWD Quarters Koramangala,2,1
Bengaluru (Bangalore),BMTC,36729,CS-CV Raman Nagara Railway Gate,2,1
Bengaluru (Bangalore),BMTC,36308,CS-CWS-3,1,1
Bengaluru (Bangalore),BMTC,39579,CS-Cafe Coffee Day (Vijaya Bank Layout),2,1
Bengaluru (Bangalore),BMTC,39588,CS-Cathedral School,2,1
Bengaluru (Bangalore),BMTC,36465,CS-Chandra Layout,2,1
Bengaluru (Bangalore),BMTC,36457,CS-Chandrappa Circle,2,1
Bengaluru (Bangalore),BMTC,36370,CS-Channasandra,2,1
Bengaluru (Bangalore),BMTC,39457,CS-Channasandra Uttarahalli,2,1
Bengaluru (Bangalore),BMTC,36567,CS-Chikka Bellanduru,2,1
Bengaluru (Bangalore),BMTC,39874,CS-Chikka Dasarahalli,2,1
Bengaluru (Bangalore),BMTC,36648,CS-Chikkabanavara,3,2
Bengaluru (Bangalore),BMTC,36654,CS-Chinmaya Vidyalaya Koramangala,6,3
Bengaluru (Bangalore),BMTC,38859,CS-Chowdary Line,7,4
Bengaluru (Bangalore),BMTC,36745,CS-Chowdeshwarinagara ORR,2,1
Bengaluru (Bangalore),BMTC,36489,CS-Christal House Learning School,18,10
Bengaluru (Bangalore),BMTC,40586,CS-Club Circle Kommagatta Road,2,1
Bengaluru (Bangalore),BMTC,40406,CS-Cox Town,1,1
Bengaluru (Bangalore),BMTC,39599,CS-Cunnigham Road(infinity),1,1
Bengaluru (Bangalore),BMTC,40582,CS-D Cross Doddaballapura,2,1
Bengaluru (Bangalore),BMTC,39684,CS-DECATHLON Gubbi Cross,2,1
Bengaluru (Bangalore),BMTC,38478,CS-DLF Home Town,2,1
Bengaluru (Bangalore),BMTC,38106,CS-DSC HAL GM Palya,2,1
Bengaluru (Bangalore),BMTC,36527,CS-Dayanand Sagar College Kanakapura Road,7,3
Bengaluru (Bangalore),BMTC,36526,CS-Dayananda Sagar College Banashankari,5,2
Bengaluru (Bangalore),BMTC,35752,CS-Deepanjalinagara,2,1
Bengaluru (Bangalore),BMTC,36418,CS-Depot-06 Gate,2,1
Bengaluru (Bangalore),BMTC,36248,CS-Depot-10 Gate,12,6
Bengaluru (Bangalore),BMTC,38900,CS-Depot-12 Gate,6,4
Bengaluru (Bangalore),BMTC,36617,CS-Depot-14 Gate,6,3
Bengaluru (Bangalore),BMTC,37960,CS-Depot-24 Gate,4,2
Bengaluru (Bangalore),BMTC,36309,CS-Depot-31,1,1
Bengaluru (Bangalore),BMTC,36207,CS-Depot-34,2,1
Bengaluru (Bangalore),BMTC,40585,CS-Devanahalli NEW Bus Stand,2,1
Bengaluru (Bangalore),BMTC,37917,CS-Devarachikkanahalli,2,1
Bengaluru (Bangalore),BMTC,36530,CS-Devegowda Petrol Bunk,2,1
Bengaluru (Bangalore),BMTC,39590,CS-Dodda Gubbi Cross (Udupi Hotel),2,1
Bengaluru (Bangalore),BMTC,36577,CS-Doddakannalli,6,3
Bengaluru (Bangalore),BMTC,38868,CS-Domlur Marriad Accomadation,2,1
Bengaluru (Bangalore),BMTC,36197,CS-East End Jayanagara,2,1
Bengaluru (Bangalore),BMTC,38873,CS-Ejipura,2,1
Bengaluru (Bangalore),BMTC,36713,CS-Electronic City,4,2
Bengaluru (Bangalore),BMTC,40418,CS-Exide Gate Billapura,2,1
Bengaluru (Bangalore),BMTC,35757,CS-Featherlite Factory Hejjala,4,2
Bengaluru (Bangalore),BMTC,35758,CS-Fetherlite Factory Guddadahalli,2,1
Bengaluru (Bangalore),BMTC,36667,CS-GBJ Colony Gate Doddanekkundi,2,1
Bengaluru (Bangalore),BMTC,36635,CS-GM Palya,4,2
Bengaluru (Bangalore),BMTC,38866,CS-Ganapathi Enclave,2,1
Bengaluru (Bangalore),BMTC,36680,CS-Genius Global School Kodathi,8,4
Bengaluru (Bangalore),BMTC,35760,CS-Girinagara Extension,2,1
Bengaluru (Bangalore),BMTC,38998,CS-Good Earth Malhar,2,2
Bengaluru (Bangalore),BMTC,40476,CS-Good land Hostel,3,3
Bengaluru (Bangalore),BMTC,36719,CS-Goraguntepalya (Towards Yashwanthapura TTMC),1,1
Bengaluru (Bangalore),BMTC,36516,CS-Gottigere,4,2
Bengaluru (Bangalore),BMTC,35963,CS-Gowdanapalya,4,2
Bengaluru (Bangalore),BMTC,36423,CS-Gubbi Cross,2,1
Bengaluru (Bangalore),BMTC,40584,CS-Gundur,2,1
Bengaluru (Bangalore),BMTC,36278,CS-Gunjuru,4,2
Bengaluru (Bangalore),BMTC,36747,CS-HAL ARDC,50,26
Bengaluru (Bangalore),BMTC,36685,CS-HAL Gnanajyothi School,2,1
Bengaluru (Bangalore),BMTC,36668,CS-HAL Hospital,2,1
Bengaluru (Bangalore),BMTC,25674,CS-HAL LCA,2,1
Bengaluru (Bangalore),BMTC,36298,CS-HAL Main Gate,1,1
Bengaluru (Bangalore),BMTC,38111,CS-HAL Market/SBI Bank,2,1
Bengaluru (Bangalore),BMTC,38006,CS-HAL Museum,2,1
Bengaluru (Bangalore),BMTC,36645,CS-HAL New Public School,4,2
Bengaluru (Bangalore),BMTC,40688,CS-HIVE RT Nagara (Kaverinagara),3,2
Bengaluru (Bangalore),BMTC,36566,CS-HP Petrol Bunk Coles Road,2,1
Bengaluru (Bangalore),BMTC,36744,CS-Hadosiddapura,2,1
Bengaluru (Bangalore),BMTC,36651,CS-Hanuman Temple Beguru,4,2
Bengaluru (Bangalore),BMTC,36493,CS-Hasanath College Hennur Bande,8,4
Bengaluru (Bangalore),BMTC,36231,CS-Head Start School Kommasandra,47,22
Bengaluru (Bangalore),BMTC,38377,CS-Hennur Junction,2,1
Bengaluru (Bangalore),BMTC,35817,CS-Heritage Estate,2,1
Bengaluru (Bangalore),BMTC,40602,CS-Hesaraghatta,2,1
Bengaluru (Bangalore),BMTC,39755,CS-Hope farm,2,1
Bengaluru (Bangalore),BMTC,36768,CS-Hosa Road Metro Station,2,1
Bengaluru (Bangalore),BMTC,40597,CS-Hosahalli Cross,2,1
Bengaluru (Bangalore),BMTC,36190,CS-Hosakerehalli Junction,1,1
Bengaluru (Bangalore),BMTC,36431,CS-Hosakote KEB Circle,7,2
Bengaluru (Bangalore),BMTC,39592,CS-Hosuru Bande,2,1
Bengaluru (Bangalore),BMTC,37916,CS-Hulimavu,3,1
Bengaluru (Bangalore),BMTC,39017,CS-IIHS Bettanapalya,5,2
Bengaluru (Bangalore),BMTC,36606,CS-IIHS Sadashivanagara,3,2
Bengaluru (Bangalore),BMTC,36614,CS-ISRO Karthik Nagara,2,1
Bengaluru (Bangalore),BMTC,36394,CS-ISRO Murugeshpalya,2,1
Bengaluru (Bangalore),BMTC,36393,CS-ISRO Quarters Jalahalli,4,2
Bengaluru (Bangalore),BMTC,35777,CS-ITPL,8,4
Bengaluru (Bangalore),BMTC,36752,CS-Immadihalli,2,1
Bengaluru (Bangalore),BMTC,40407,CS-Indian Oil,1,1
Bengaluru (Bangalore),BMTC,39524,CS-Indira Canteen Gubbalala,2,1
Bengaluru (Bangalore),BMTC,36545,CS-Indiranagara 12th Main,2,1
Bengaluru (Bangalore),BMTC,37328,CS-Infosys Parking Lot,5,2
Bengaluru (Bangalore),BMTC,36632,CS-Ittamadu Reliance Smart Point,2,1
Bengaluru (Bangalore),BMTC,36546,CS-JP Nagara 15th Cross,2,1
Bengaluru (Bangalore),BMTC,36540,CS-JP Nagara 6th Phase,2,1
Bengaluru (Bangalore),BMTC,36488,CS-Jai Bharath Nagar,2,1
Bengaluru (Bangalore),BMTC,36600,CS-Jalahalli Cross,2,1
Bengaluru (Bangalore),BMTC,36379,CS-Janatha Bazar Banashankari,1,1
Bengaluru (Bangalore),BMTC,36252,CS-Jayanagara TTMC,2,1
Bengaluru (Bangalore),BMTC,36739,CS-Jnanakshi Vidyaniketan School,10,4
Bengaluru (Bangalore),BMTC,36740,CS-Jnanakshi Vidyaniketan School,10,4
Bengaluru (Bangalore),BMTC,36541,CS-Juggath Pharma,8,4
Bengaluru (Bangalore),BMTC,39550,CS-KPTCL Office,4,1
Bengaluru (Bangalore),BMTC,36368,CS-KR Puram Railway Station,10,5
Bengaluru (Bangalore),BMTC,36490,CS-Kacharakanahalli,2,1
Bengaluru (Bangalore),BMTC,37977,CS-Kada agrahara,2,1
Bengaluru (Bangalore),BMTC,39329,CS-Kadirenahalli Cross,2,1
Bengaluru (Bangalore),BMTC,38994,CS-Kalkere,2,1
Bengaluru (Bangalore),BMTC,38009,CS-Kalyananagara 80 feet Road,2,1
Bengaluru (Bangalore),BMTC,36797,CS-Kalyananagara Bus Stand,3,2
Bengaluru (Bangalore),BMTC,36450,CS-Kannamangala Railway Gollahalli,2,1
Bengaluru (Bangalore),BMTC,40587,CS-Kari Obanahalli,2,1
Bengaluru (Bangalore),BMTC,38857,CS-Karnataka High Court Staff Quarters,2,1
Bengaluru (Bangalore),BMTC,38901,CS-Kastruriba Road,2,1
Bengaluru (Bangalore),BMTC,36586,CS-Kaval Byrasandra,4,2
Bengaluru (Bangalore),BMTC,35743,CS-Kempegowda Bus Station,5,2
Bengaluru (Bangalore),BMTC,35739,CS-Kendriya Vidyalaya ASC Center,26,13
Bengaluru (Bangalore),BMTC,36686,CS-Kendriya Vidyalaya DRDO Quarters,2,1
Bengaluru (Bangalore),BMTC,38909,CS-Kendriya Vidyalaya Halasuru (MEGC),4,2
Bengaluru (Bangalore),BMTC,31013,CS-Kendriya Vidyalaya Malleshwara,2,1
Bengaluru (Bangalore),BMTC,38960,CS-Kengeri Bus Stand,2,1
Bengaluru (Bangalore),BMTC,36409,CS-Kengeri Railway Station,2,1
Bengaluru (Bangalore),BMTC,35727,CS-Kengeri Work Shop,11,10
Bengaluru (Bangalore),BMTC,39698,CS-Kirloskar Business Park,1,1
Bengaluru (Bangalore),BMTC,36406,CS-Kittanahalli,4,2
Bengaluru (Bangalore),BMTC,38932,CS-Kodathi Gate,4,2
Bengaluru (Bangalore),BMTC,38633,CS-Kodathi Village,2,1
Bengaluru (Bangalore),BMTC,39929,CS-Kodathi Village,2,1
Bengaluru (Bangalore),BMTC,40608,CS-Kodipalya Cross,2,1
Bengaluru (Bangalore),BMTC,39743,CS-Kogilu Cross,1,1
Bengaluru (Bangalore),BMTC,39744,CS-Kogilu Cross,1,1
Bengaluru (Bangalore),BMTC,36517,CS-Koli Farm Gate,2,1
Bengaluru (Bangalore),BMTC,36670,CS-Koramangala TTMC,14,6
Bengaluru (Bangalore),BMTC,36528,CS-Kothnoor Dinne JP Nagara 8th Phase,2,1
Bengaluru (Bangalore),BMTC,39098,CS-Kumbalagodu,2,1
Bengaluru (Bangalore),BMTC,38984,CS-LAKE VIEW appartment near beedi colony,2,1
Bengaluru (Bangalore),BMTC,38865,CS-MEG Center,12,6
Bengaluru (Bangalore),BMTC,36549,CS-MS Palya,2,1
Bengaluru (Bangalore),BMTC,40606,CS-Madanayakanahalli,2,1
Bengaluru (Bangalore),BMTC,36701,CS-Mahathma Vidhyalaya Muttanalluru,2,1
Bengaluru (Bangalore),BMTC,36377,CS-Makali,2,1
Bengaluru (Bangalore),BMTC,36430,CS-Maligondanahalli,2,1
Bengaluru (Bangalore),BMTC,36339,CS-Malleshwara Sai Hot Chips,2,1
Bengaluru (Bangalore),BMTC,36279,CS-Malya Adithi School,22,13
Bengaluru (Bangalore),BMTC,36583,CS-Marappa Garden,2,1
Bengaluru (Bangalore),BMTC,38177,CS-Mariyannapalya,5,2
Bengaluru (Bangalore),BMTC,36426,CS-Maruthi Mandira,1,1
Bengaluru (Bangalore),BMTC,38011,CS-Medahalli,2,1
Bengaluru (Bangalore),BMTC,39736,CS-Mother Dairy Cross Yelahanka,2,1
Bengaluru (Bangalore),BMTC,36780,CS-Muneshwara Devasthana,1,1
Bengaluru (Bangalore),BMTC,37047,CS-Muneshwara Layout,2,1
Bengaluru (Bangalore),BMTC,36644,CS-Munnekolalu Cross,2,1
Bengaluru (Bangalore),BMTC,36699,CS-Muttanallur Cross,2,1
Bengaluru (Bangalore),BMTC,37597,CS-Mylasandra BDA Apartment,2,1
Bengaluru (Bangalore),BMTC,39587,CS-Mysore Road Metro Station,2,1
Bengaluru (Bangalore),BMTC,39747,CS-NES Office,1,1
Bengaluru (Bangalore),BMTC,36770,CS-NGV Koramangala,2,1
Bengaluru (Bangalore),BMTC,36471,CS-NITTE Meenakshi College,6,3
Bengaluru (Bangalore),BMTC,36468,CS-Nagarabhavi Circle,2,1
Bengaluru (Bangalore),BMTC,36494,CS-Nagavara Junction,8,4
Bengaluru (Bangalore),BMTC,38862,CS-Nagavarapalya,2,1
Bengaluru (Bangalore),BMTC,36561,CS-Narendra Tent Nagawara,2,1
Bengaluru (Bangalore),BMTC,37721,CS-National Games Village Gate,2,1
Bengaluru (Bangalore),BMTC,39646,CS-National Law College University,16,13
Bengaluru (Bangalore),BMTC,37079,CS-Nelamangala Bus Stand,2,1
Bengaluru (Bangalore),BMTC,39530,CS-Nelamangala Taluk Office,2,1
Bengaluru (Bangalore),BMTC,38870,CS-Nethravathi Block,3,1
Bengaluru (Bangalore),BMTC,39710,CS-Niviksha Arcade Yelahanka 5th phase,2,1
Bengaluru (Bangalore),BMTC,36417,CS-Oasis School,2,1
Bengaluru (Bangalore),BMTC,36495,CS-Old Baiyappanahalli,2,1
Bengaluru (Bangalore),BMTC,39853,CS-Olive Hostel jayanna circle,2,2
Bengaluru (Bangalore),BMTC,39568,CS-PAPAS Trading Company Hommadevanahalli,2,1
Bengaluru (Bangalore),BMTC,36529,CS-PAPAS Trading PVT LTD,4,2
Bengaluru (Bangalore),BMTC,36649,CS-PES College Hostel Kasavanahalli,12,6
Bengaluru (Bangalore),BMTC,36799,CS-PES College ORR,2,1
Bengaluru (Bangalore),BMTC,36650,CS-PESCE College Electronic City,12,6
Bengaluru (Bangalore),BMTC,38861,CS-Parachute,2,1
Bengaluru (Bangalore),BMTC,36609,CS-Peenya 2nd Stage,3,2
Bengaluru (Bangalore),BMTC,36253,CS-People Tree Hospital Nagendra Block,2,1
Bengaluru (Bangalore),BMTC,39601,CS-Phoenix One Bengaluru West Apartment,2,1
Bengaluru (Bangalore),BMTC,36636,CS-Poorva Fountain Apartment,2,1
Bengaluru (Bangalore),BMTC,36618,CS-RK Hegde Nagara,3,1
Bengaluru (Bangalore),BMTC,39742,CS-RR Gold Yelahanka,1,1
Bengaluru (Bangalore),BMTC,39746,CS-RR Gold Yelahanka,1,1
Bengaluru (Bangalore),BMTC,36454,CS-RR Medical College,2,2
Bengaluru (Bangalore),BMTC,36408,CS-RV College,3,1
Bengaluru (Bangalore),BMTC,39382,CS-Raghavendra Swamy Mutt Hosakerehalli,2,1
Bengaluru (Bangalore),BMTC,37050,CS-Rajajinagara 6th Block,1,1
Bengaluru (Bangalore),BMTC,36427,CS-Rajanukunte,2,1
Bengaluru (Bangalore),BMTC,36425,CS-Ramasandra,2,1
Bengaluru (Bangalore),BMTC,36565,CS-Ramaswamipalya,2,1
Bengaluru (Bangalore),BMTC,36779,CS-Ravi Tent,2,1
Bengaluru (Bangalore),BMTC,39737,CS-SB College Yelahanka,2,1
Bengaluru (Bangalore),BMTC,37146,CS-SDM Hospital Anchepalya,1,1
Bengaluru (Bangalore),BMTC,38010,CS-SJS CBSE Gate-2,6,3
Bengaluru (Bangalore),BMTC,36568,CS-Sapthagiri Vidya Mandir,4,2
Bengaluru (Bangalore),BMTC,38216,CS-Senior Officers Quaters,2,1
Bengaluru (Bangalore),BMTC,36627,CS-Shakthi Hills Resort,2,1
Bengaluru (Bangalore),BMTC,40581,CS-Shamarajapura Adya Apartment,2,1
Bengaluru (Bangalore),BMTC,40420,CS-Shaneshwara Swamy Temple Doddakannahalli,2,1
Bengaluru (Bangalore),BMTC,35794,CS-Shanthinagara Bus Station,7,7
Bengaluru (Bangalore),BMTC,36537,CS-Shanthinikethana Layout,2,1
Bengaluru (Bangalore),BMTC,39739,CS-Sharavathi Hotel,2,1
Bengaluru (Bangalore),BMTC,39741,CS-Sheshadripuram College Yelahanka,2,1
Bengaluru (Bangalore),BMTC,36455,CS-Shilp Bekary,2,1
Bengaluru (Bangalore),BMTC,36289,CS-Shirke KHB Quarters,2,1
Bengaluru (Bangalore),BMTC,39738,CS-Shivamandir,2,1
Bengaluru (Bangalore),BMTC,40588,CS-Siddartha International School,2,1
Bengaluru (Bangalore),BMTC,38915,CS-Sinclair High School,4,2
Bengaluru (Bangalore),BMTC,36578,CS-Sompura Gate,2,1
Bengaluru (Bangalore),BMTC,36341,CS-Sophiya School,6,3
Bengaluru (Bangalore),BMTC,36480,CS-Sophiya School,1,1
Bengaluru (Bangalore),BMTC,36214,CS-Sri Dharmaraya Circle,2,1
Bengaluru (Bangalore),BMTC,40594,CS-Sri Rama Sweets Vidyamanya Nagara,1,1
Bengaluru (Bangalore),BMTC,36599,CS-Sri Sai Packaging Company,2,1
Bengaluru (Bangalore),BMTC,36451,CS-St Benidict School,11,7
Bengaluru (Bangalore),BMTC,36410,CS-St Clare School,23,12
Bengaluru (Bangalore),BMTC,36275,CS-St Johns High School Thomas Cafe,6,3
Bengaluru (Bangalore),BMTC,38953,CS-St Johns Wood Apartment Tavarekere,2,1
Bengaluru (Bangalore),BMTC,35928,CS-St Joseph Boys High School Musuem Road,4,2
Bengaluru (Bangalore),BMTC,36571,CS-Stanley Boutique Domlur,2,1
Bengaluru (Bangalore),BMTC,36761,CS-Suncity Apartment ORR Road,2,1
Bengaluru (Bangalore),BMTC,36477,CS-Sunkadakatte,3,1
Bengaluru (Bangalore),BMTC,36643,CS-Swamy Vivekanada Metro Station,73,6
Bengaluru (Bangalore),BMTC,36272,CS-TC Palya,2,1
Bengaluru (Bangalore),BMTC,40416,CS-Tamara Residencial Layout Kachmaranhalli,2,1
Bengaluru (Bangalore),BMTC,38869,CS-Tarapura Officer Colony,2,1
Bengaluru (Bangalore),BMTC,40607,CS-Tataguni,2,1
Bengaluru (Bangalore),BMTC,36428,CS-Thanisandra,2,1
Bengaluru (Bangalore),BMTC,36562,CS-The Embassy Cunningham Road,2,1
Bengaluru (Bangalore),BMTC,37990,CS-The Light House International Academy,4,2
Bengaluru (Bangalore),BMTC,36396,CS-Therelek Eng Pvt Limited Avverahalli,4,2
Bengaluru (Bangalore),BMTC,36398,CS-Therelek Engineers PVT LTD Peenya,4,2
Bengaluru (Bangalore),BMTC,36551,CS-Thindlu,2,1
Bengaluru (Bangalore),BMTC,36569,CS-Tin Factory,2,1
Bengaluru (Bangalore),BMTC,36633,CS-Udbhava School Gulaganjanahalli,4,2
Bengaluru (Bangalore),BMTC,36500,CS-Uttamasagar Hotel Banasawadi,3,2
Bengaluru (Bangalore),BMTC,38978,CS-V CARE HOSPITAL,2,1
Bengaluru (Bangalore),BMTC,36283,CS-Valley School Kanakapura Road,20,13
Bengaluru (Bangalore),BMTC,38864,CS-Vasanth Enclave,2,1
Bengaluru (Bangalore),BMTC,36467,CS-Vidyaranyapura Bus Station,2,1
Bengaluru (Bangalore),BMTC,40580,CS-Vishal Mart,2,1
Bengaluru (Bangalore),BMTC,39740,CS-Vishnu Park,2,1
Bengaluru (Bangalore),BMTC,37184,CS-Wilson Garden 10th Cross,2,1
Bengaluru (Bangalore),BMTC,37181,CS-Wilson Garden 10th Cross,1,1
Bengaluru (Bangalore),BMTC,39655,CS-YGR Mall,11,8
Bengaluru (Bangalore),BMTC,36429,CS-Yashwanthapura TTMC,2,1
Bengaluru (Bangalore),BMTC,36573,CS-Yelahanka 4th Phase Vivekanad Park,1,1
Bengaluru (Bangalore),BMTC,35836,CS-Yelahanka 5th Phase,3,2
Bengaluru (Bangalore),BMTC,36498,CS-Yelahanka Satellite Town,5,3
Bengaluru (Bangalore),BMTC,39712,CS-Yeshwanthapura Circle,2,1
Bengaluru (Bangalore),BMTC,40468,CS-ZRTN,1,1
Bengaluru (Bangalore),BMTC,21868,CSI Hospital,2208,294
Bengaluru (Bangalore),BMTC,24744,CV Raman Nagara,40,7
Bengaluru (Bangalore),BMTC,35262,CV Raman Nagara,17,2
Bengaluru (Bangalore),BMTC,36730,CV Raman Nagara Railway Gate,2,2
Bengaluru (Bangalore),BMTC,24745,CWS-3 BMTC,22,7
Bengaluru (Bangalore),BMTC,30339,Cable Factory Ittagallapura,43,24
Bengaluru (Bangalore),BMTC,32199,Cable Factory Ittagallapura,37,26
Bengaluru (Bangalore),BMTC,32200,Cadabams,17,4
Bengaluru (Bangalore),BMTC,39577,Cafe Coffee Day (Vijaya Bank Layout),2,2
Bengaluru (Bangalore),BMTC,39472,Cambridge Hospital,4,1
Bengaluru (Bangalore),BMTC,39473,Cambridge Hospital,5,1
Bengaluru (Bangalore),BMTC,38163,Cambridge North Campus,4,3
Bengaluru (Bangalore),BMTC,38164,Cambridge North Campus,2,2
Bengaluru (Bangalore),BMTC,30346,Cambridge Public School Yelahanka,2,2
Bengaluru (Bangalore),BMTC,32202,Cambridge Public School Yelahanka,3,1
Bengaluru (Bangalore),BMTC,21799,Canara Bank Koramangala,350,39
Bengaluru (Bangalore),BMTC,21800,Canara Bank Koramangala,360,36
Bengaluru (Bangalore),BMTC,30350,Canara Bank Millers Road,94,6
Bengaluru (Bangalore),BMTC,32204,Canara Bank Millers Road,101,4
Bengaluru (Bangalore),BMTC,24187,Canara Bank Rajajinagara 1st Block,893,41
Bengaluru (Bangalore),BMTC,30352,Canara Bank Subramanyanagara,37,2
Bengaluru (Bangalore),BMTC,32205,Canara Bank Subramanyanagara,30,1
Bengaluru (Bangalore),BMTC,21801,Canara Bank Tannery Road,490,59
Bengaluru (Bangalore),BMTC,21802,Canara Bank Tannery Road,492,57
Bengaluru (Bangalore),BMTC,21803,Canara Bank Vidyaranyapura,14,9
Bengaluru (Bangalore),BMTC,21804,Canara Bank Vidyaranyapura,393,22
Bengaluru (Bangalore),BMTC,21805,Cantonment Railway Station,2213,287
Bengaluru (Bangalore),BMTC,32206,Cantonment Railway Station,46,3
Bengaluru (Bangalore),BMTC,37968,Cargo Village,610,30
Bengaluru (Bangalore),BMTC,38068,Cargo Village,59,7
Bengaluru (Bangalore),BMTC,24373,Carmel Convent Jayanagara,10,1
Bengaluru (Bangalore),BMTC,35111,Carmel Convent Jayanagara,9,2
Bengaluru (Bangalore),BMTC,35147,Carmel Convent Jayanagara,250,36
Bengaluru (Bangalore),BMTC,35199,Carmel Convent Jayanagara,248,34
Bengaluru (Bangalore),BMTC,39814,Carmel School,14,6
Bengaluru (Bangalore),BMTC,39815,Carmel School,15,5
Bengaluru (Bangalore),BMTC,34324,Carmelaram Railway Station,2,1
Bengaluru (Bangalore),BMTC,23900,Carmelram Gate,410,70
Bengaluru (Bangalore),BMTC,23914,Carmelram Gate,394,65
Bengaluru (Bangalore),BMTC,24377,Carmelram School Railway Gate,2,1
Bengaluru (Bangalore),BMTC,32208,Carmelram School Railway Gate,2,1
Bengaluru (Bangalore),BMTC,39589,Cathedral School,2,1
Bengaluru (Bangalore),BMTC,20697,Cauvery Bhavana,845,126
Bengaluru (Bangalore),BMTC,20696,Cauvery Bhavana,196,39
Bengaluru (Bangalore),BMTC,24379,Cauvery Nagara,140,7
Bengaluru (Bangalore),BMTC,32209,Cauvery Nagara,140,8
Bengaluru (Bangalore),BMTC,24383,Center for Learning School Campus Magadi Road,4,2
Bengaluru (Bangalore),BMTC,32211,Center for Learning School Campus Magadi Road,4,2
Bengaluru (Bangalore),BMTC,20702,Central,1659,216
Bengaluru (Bangalore),BMTC,20703,Central,2077,257
Bengaluru (Bangalore),BMTC,23426,Central,78,33
Bengaluru (Bangalore),BMTC,20707_ST,Central Silk Board,0,0
Bengaluru (Bangalore),BMTC,20707,Central Silk Board,1027,36
Bengaluru (Bangalore),BMTC,35768,Central Silk Board,522,48
Bengaluru (Bangalore),BMTC,35943,Central Silk Board,201,15
Bengaluru (Bangalore),BMTC,35944,Central Silk Board,203,17
Bengaluru (Bangalore),BMTC,37850,Central Silk Board,583,42
Bengaluru (Bangalore),BMTC,20707_PF2A,Central Silk Board - Platform 2A,260,1
Bengaluru (Bangalore),BMTC,20704,Central Silk Board Metro Station,928,73
Bengaluru (Bangalore),BMTC,21479,Central Silk Board Metro Station,789,50
Bengaluru (Bangalore),BMTC,37998,Chadulapura/OLD RTO,106,2
Bengaluru (Bangalore),BMTC,37999,Chadulapura/OLD RTO,58,2
Bengaluru (Bangalore),BMTC,21808,Chaithanya Samarpan Apartment,232,32
Bengaluru (Bangalore),BMTC,21809,Chaithanya Samarpan Apartment,185,31
Bengaluru (Bangalore),BMTC,21810,Chakkalatti,188,49
Bengaluru (Bangalore),BMTC,21811,Chakkalatti,174,44
Bengaluru (Bangalore),BMTC,32217,Challaghatta,4,1
Bengaluru (Bangalore),BMTC,32218,Challaghatta,3,1
Bengaluru (Bangalore),BMTC,24398,Challahalli,16,8
Bengaluru (Bangalore),BMTC,32220,Challahalli,6,5
Bengaluru (Bangalore),BMTC,24399,Challahalli Colony,4,3
Bengaluru (Bangalore),BMTC,31359,Challahalli Colony,3,2
Bengaluru (Bangalore),BMTC,24396,Challeghatta,16,6
Bengaluru (Bangalore),BMTC,32219,Challeghatta,15,7
Bengaluru (Bangalore),BMTC,20709,Chamarajapet,610,52
Bengaluru (Bangalore),BMTC,20710,Chamarajapet,129,13
Bengaluru (Bangalore),BMTC,21812,Chamarajapet,736,63
Bengaluru (Bangalore),BMTC,22770,Chamarajapet,26,6
Bengaluru (Bangalore),BMTC,23479,Chamarajapet,940,185
Bengaluru (Bangalore),BMTC,21116,Chamarajapet Rama Mandira,161,13
Bengaluru (Bangalore),BMTC,21117,Chamarajapet Rama Mandira,156,14
Bengaluru (Bangalore),BMTC,21813,Chambenahalli,424,65
Bengaluru (Bangalore),BMTC,21814,Chambenahalli,459,62
Bengaluru (Bangalore),BMTC,39630,Champion International School,26,9
Bengaluru (Bangalore),BMTC,39631,Champion International School,27,10
Bengaluru (Bangalore),BMTC,21815,Chamundeshwari Layout,404,25
Bengaluru (Bangalore),BMTC,21816,Chamundeshwari Layout,419,28
Bengaluru (Bangalore),BMTC,32222,Chamundi Nagara,26,6
Bengaluru (Bangalore),BMTC,32223,Chamundi Nagara,30,10
Bengaluru (Bangalore),BMTC,39906,Chandanahosahalli,9,2
Bengaluru (Bangalore),BMTC,39907,Chandanahosahalli,9,2
Bengaluru (Bangalore),BMTC,21817,Chandapura,850,84
Bengaluru (Bangalore),BMTC,21818,Chandapura,1100,122
Bengaluru (Bangalore),BMTC,35123,Chandapura,16,6
Bengaluru (Bangalore),BMTC,35916,Chandapura,277,36
Bengaluru (Bangalore),BMTC,36706,Chandapura,29,7
Bengaluru (Bangalore),BMTC,23834,Chandapura KEB,342,48
Bengaluru (Bangalore),BMTC,23985,Chandapura KEB,385,52
Bengaluru (Bangalore),BMTC,22776,Chandra Layout,337,44
Bengaluru (Bangalore),BMTC,20711,Chandra Layout 1st Stage,41,2
Bengaluru (Bangalore),BMTC,20712,Chandra Layout Circle,206,34
Bengaluru (Bangalore),BMTC,20713,Chandra Layout Circle,165,37
Bengaluru (Bangalore),BMTC,24406,Chandra Nagara,14,2
Bengaluru (Bangalore),BMTC,24408,Chandra Nagara Cross,7,1
Bengaluru (Bangalore),BMTC,32224,Chandra Nagara Cross,7,2
Bengaluru (Bangalore),BMTC,20714,Chandra Public School,189,32
Bengaluru (Bangalore),BMTC,20715,Chandra Public School,188,40
Bengaluru (Bangalore),BMTC,24411,Chandrappa Circle,102,33
Bengaluru (Bangalore),BMTC,32225,Chandrappa Circle,37,18
Bengaluru (Bangalore),BMTC,38775,Chandrappanagara,166,11
Bengaluru (Bangalore),BMTC,38776,Chandrappanagara,65,4
Bengaluru (Bangalore),BMTC,24414,Chandurayanahalli,3,2
Bengaluru (Bangalore),BMTC,32227,Chandurayanahalli,3,1
Bengaluru (Bangalore),BMTC,24415,Channa Marayyanapalya,4,2
Bengaluru (Bangalore),BMTC,24416,Channa Nayakanapalya,15,3
Bengaluru (Bangalore),BMTC,21481,Channadasipalya,358,56
Bengaluru (Bangalore),BMTC,21482,Channadasipalya,385,65
Bengaluru (Bangalore),BMTC,24420,Channadevi Agrahara,8,4
Bengaluru (Bangalore),BMTC,32230,Channadevi Agrahara,8,4
Bengaluru (Bangalore),BMTC,24422,Channadevi Agrahara Cross,8,4
Bengaluru (Bangalore),BMTC,32231,Channadevi Agrahara Cross,8,4
Bengaluru (Bangalore),BMTC,39573,Channahalli,4,2
Bengaluru (Bangalore),BMTC,39574,Channahalli,4,2
Bengaluru (Bangalore),BMTC,32232,Channahalli Gate,32,1
Bengaluru (Bangalore),BMTC,32233,Channahalli Gate,33,1
Bengaluru (Bangalore),BMTC,24427,Channakeshavanagara,24,3
Bengaluru (Bangalore),BMTC,32234,Channakeshavanagara,25,4
Bengaluru (Bangalore),BMTC,22727,Channammanakere Achukattu,108,8
Bengaluru (Bangalore),BMTC,24430,Channammanapalya,11,3
Bengaluru (Bangalore),BMTC,32235,Channammanapalya,5,2
Bengaluru (Bangalore),BMTC,40377,Channapatna Bus Stand,60,2
Bengaluru (Bangalore),BMTC,40372,Channappa Badavane,18,4
Bengaluru (Bangalore),BMTC,40373,Channappa Badavane,16,3
Bengaluru (Bangalore),BMTC,24432,Channappa Circle,60,23
Bengaluru (Bangalore),BMTC,24434,Channapura Gate,17,5
Bengaluru (Bangalore),BMTC,32237,Channapura Gate,17,4
Bengaluru (Bangalore),BMTC,21819,Channarayapatna,7,4
Bengaluru (Bangalore),BMTC,24435,Channarayapatna,7,3
Bengaluru (Bangalore),BMTC,24437,Channarayapatna School,1,1
Bengaluru (Bangalore),BMTC,32238,Channarayapatna School,11,3
Bengaluru (Bangalore),BMTC,21820,Channasandra,499,19
Bengaluru (Bangalore),BMTC,21823,Channasandra,524,27
Bengaluru (Bangalore),BMTC,35923,Channasandra,59,11
Bengaluru (Bangalore),BMTC,21821,Channasandra,294,92
Bengaluru (Bangalore),BMTC,21822,Channasandra,280,89
Bengaluru (Bangalore),BMTC,38634,Channasandra,3,1
Bengaluru (Bangalore),BMTC,24439,Channasandra,4,3
Bengaluru (Bangalore),BMTC,32239,Channasandra,5,4
Bengaluru (Bangalore),BMTC,21824,Channasandra Colony,501,20
Bengaluru (Bangalore),BMTC,21825,Channasandra Colony,467,18
Bengaluru (Bangalore),BMTC,24441,Channegowdana Doddy,6,3
Bengaluru (Bangalore),BMTC,32240,Channegowdana Doddy,5,2
Bengaluru (Bangalore),BMTC,21483,Channenahalli,358,56
Bengaluru (Bangalore),BMTC,21484,Channenahalli,386,66
Bengaluru (Bangalore),BMTC,21485,Channenahalli Arch,357,55
Bengaluru (Bangalore),BMTC,21486,Channenahalli Arch,383,64
Bengaluru (Bangalore),BMTC,24445,Chapparadakallu,4,3
Bengaluru (Bangalore),BMTC,31940,Chapparadakallu,49,7
Bengaluru (Bangalore),BMTC,40460,Chapparadkallu (DC Office),22,1
Bengaluru (Bangalore),BMTC,40461,Chapparadkallu (DC Office),20,1
Bengaluru (Bangalore),BMTC,29830,Chapradakallu,46,4
Bengaluru (Bangalore),BMTC,21826,Charls School Toll Gate,279,81
Bengaluru (Bangalore),BMTC,21827,Charls School Toll Gate,284,85
Bengaluru (Bangalore),BMTC,38396,Chatra (Yeliyuru Gate),49,5
Bengaluru (Bangalore),BMTC,38397,Chatra (Yeliyuru Gate),48,4
Bengaluru (Bangalore),BMTC,21828,Cheemachanahalli,6,2
Bengaluru (Bangalore),BMTC,21829,Cheemachanahalli,6,3
Bengaluru (Bangalore),BMTC,24449,Cheemandahalli,7,6
Bengaluru (Bangalore),BMTC,32244,Cheemandahalli,9,6
Bengaluru (Bangalore),BMTC,24451,Cheemandahalli Cross,5,5
Bengaluru (Bangalore),BMTC,32245,Cheemandahalli Cross,7,5
Bengaluru (Bangalore),BMTC,32246,Cheemasandra,7,1
Bengaluru (Bangalore),BMTC,24454,Cheemasandra,1,1
Bengaluru (Bangalore),BMTC,32247,Cheemasandra,2,1
Bengaluru (Bangalore),BMTC,21830,Cheemasandra Gate,382,77
Bengaluru (Bangalore),BMTC,24455,Cheemasandra Gate,484,98
Bengaluru (Bangalore),BMTC,24459,Chelekere Circle,4,1
Bengaluru (Bangalore),BMTC,32249,Chelekere Circle,4,1
Bengaluru (Bangalore),BMTC,24462,Cheluvayyanapalya,1,1
Bengaluru (Bangalore),BMTC,32250,Cheluvayyanapalya,2,1
Bengaluru (Bangalore),BMTC,24464,Chennathimmana Gollahalli,2,1
Bengaluru (Bangalore),BMTC,32251,Chennathimmana Gollahalli,2,1
Bengaluru (Bangalore),BMTC,24466,Chennathimmana Gollahalli Gate,3,2
Bengaluru (Bangalore),BMTC,32252,Chennathimmana Gollahalli Gate,3,2
Bengaluru (Bangalore),BMTC,24468,Chenuvalli,1,1
Bengaluru (Bangalore),BMTC,32253,Chenuvalli,1,1
Bengaluru (Bangalore),BMTC,23958,Chikka Adugodi,8,3
Bengaluru (Bangalore),BMTC,23963,Chikka Adugodi,11,4
Bengaluru (Bangalore),BMTC,24470,Chikka Arasanahalli,1,1
Bengaluru (Bangalore),BMTC,32254,Chikka Arasanahalli,1,1
Bengaluru (Bangalore),BMTC,20717,Chikka Banavara,681,63
Bengaluru (Bangalore),BMTC,20718,Chikka Banavara,843,107
Bengaluru (Bangalore),BMTC,38531,Chikka Banavara,32,4
Bengaluru (Bangalore),BMTC,24480,Chikka Basti,78,7
Bengaluru (Bangalore),BMTC,32260,Chikka Basti,84,9
Bengaluru (Bangalore),BMTC,24481,Chikka Basti Masjid,88,8
Bengaluru (Bangalore),BMTC,28880,Chikka Basti Masjid,92,6
Bengaluru (Bangalore),BMTC,32261,Chikka Beguru,5,3
Bengaluru (Bangalore),BMTC,32262,Chikka Beguru,5,3
Bengaluru (Bangalore),BMTC,24486,Chikka Belavagala Gate,31,9
Bengaluru (Bangalore),BMTC,32263,Chikka Belavagala Gate,29,11
Bengaluru (Bangalore),BMTC,24488,Chikka Bellanduru,5,3
Bengaluru (Bangalore),BMTC,32264,Chikka Bellanduru,4,2
Bengaluru (Bangalore),BMTC,21832,Chikka Bettahalli,634,43
Bengaluru (Bangalore),BMTC,21833,Chikka Bettahalli,635,46
Bengaluru (Bangalore),BMTC,21834,Chikka Bommasandra Cross,802,61
Bengaluru (Bangalore),BMTC,21835,Chikka Bommasandra Cross,823,66
Bengaluru (Bangalore),BMTC,24491,Chikka Byalakere,100,28
Bengaluru (Bangalore),BMTC,32265,Chikka Byalakere,91,20
Bengaluru (Bangalore),BMTC,24493,Chikka Dasarahalli,5,3
Bengaluru (Bangalore),BMTC,32266,Chikka Dasarahalli,3,1
Bengaluru (Bangalore),BMTC,24495,Chikka Dasarahalli Cross,12,6
Bengaluru (Bangalore),BMTC,32267,Chikka Dasarahalli Cross,12,6
Bengaluru (Bangalore),BMTC,24257,Chikka Devasandra KR Puram,17,5
Bengaluru (Bangalore),BMTC,24260,Chikka Devasandra KR Puram,17,7
Bengaluru (Bangalore),BMTC,39255,Chikka Gollahalli,1,1
Bengaluru (Bangalore),BMTC,39256,Chikka Gollahalli,1,1
Bengaluru (Bangalore),BMTC,21487,Chikka Gollarahatti,610,93
Bengaluru (Bangalore),BMTC,21488,Chikka Gollarahatti,631,100
Bengaluru (Bangalore),BMTC,24499,Chikka Gubbi,13,6
Bengaluru (Bangalore),BMTC,32269,Chikka Gubbi,14,7
Bengaluru (Bangalore),BMTC,21836,Chikka Gubbi Cross,228,55
Bengaluru (Bangalore),BMTC,21837,Chikka Gubbi Cross,227,51
Bengaluru (Bangalore),BMTC,24501,Chikka Hagade,1,1
Bengaluru (Bangalore),BMTC,32270,Chikka Hagade,1,1
Bengaluru (Bangalore),BMTC,23842,Chikka Hagade Gate,206,17
Bengaluru (Bangalore),BMTC,23977,Chikka Hagade Gate,242,23
Bengaluru (Bangalore),BMTC,24503,Chikka Haralagere,26,3
Bengaluru (Bangalore),BMTC,32271,Chikka Haralagere,27,3
Bengaluru (Bangalore),BMTC,24507,Chikka Hosahalli,6,1
Bengaluru (Bangalore),BMTC,24509,Chikka Indluwadi,6,2
Bengaluru (Bangalore),BMTC,32274,Chikka Indluwadi,6,2
Bengaluru (Bangalore),BMTC,24511,Chikka Kammanahalli,21,5
Bengaluru (Bangalore),BMTC,32275,Chikka Kammanahalli,23,5
Bengaluru (Bangalore),BMTC,24513,Chikka Kodigehalli,15,5
Bengaluru (Bangalore),BMTC,32276,Chikka Kodigehalli,14,4
Bengaluru (Bangalore),BMTC,24517,Chikka Korati,2,1
Bengaluru (Bangalore),BMTC,32278,Chikka Korati,2,1
Bengaluru (Bangalore),BMTC,20719,Chikka Kukkanahalli,33,15
Bengaluru (Bangalore),BMTC,24518,Chikka Kukkanahalli,33,15
Bengaluru (Bangalore),BMTC,24520,Chikka Kuntanahalli,2,2
Bengaluru (Bangalore),BMTC,32279,Chikka Kuntanahalli,10,5
Bengaluru (Bangalore),BMTC,24522,Chikka Kuntanahalli Cross,8,6
Bengaluru (Bangalore),BMTC,32280,Chikka Kuntanahalli Cross,22,10
Bengaluru (Bangalore),BMTC,20720,Chikka Madhure,60,18
Bengaluru (Bangalore),BMTC,24523,Chikka Madhure,65,17
Bengaluru (Bangalore),BMTC,24525,Chikka Mariyappanapalya,29,7
Bengaluru (Bangalore),BMTC,32281,Chikka Mariyappanapalya,31,8
Bengaluru (Bangalore),BMTC,24526,Chikka Maskal,5,2
Bengaluru (Bangalore),BMTC,24528,Chikka Nagamangala,4,1
Bengaluru (Bangalore),BMTC,32282,Chikka Nagamangala,4,1
Bengaluru (Bangalore),BMTC,24530,Chikka Nagamangala Gate,27,10
Bengaluru (Bangalore),BMTC,32283,Chikka Nagamangala Gate,29,11
Bengaluru (Bangalore),BMTC,32284,Chikka Nallala,1,1
Bengaluru (Bangalore),BMTC,24533,Chikka Nekkundi,25,11
Bengaluru (Bangalore),BMTC,35329,Chikka Nekkundi,26,10
Bengaluru (Bangalore),BMTC,24535,Chikka Puttaiahnapalya,3,1
Bengaluru (Bangalore),BMTC,32285,Chikka Puttaiahnapalya,3,1
Bengaluru (Bangalore),BMTC,39384,Chikka Puttaiahnapalya Cross,6,4
Bengaluru (Bangalore),BMTC,39385,Chikka Puttaiahnapalya Cross,4,3
Bengaluru (Bangalore),BMTC,24537,Chikka Sanne Gate,239,35
Bengaluru (Bangalore),BMTC,32286,Chikka Sanne Gate,237,34
Bengaluru (Bangalore),BMTC,24539,Chikka Tanda Manchenahalli Cross,4,3
Bengaluru (Bangalore),BMTC,32287,Chikka Tanda Manchenahalli Cross,4,3
Bengaluru (Bangalore),BMTC,24543,Chikka Thataguni,25,7
Bengaluru (Bangalore),BMTC,32289,Chikka Thataguni,26,6
Bengaluru (Bangalore),BMTC,24545,Chikka Thimmasandra,1,1
Bengaluru (Bangalore),BMTC,32290,Chikka Thimmasandra,1,1
Bengaluru (Bangalore),BMTC,24547,Chikka Thimmasandra Colony,1,1
Bengaluru (Bangalore),BMTC,32291,Chikka Thimmasandra Colony,1,1
Bengaluru (Bangalore),BMTC,24549,Chikka Thirupathi,78,20
Bengaluru (Bangalore),BMTC,32292,Chikka Thirupathi,4,4
Bengaluru (Bangalore),BMTC,35366,Chikka Thirupathi,67,21
Bengaluru (Bangalore),BMTC,24553,Chikka Thogurupalya,80,12
Bengaluru (Bangalore),BMTC,32294,Chikka Thogurupalya,91,12
Bengaluru (Bangalore),BMTC,32295,Chikka Tumkur,2,2
Bengaluru (Bangalore),BMTC,24557,Chikka Tumkur Cross,3,2
Bengaluru (Bangalore),BMTC,32296,Chikka Tumkur Cross,3,2
Bengaluru (Bangalore),BMTC,24559,Chikka Tumkur Lake,6,2
Bengaluru (Bangalore),BMTC,32297,Chikka Tumkur Lake,7,3
Bengaluru (Bangalore),BMTC,24561,Chikka Veeraiahanapalya Cross,22,5
Bengaluru (Bangalore),BMTC,32298,Chikka Veeraiahanapalya Cross,26,8
Bengaluru (Bangalore),BMTC,24563,Chikka Veeraiahnapalya,31,8
Bengaluru (Bangalore),BMTC,32299,Chikka Veeraiahnapalya,29,7
Bengaluru (Bangalore),BMTC,37648,Chikkaballapura Bus Stand,85,1
Bengaluru (Bangalore),BMTC,21108,Chikkabanavara Railway Station,684,84
Bengaluru (Bangalore),BMTC,21109,Chikkabanavara Railway Station,689,88
Bengaluru (Bangalore),BMTC,21838,Chikkabidarakallu,542,124
Bengaluru (Bangalore),BMTC,24566,Chikkabidarakallu,510,108
Bengaluru (Bangalore),BMTC,39373,Chikkabidarakallu Metrto Station,14,2
Bengaluru (Bangalore),BMTC,39374,Chikkabidarakallu Metrto Station,14,2
Bengaluru (Bangalore),BMTC,39910,Chikkabillakempanahalli (Padmashree Hospital),282,29
Bengaluru (Bangalore),BMTC,39911,Chikkabillakempanahalli (Padmashree Hospital),133,23
Bengaluru (Bangalore),BMTC,24568,Chikkagattiganabbe,2,2
Bengaluru (Bangalore),BMTC,32301,Chikkagattiganabbe,3,2
Bengaluru (Bangalore),BMTC,24570,Chikkahosahalli Gate,33,1
Bengaluru (Bangalore),BMTC,32302,Chikkahosahalli Gate,32,1
Bengaluru (Bangalore),BMTC,24572,Chikkahullur,32,8
Bengaluru (Bangalore),BMTC,32303,Chikkahullur,30,7
Bengaluru (Bangalore),BMTC,24574,Chikkajala,476,71
Bengaluru (Bangalore),BMTC,32304,Chikkajala,461,65
Bengaluru (Bangalore),BMTC,39284,Chikkajala  FLY,379,17
Bengaluru (Bangalore),BMTC,39285,Chikkajala  FLY,363,17
Bengaluru (Bangalore),BMTC,24575,Chikkallasandra,145,8
Bengaluru (Bangalore),BMTC,21840,Chikkallasandra Aralimara,555,51
Bengaluru (Bangalore),BMTC,21841,Chikkallasandra Aralimara,527,40
Bengaluru (Bangalore),BMTC,24576,Chikkallasandra Aralimara,8,3
Bengaluru (Bangalore),BMTC,21842,Chikkallasandra Bank Colony,483,41
Bengaluru (Bangalore),BMTC,21843,Chikkallasandra Bank Colony,464,37
Bengaluru (Bangalore),BMTC,40540,Chikkamaralavadi,2,1
Bengaluru (Bangalore),BMTC,40541,Chikkamaralavadi,2,1
Bengaluru (Bangalore),BMTC,40559,Chikkamaralavadi Cross,2,1
Bengaluru (Bangalore),BMTC,40560,Chikkamaralavadi Cross,2,1
Bengaluru (Bangalore),BMTC,24580,Chikkamaranahalli,1,1
Bengaluru (Bangalore),BMTC,32306,Chikkamaranahalli,3,1
Bengaluru (Bangalore),BMTC,32307,Chikkamaranahalli,3,1
Bengaluru (Bangalore),BMTC,24582,Chikkamaranahalli Colony,7,4
Bengaluru (Bangalore),BMTC,32308,Chikkamaranahalli Colony,9,5
Bengaluru (Bangalore),BMTC,32309,Chikkammanapalya,47,2
Bengaluru (Bangalore),BMTC,24584,Chikkammanapalya,44,2
Bengaluru (Bangalore),BMTC,24586,Chikkana Hosahalli,3,2
Bengaluru (Bangalore),BMTC,32310,Chikkana Hosahalli,5,3
Bengaluru (Bangalore),BMTC,39956,Chikkanadoddi Cross,16,2
Bengaluru (Bangalore),BMTC,39957,Chikkanadoddi Cross,12,2
Bengaluru (Bangalore),BMTC,32313,Chikkanahalli,3,1
Bengaluru (Bangalore),BMTC,32314,Chikkanahalli,3,1
Bengaluru (Bangalore),BMTC,32311,Chikkanahalli,59,19
Bengaluru (Bangalore),BMTC,32320,Chikkanahalli,54,18
Bengaluru (Bangalore),BMTC,32315,Chikkanahalli,2,2
Bengaluru (Bangalore),BMTC,32318,Chikkanahalli,4,3
Bengaluru (Bangalore),BMTC,24599,Chikkanahalli,3,2
Bengaluru (Bangalore),BMTC,32317,Chikkanahalli,3,2
Bengaluru (Bangalore),BMTC,32316,Chikkanahalli,33,16
Bengaluru (Bangalore),BMTC,32319,Chikkanahalli,24,13
Bengaluru (Bangalore),BMTC,24588,Chikkanahalli (Railway Gollahalli),3,3
Bengaluru (Bangalore),BMTC,32312,Chikkanahalli (Railway Gollahalli),4,3
Bengaluru (Bangalore),BMTC,24601,Chikkanahalli Bande,6,3
Bengaluru (Bangalore),BMTC,32321,Chikkanahalli Bande,1,1
Bengaluru (Bangalore),BMTC,24605,Chikkanahalli Gate,17,5
Bengaluru (Bangalore),BMTC,32323,Chikkanahalli Gate,17,4
Bengaluru (Bangalore),BMTC,28191,Chikkanahalli School,3,3
Bengaluru (Bangalore),BMTC,34485,Chikkanahalli School,4,3
Bengaluru (Bangalore),BMTC,24607,Chikkanayakanahalli,14,2
Bengaluru (Bangalore),BMTC,32324,Chikkanayakanahalli,15,3
Bengaluru (Bangalore),BMTC,24609,Chikkanayakanahalli Dinne,15,3
Bengaluru (Bangalore),BMTC,32325,Chikkanayakanahalli Dinne,14,2
Bengaluru (Bangalore),BMTC,24613,Chikkegowdanapalya,68,6
Bengaluru (Bangalore),BMTC,32327,Chikkegowdanapalya,63,7
Bengaluru (Bangalore),BMTC,39110,Chikkegowdanapalya Junction,88,4
Bengaluru (Bangalore),BMTC,39111,Chikkegowdanapalya Junction,87,4
Bengaluru (Bangalore),BMTC,24615,Chikkellur Cross,9,4
Bengaluru (Bangalore),BMTC,32328,Chikkellur Cross,8,3
Bengaluru (Bangalore),BMTC,24618,Chinmaya Vidyalaya Koramangala,3,3
Bengaluru (Bangalore),BMTC,24621,Chinnaiahnapalya,10,4
Bengaluru (Bangalore),BMTC,24623,Chinnakurchi,10,3
Bengaluru (Bangalore),BMTC,32331,Chinnakurchi,13,5
Bengaluru (Bangalore),BMTC,32332,Chinnappa Garden,8,2
Bengaluru (Bangalore),BMTC,32333,Chinnappa Garden,9,2
Bengaluru (Bangalore),BMTC,24630,Chinnappa Layout,5,2
Bengaluru (Bangalore),BMTC,32335,Chinnappa Layout,7,3
Bengaluru (Bangalore),BMTC,22694,Chinnaswamy Stadium,137,17
Bengaluru (Bangalore),BMTC,21844,Chinnayyanapalya Silk Farm,327,81
Bengaluru (Bangalore),BMTC,21845,Chinnayyanapalya Silk Farm,345,92
Bengaluru (Bangalore),BMTC,37208,Chinnayyanapalya Silk Farm,3,3
Bengaluru (Bangalore),BMTC,24637,Chinthala Madivala,2,1
Bengaluru (Bangalore),BMTC,32338,Chinthala Madivala,3,1
Bengaluru (Bangalore),BMTC,24639,Chinthala Madivala Cross,19,5
Bengaluru (Bangalore),BMTC,32339,Chinthala Madivala Cross,1,1
Bengaluru (Bangalore),BMTC,39154,Chirayu Pali Clinic,2,1
Bengaluru (Bangalore),BMTC,39155,Chirayu Pali Clinic,2,1
Bengaluru (Bangalore),BMTC,24642,Chitrapura Mutt,4,1
Bengaluru (Bangalore),BMTC,24646,Chokkahalli Gate,30,7
Bengaluru (Bangalore),BMTC,32341,Chokkahalli Gate,32,8
Bengaluru (Bangalore),BMTC,28791,Chokkanahali Government School,20,8
Bengaluru (Bangalore),BMTC,33826,Chokkanahali Government School,19,7
Bengaluru (Bangalore),BMTC,32343,Chokkanahalli,21,9
Bengaluru (Bangalore),BMTC,32344,Chokkanahalli,21,9
Bengaluru (Bangalore),BMTC,32342,Chokkanahalli,3,2
Bengaluru (Bangalore),BMTC,32346,Chokkanahalli,6,4
Bengaluru (Bangalore),BMTC,24652,Chokkanahalli,10,3
Bengaluru (Bangalore),BMTC,32345,Chokkanahalli,10,3
Bengaluru (Bangalore),BMTC,21846,Chokkanahalli Gate,473,41
Bengaluru (Bangalore),BMTC,21847,Chokkanahalli Gate,463,39
Bengaluru (Bangalore),BMTC,32347,Chokkasandra,3,2
Bengaluru (Bangalore),BMTC,32348,Chokkasandra,3,2
Bengaluru (Bangalore),BMTC,24658,Chokkasandra Cross,8,4
Bengaluru (Bangalore),BMTC,32349,Chokkasandra Cross,50,13
Bengaluru (Bangalore),BMTC,32350,Chokkasandra Cross,45,14
Bengaluru (Bangalore),BMTC,24660,Chokkasandra Gate,23,2
Bengaluru (Bangalore),BMTC,32351,Chokkasandra Gate,23,2
Bengaluru (Bangalore),BMTC,40519,Chokkenahalli Toll (Vajra),35,2
Bengaluru (Bangalore),BMTC,40520,Chokkenahalli Toll (Vajra),31,2
Bengaluru (Bangalore),BMTC,21489,Cholanayakanahalli,108,22
Bengaluru (Bangalore),BMTC,21490,Cholanayakanahalli,117,24
Bengaluru (Bangalore),BMTC,24664,Cholappanahalli Gate,30,7
Bengaluru (Bangalore),BMTC,32353,Cholappanahalli Gate,32,8
Bengaluru (Bangalore),BMTC,24667,Choodasandra Circle,71,10
Bengaluru (Bangalore),BMTC,35370,Choodasandra Circle,76,11
Bengaluru (Bangalore),BMTC,24669,Choudappa Layout,113,28
Bengaluru (Bangalore),BMTC,32355,Choudappa Layout,111,21
Bengaluru (Bangalore),BMTC,24671,Chowdanahalli,7,4
Bengaluru (Bangalore),BMTC,32356,Chowdanahalli,11,8
Bengaluru (Bangalore),BMTC,21848,Chowdappanahalli,23,11
Bengaluru (Bangalore),BMTC,21849,Chowdappanahalli,24,9
Bengaluru (Bangalore),BMTC,23971,Chowdareddy Circle,415,40
Bengaluru (Bangalore),BMTC,23973,Chowdareddy Circle,418,41
Bengaluru (Bangalore),BMTC,38858,Chowdary Line,8,3
Bengaluru (Bangalore),BMTC,24673,Chowdasandra Cross,2,1
Bengaluru (Bangalore),BMTC,32357,Chowdasandra Cross,2,1
Bengaluru (Bangalore),BMTC,40700,Chowdeshwari Layout,2,1
Bengaluru (Bangalore),BMTC,40701,Chowdeshwari Layout,2,1
Bengaluru (Bangalore),BMTC,40551,Chowdeshwari Temple,2,1
Bengaluru (Bangalore),BMTC,40552,Chowdeshwari Temple,2,1
Bengaluru (Bangalore),BMTC,32358,Chowdeshwari Temple,1,1
Bengaluru (Bangalore),BMTC,32359,Chowdeshwari Temple,1,1
Bengaluru (Bangalore),BMTC,24678,Chowdeshwari Temple,6,3
Bengaluru (Bangalore),BMTC,24679,Chowdeshwari Temple B Channasandra,24,2
Bengaluru (Bangalore),BMTC,36391,Chowdeshwarinagara,8,5
Bengaluru (Bangalore),BMTC,36390,Chowdeshwarinagara,23,4
Bengaluru (Bangalore),BMTC,24682,Chowdeshwarinagara,97,15
Bengaluru (Bangalore),BMTC,32362,Chowdeshwarinagara,96,16
Bengaluru (Bangalore),BMTC,39199,Chowdeshwarinagara Bus Stand,71,1
Bengaluru (Bangalore),BMTC,24270,Chowdeshwarinagara JP Park,150,6
Bengaluru (Bangalore),BMTC,24683,Chowdeshwarinagara JP Park,78,6
Bengaluru (Bangalore),BMTC,37606,Chowdeshwarinagara JP Park,14,6
Bengaluru (Bangalore),BMTC,24684,Chowdeshwarinagara Tataguni,26,6
Bengaluru (Bangalore),BMTC,24674,Chowdeshwarinagara Thataguni,16,4
Bengaluru (Bangalore),BMTC,24686,Christ International School Cross,1,1
Bengaluru (Bangalore),BMTC,32363,Christ International School Cross,1,1
Bengaluru (Bangalore),BMTC,24688,Christ School,63,22
Bengaluru (Bangalore),BMTC,32364,Christ School,37,16
Bengaluru (Bangalore),BMTC,24690,Christal House Learning School,62,17
Bengaluru (Bangalore),BMTC,32365,Christal House Learning School,71,15
Bengaluru (Bangalore),BMTC,24692,Chudahalli,6,4
Bengaluru (Bangalore),BMTC,32366,Chudahalli,7,4
Bengaluru (Bangalore),BMTC,24694,Chunchaghatta,10,4
Bengaluru (Bangalore),BMTC,32367,Chunchaghatta,10,4
Bengaluru (Bangalore),BMTC,24696,Chunchanakuppe,121,35
Bengaluru (Bangalore),BMTC,32368,Chunchanakuppe,4,3
Bengaluru (Bangalore),BMTC,21850,Cipla Avalahalli,416,94
Bengaluru (Bangalore),BMTC,21851,Cipla Avalahalli,442,98
Bengaluru (Bangalore),BMTC,38192,Cipla Avalahalli,3,2
Bengaluru (Bangalore),BMTC,21491,City Civil Court,5,4
Bengaluru (Bangalore),BMTC,24128,City Civil Court,97,36
Bengaluru (Bangalore),BMTC,37720,City Civil Court (CHAKRA),11,4
Bengaluru (Bangalore),BMTC,35922,Clarence School,284,85
Bengaluru (Bangalore),BMTC,36224,Cloride Metal,1,1
Bengaluru (Bangalore),BMTC,36225,Cloride Metal,1,1
Bengaluru (Bangalore),BMTC,24711,Coca Cola Byramangala,36,8
Bengaluru (Bangalore),BMTC,32374,Coca Cola Byramangala,32,4
Bengaluru (Bangalore),BMTC,24715,Coffee Board Layout,5,2
Bengaluru (Bangalore),BMTC,32377,Coffee Board Layout,5,1
Bengaluru (Bangalore),BMTC,38049,Coffee Day Hope Farm,396,42
Bengaluru (Bangalore),BMTC,38050,Coffee Day Hope Farm,313,37
Bengaluru (Bangalore),BMTC,38695,Cohera,6,1
Bengaluru (Bangalore),BMTC,21857,Coles Park,1325,182
Bengaluru (Bangalore),BMTC,21859,Coles Park,1336,181
Bengaluru (Bangalore),BMTC,24717,Coles Park,44,4
Bengaluru (Bangalore),BMTC,32378,Coles Park,27,2
Bengaluru (Bangalore),BMTC,21862,Coles Road,564,39
Bengaluru (Bangalore),BMTC,21863,Coles Road,572,41
Bengaluru (Bangalore),BMTC,21864,Commando Hospital,587,99
Bengaluru (Bangalore),BMTC,21865,Commando Hospital,544,94
Bengaluru (Bangalore),BMTC,24721,Commercial Street,1,1
Bengaluru (Bangalore),BMTC,35086,Commercial Street,16,5
Bengaluru (Bangalore),BMTC,35212,Commercial Street,13,3
Bengaluru (Bangalore),BMTC,24722,Concord Apartment Electronic City,215,16
Bengaluru (Bangalore),BMTC,35337,Concord Apartment Electronic City,224,15
Bengaluru (Bangalore),BMTC,37972,Concorde Napa Valley,6,1
Bengaluru (Bangalore),BMTC,20725,Corporation,3472,566
Bengaluru (Bangalore),BMTC,20726,Corporation,1068,245
Bengaluru (Bangalore),BMTC,20727,Corporation,2045,456
Bengaluru (Bangalore),BMTC,20728,Corporation,1651,178
Bengaluru (Bangalore),BMTC,24724,Country Club Bagaluru,231,45
Bengaluru (Bangalore),BMTC,32381,Country Club Bagaluru,231,41
Bengaluru (Bangalore),BMTC,23660,Cox Town,33,7
Bengaluru (Bangalore),BMTC,24047,Cox Town,33,8
Bengaluru (Bangalore),BMTC,20732,Crown Plaza,301,32
Bengaluru (Bangalore),BMTC,24733,Crown Plaza,156,20
Bengaluru (Bangalore),BMTC,21866,Crystal Apartment Sarjapura Road,421,64
Bengaluru (Bangalore),BMTC,21867,Crystal Apartment Sarjapura Road,481,63
Bengaluru (Bangalore),BMTC,24741,Cubbon Park Metro Station,10,8
Bengaluru (Bangalore),BMTC,37694,Cubbon Park Metro Station,57,4
Bengaluru (Bangalore),BMTC,38459,Cubbon Park Metro Station,23,1
Bengaluru (Bangalore),BMTC,21869,Cunningham Road,1995,251
Bengaluru (Bangalore),BMTC,39688,Cura Hospital,370,100
Bengaluru (Bangalore),BMTC,39689,Cura Hospital,365,96
Bengaluru (Bangalore),BMTC,23341,C‌ Q A L,512,41
Bengaluru (Bangalore),BMTC,24749,D Cross Doddaballapura,318,17
Bengaluru (Bangalore),BMTC,32387,D Cross Doddaballapura,336,27
Bengaluru (Bangalore),BMTC,32389,D Cross Doddaballapura,31,9
Bengaluru (Bangalore),BMTC,24751,D Group Employees Layout,16,8
Bengaluru (Bangalore),BMTC,32390,D Group Employees Layout,14,7
Bengaluru (Bangalore),BMTC,26638,D Group Employees Layout Srigandhada Kaval,11,3
Bengaluru (Bangalore),BMTC,34680,D Group Employees Layout Srigandhada Kaval,48,6
Bengaluru (Bangalore),BMTC,24753,D Hosahalli,11,10
Bengaluru (Bangalore),BMTC,32391,D Hosahalli,9,8
Bengaluru (Bangalore),BMTC,24755,D Shettihalli Gate,61,3
Bengaluru (Bangalore),BMTC,32392,D Shettihalli Gate,66,3
Bengaluru (Bangalore),BMTC,21872,D Souza Circle,120,8
Bengaluru (Bangalore),BMTC,24758,D Souza Nagara,11,4
Bengaluru (Bangalore),BMTC,32393,D Souza Nagara,21,5
Bengaluru (Bangalore),BMTC,38109,DEPOT-19 Gate,101,10
Bengaluru (Bangalore),BMTC,37969,DHFL,610,30
Bengaluru (Bangalore),BMTC,38070,DHFL,59,7
Bengaluru (Bangalore),BMTC,25000,DLF Home Town,3,3
Bengaluru (Bangalore),BMTC,32493,DLF Home Town,3,3
Bengaluru (Bangalore),BMTC,21925,DRDO Quarters,29,6
Bengaluru (Bangalore),BMTC,21926,DRDO Quarters,30,6
Bengaluru (Bangalore),BMTC,38105,DSC HAL GM Palya,2,2
Bengaluru (Bangalore),BMTC,39323,DTDC Wear House (Godown),2,1
Bengaluru (Bangalore),BMTC,25164,DUO Heights Layout,10,2
Bengaluru (Bangalore),BMTC,32572,DUO Heights Layout,2,1
Bengaluru (Bangalore),BMTC,24761,Dabaspete,92,8
Bengaluru (Bangalore),BMTC,32394,Dabaspete,96,9
Bengaluru (Bangalore),BMTC,24763,Dabbaguli,8,2
Bengaluru (Bangalore),BMTC,24765,Dabbaguli Gate,4,2
Bengaluru (Bangalore),BMTC,32396,Dabbaguli Gate,4,2
Bengaluru (Bangalore),BMTC,24768,Dabbaguli Gate-2,2,1
Bengaluru (Bangalore),BMTC,32398,Dabbaguli Gate-2,2,1
Bengaluru (Bangalore),BMTC,20733,Dalai Lama College,310,40
Bengaluru (Bangalore),BMTC,20734,Dalai Lama College,308,45
Bengaluru (Bangalore),BMTC,24769,Dalmia Circle,38,6
Bengaluru (Bangalore),BMTC,35201,Dalmia Circle,3,1
Bengaluru (Bangalore),BMTC,35959,Dalmia Circle,105,24
Bengaluru (Bangalore),BMTC,39259,Dalmia Circle,35,5
Bengaluru (Bangalore),BMTC,24771,Damodhar Nagara,6,1
Bengaluru (Bangalore),BMTC,24773,Dandiganahalli,2,2
Bengaluru (Bangalore),BMTC,32400,Dandiganahalli,2,2
Bengaluru (Bangalore),BMTC,24775,Dandupalya,2,1
Bengaluru (Bangalore),BMTC,32401,Dandupalya,4,2
Bengaluru (Bangalore),BMTC,24777,Dandupalya Cross,5,3
Bengaluru (Bangalore),BMTC,32402,Dandupalya Cross,7,3
Bengaluru (Bangalore),BMTC,32403,Dandupalya Gate,55,14
Bengaluru (Bangalore),BMTC,32404,Dandupalya Gate,59,16
Bengaluru (Bangalore),BMTC,24782,Danojipalya,2,2
Bengaluru (Bangalore),BMTC,32405,Danojipalya,1,1
Bengaluru (Bangalore),BMTC,24784,Dargha,50,6
Bengaluru (Bangalore),BMTC,32406,Dargha,50,6
Bengaluru (Bangalore),BMTC,24785,Darshan Farm,4,2
Bengaluru (Bangalore),BMTC,21873,Dasanapura,501,95
Bengaluru (Bangalore),BMTC,24788,Dasanapura,526,97
Bengaluru (Bangalore),BMTC,32407,Dasanapura,4,2
Bengaluru (Bangalore),BMTC,24050,Dasanayakanahalli,3,2
Bengaluru (Bangalore),BMTC,24303,Dasanayakanahalli,1,1
Bengaluru (Bangalore),BMTC,24792,Dasappanapalya,148,20
Bengaluru (Bangalore),BMTC,32409,Dasappanapalya,151,19
Bengaluru (Bangalore),BMTC,24796,Dasarahalli,4,1
Bengaluru (Bangalore),BMTC,32412,Dasarahalli,4,1
Bengaluru (Bangalore),BMTC,32413,Dasarahalli Hebbala,12,2
Bengaluru (Bangalore),BMTC,32414,Dasarahalli Hebbala,12,3
Bengaluru (Bangalore),BMTC,21496,Dasarahalli Kere,101,12
Bengaluru (Bangalore),BMTC,24067,Dasarahalli Kere,33,7
Bengaluru (Bangalore),BMTC,30369,Dasarahalli Road Junction,13,4
Bengaluru (Bangalore),BMTC,33143,Dasarahalli Road Junction,13,3
Bengaluru (Bangalore),BMTC,24805,Dasegowdarapalya,3,1
Bengaluru (Bangalore),BMTC,32417,Dasegowdarapalya,3,1
Bengaluru (Bangalore),BMTC,20735,Dasenahalli Cross,80,23
Bengaluru (Bangalore),BMTC,24808,Dasenahalli Cross,80,27
Bengaluru (Bangalore),BMTC,24812,Dattatreya Peeta Doddagubbi,16,4
Bengaluru (Bangalore),BMTC,32420,Dattatreya Peeta Doddagubbi,18,4
Bengaluru (Bangalore),BMTC,21874,Dayananda Sagar College,163,25
Bengaluru (Bangalore),BMTC,21875,Dayananda Sagar College,158,20
Bengaluru (Bangalore),BMTC,23601,Dayananda Sagar Vidya Samste,283,73
Bengaluru (Bangalore),BMTC,23637,Dayananda Sagar Vidya Samste,301,80
Bengaluru (Bangalore),BMTC,39368,Dayananda Sagara MDC,85,10
Bengaluru (Bangalore),BMTC,39369,Dayananda Sagara MDC,84,10
Bengaluru (Bangalore),BMTC,24161,Deccan,178,29
Bengaluru (Bangalore),BMTC,24165,Deccan,200,30
Bengaluru (Bangalore),BMTC,24817,Deepa Complex,248,22
Bengaluru (Bangalore),BMTC,35400,Deepa Complex,594,35
Bengaluru (Bangalore),BMTC,35406,Deepa Complex,809,53
Bengaluru (Bangalore),BMTC,21877,Deepak Factory,542,124
Bengaluru (Bangalore),BMTC,24818,Deepak Factory,520,112
Bengaluru (Bangalore),BMTC,21878,Deepak Nursing Home,397,91
Bengaluru (Bangalore),BMTC,21879,Deepak Nursing Home,417,101
Bengaluru (Bangalore),BMTC,20738,Deepanjalinagara,797,69
Bengaluru (Bangalore),BMTC,20739,Deepanjalinagara,1072,94
Bengaluru (Bangalore),BMTC,32423,Deganahalli,1,1
Bengaluru (Bangalore),BMTC,24821,Dell,306,26
Bengaluru (Bangalore),BMTC,21881,Dell Domluru,260,23
Bengaluru (Bangalore),BMTC,24824,Depot-02 Shanthinagara,172,1
Bengaluru (Bangalore),BMTC,23652,Depot-03 Shanthinagara,123,1
Bengaluru (Bangalore),BMTC,24827,Depot-04 Jayanagara,140,2
Bengaluru (Bangalore),BMTC,20741,Depot-06 Gate,494,169
Bengaluru (Bangalore),BMTC,20742,Depot-06 Gate,654,193
Bengaluru (Bangalore),BMTC,20743,Depot-06 Indiranagara,139,1
Bengaluru (Bangalore),BMTC,22774,Depot-07 Subhashnagara,170,1
Bengaluru (Bangalore),BMTC,32424,Depot-08 Yeshawanthapura,157,1
Bengaluru (Bangalore),BMTC,39142,Depot-09 Gate,67,10
Bengaluru (Bangalore),BMTC,35710,Depot-09 Peenya,183,2
Bengaluru (Bangalore),BMTC,28843,Depot-10 Gate,280,13
Bengaluru (Bangalore),BMTC,35918,Depot-10 Gate,299,86
Bengaluru (Bangalore),BMTC,35919,Depot-10 Gate,1,1
Bengaluru (Bangalore),BMTC,39174,Depot-10 Gate,393,99
Bengaluru (Bangalore),BMTC,21498,Depot-10 Gate,1,1
Bengaluru (Bangalore),BMTC,21500,Depot-10 Hennuru,185,3
Bengaluru (Bangalore),BMTC,32425,Depot-11 Puttenahalli,137,2
Bengaluru (Bangalore),BMTC,35721,Depot-12 Gate,721,156
Bengaluru (Bangalore),BMTC,36407,Depot-12 Gate,570,138
Bengaluru (Bangalore),BMTC,24833,Depot-12 Kengeri,228,4
Bengaluru (Bangalore),BMTC,20745,Depot-13 Kathriguppe,187,1
Bengaluru (Bangalore),BMTC,36584,Depot-14 Gate,107,16
Bengaluru (Bangalore),BMTC,35045,Depot-14 RT Nagara,152,3
Bengaluru (Bangalore),BMTC,32426,Depot-15 Koramangala,148,1
Bengaluru (Bangalore),BMTC,20746,Depot-16 Deepanajalinagara,111,1
Bengaluru (Bangalore),BMTC,22775,Depot-17 Chandra Layout,149,1
Bengaluru (Bangalore),BMTC,24838,Depot-18 White Field,118,1
Bengaluru (Bangalore),BMTC,24839,Depot-19 Electronic City,128,4
Bengaluru (Bangalore),BMTC,21503,Depot-20 Banashankari,89,5
Bengaluru (Bangalore),BMTC,39764,Depot-20 Gate,2,2
Bengaluru (Bangalore),BMTC,39765,Depot-20 Gate,7,3
Bengaluru (Bangalore),BMTC,24840,Depot-21 BEML Layout,152,1
Bengaluru (Bangalore),BMTC,39141,Depot-22 Gate,66,5
Bengaluru (Bangalore),BMTC,20747,Depot-22 Peenya,175,2
Bengaluru (Bangalore),BMTC,24841,Depot-23 Kalyana Nagara,108,3
Bengaluru (Bangalore),BMTC,21886,Depot-24 Gate,350,25
Bengaluru (Bangalore),BMTC,36727,Depot-24 Gate,28,12
Bengaluru (Bangalore),BMTC,24843,Depot-24 ITI Layout,193,8
Bengaluru (Bangalore),BMTC,20749,Depot-25 Gate,1192,72
Bengaluru (Bangalore),BMTC,32427,Depot-25 Gate,147,5
Bengaluru (Bangalore),BMTC,20748,Depot-25 Gate (Central Silk Board),1293,72
Bengaluru (Bangalore),BMTC,24847,Depot-25 HSR Layout,134,2
Bengaluru (Bangalore),BMTC,23309,Depot-26 Yeshawanthapura,149,1
Bengaluru (Bangalore),BMTC,36342,Depot-27 Gate,232,26
Bengaluru (Bangalore),BMTC,36343,Depot-27 Gate,222,26
Bengaluru (Bangalore),BMTC,24849,Depot-27 Jigani,160,2
Bengaluru (Bangalore),BMTC,20750,Depot-28 Hebbala,166,1
Bengaluru (Bangalore),BMTC,24851,Depot-29 KR Puram,172,2
Bengaluru (Bangalore),BMTC,24852,Depot-30 Puttenahalli,140,2
Bengaluru (Bangalore),BMTC,21887,Depot-31 Gate,1049,85
Bengaluru (Bangalore),BMTC,35917,Depot-31 Gate,758,42
Bengaluru (Bangalore),BMTC,24854,Depot-31 Summanahalli,237,2
Bengaluru (Bangalore),BMTC,24855,Depot-32 Suryacity,158,2
Bengaluru (Bangalore),BMTC,35283,Depot-33 Poornapragna layout,171,1
Bengaluru (Bangalore),BMTC,32430,Depot-34 Gate,192,36
Bengaluru (Bangalore),BMTC,35964,Depot-34 Gate,201,47
Bengaluru (Bangalore),BMTC,32431,Depot-34 Kottanur,166,2
Bengaluru (Bangalore),BMTC,35809,Depot-35 Gate,398,33
Bengaluru (Bangalore),BMTC,24860,Depot-35 Kannalli,146,2
Bengaluru (Bangalore),BMTC,24861,Depot-36 Bidadi,128,2
Bengaluru (Bangalore),BMTC,24863,Depot-36 Gate,106,10
Bengaluru (Bangalore),BMTC,32432,Depot-36 Gate,92,6
Bengaluru (Bangalore),BMTC,35735,Depot-37 Kengeri,135,1
Bengaluru (Bangalore),BMTC,24864,Depot-38 Chikkanagamangala,161,2
Bengaluru (Bangalore),BMTC,24866,Depot-38 Gate,322,47
Bengaluru (Bangalore),BMTC,36785,Depot-38 Gate,95,35
Bengaluru (Bangalore),BMTC,36725,Depot-39 Gate,65,2
Bengaluru (Bangalore),BMTC,32434,Depot-39 Hoskote,138,3
Bengaluru (Bangalore),BMTC,32435,Depot-40 Dasanapura,141,2
Bengaluru (Bangalore),BMTC,40470,Depot-40 Gate,164,28
Bengaluru (Bangalore),BMTC,40471,Depot-40 Gate,152,16
Bengaluru (Bangalore),BMTC,37149,Depot-41 Gate,146,38
Bengaluru (Bangalore),BMTC,37151,Depot-41 Gate,147,28
Bengaluru (Bangalore),BMTC,24871,Depot-41 Gunjuru,125,2
Bengaluru (Bangalore),BMTC,23510,Depot-42 Gate  Arrival,74,16
Bengaluru (Bangalore),BMTC,23509,Depot-42 Gate Departure,74,17
Bengaluru (Bangalore),BMTC,38595,Depot-42 Kodathi,75,1
Bengaluru (Bangalore),BMTC,24875,Depot-43 Gate,285,29
Bengaluru (Bangalore),BMTC,32437,Depot-43 Shivanapura,129,2
Bengaluru (Bangalore),BMTC,24877,Depot-44 Anjanapura,138,2
Bengaluru (Bangalore),BMTC,35044,Depot-45 Gate,590,68
Bengaluru (Bangalore),BMTC,36327,Depot-45 Gate,446,65
Bengaluru (Bangalore),BMTC,24878,Depot-45 MS Palya,143,2
Bengaluru (Bangalore),BMTC,32438,Depot-46 Gate,1,1
Bengaluru (Bangalore),BMTC,40609,Depot-46 Gate,1,1
Bengaluru (Bangalore),BMTC,24884,Depot-46 Sadenahalli,107,1
Bengaluru (Bangalore),BMTC,36726,Depot-47 Gate,111,5
Bengaluru (Bangalore),BMTC,35708,Depot-47 Manduru,125,5
Bengaluru (Bangalore),BMTC,24888,Depot-48 Byrathibande,96,1
Bengaluru (Bangalore),BMTC,35041,Depot-48 Gate,64,9
Bengaluru (Bangalore),BMTC,35042,Depot-48 Gate,75,14
Bengaluru (Bangalore),BMTC,36313,Depot-49 Bidadi,142,1
Bengaluru (Bangalore),BMTC,36234,Depot-50 Devanahalli,167,2
Bengaluru (Bangalore),BMTC,37588,Depot-51 Sadaramangala,84,1
Bengaluru (Bangalore),BMTC,37590,Depot-51 Sadaramangala Arrival,91,8
Bengaluru (Bangalore),BMTC,37589,Depot-51 Sadaramangala Departure,92,7
Bengaluru (Bangalore),BMTC,38895,Depot-52 Gate Arrival,60,18
Bengaluru (Bangalore),BMTC,38894,Depot-52 Gate Departure,62,20
Bengaluru (Bangalore),BMTC,38893,Depot-52 Huttanahalli,54,2
Bengaluru (Bangalore),BMTC,38085,Depot-9,2,1
Bengaluru (Bangalore),BMTC,21888,Deshnarayanaswamy Temple,71,13
Bengaluru (Bangalore),BMTC,24892,Deshnarayanaswamy Temple,74,12
Bengaluru (Bangalore),BMTC,24894,Design Global Mavallipura,10,4
Bengaluru (Bangalore),BMTC,32439,Design Global Mavallipura,11,6
Bengaluru (Bangalore),BMTC,21504,Deva Machohalli Cross,114,26
Bengaluru (Bangalore),BMTC,21505,Deva Machohalli Cross,123,27
Bengaluru (Bangalore),BMTC,24896,Devadiga Soudha,21,4
Bengaluru (Bangalore),BMTC,32440,Devadiga Soudha,11,6
Bengaluru (Bangalore),BMTC,24898,Devaganahalli,8,6
Bengaluru (Bangalore),BMTC,32441,Devaganahalli,6,4
Bengaluru (Bangalore),BMTC,24900,Devagere,28,8
Bengaluru (Bangalore),BMTC,32442,Devagere,40,9
Bengaluru (Bangalore),BMTC,24902,Devagere Colony,1,1
Bengaluru (Bangalore),BMTC,32443,Devagere Colony,2,2
Bengaluru (Bangalore),BMTC,24904,Devagere Cross,75,20
Bengaluru (Bangalore),BMTC,32444,Devagere Cross,80,27
Bengaluru (Bangalore),BMTC,20751,Devaiah Park,628,47
Bengaluru (Bangalore),BMTC,20752,Devaiah Park,680,46
Bengaluru (Bangalore),BMTC,24906,Devalapura,4,3
Bengaluru (Bangalore),BMTC,32445,Devalapura,3,2
Bengaluru (Bangalore),BMTC,24909,Devalapura Circle,6,5
Bengaluru (Bangalore),BMTC,32446,Devalapura Circle,3,2
Bengaluru (Bangalore),BMTC,32447,Devalapura Circle,2,1
Bengaluru (Bangalore),BMTC,24911,Devanagondi,32,18
Bengaluru (Bangalore),BMTC,32448,Devanagondi,35,17
Bengaluru (Bangalore),BMTC,24913,Devanagondi IOC,2,2
Bengaluru (Bangalore),BMTC,32449,Devanagondi IOC,2,1
Bengaluru (Bangalore),BMTC,24915,Devanagondi LPG,4,3
Bengaluru (Bangalore),BMTC,32450,Devanagondi LPG,3,2
Bengaluru (Bangalore),BMTC,24917,Devanagondi Railway Station,4,3
Bengaluru (Bangalore),BMTC,32451,Devanagondi Railway Station,3,2
Bengaluru (Bangalore),BMTC,24919,Devanagundi Cross,10,5
Bengaluru (Bangalore),BMTC,32452,Devanagundi Cross,13,5
Bengaluru (Bangalore),BMTC,24922,Devanahalli Bypass NH-7,234,32
Bengaluru (Bangalore),BMTC,32454,Devanahalli Bypass NH-7,236,33
Bengaluru (Bangalore),BMTC,24925,Devanahalli Cross Sulibele,68,6
Bengaluru (Bangalore),BMTC,32455,Devanahalli Cross Sulibele,110,6
Bengaluru (Bangalore),BMTC,32456,Devanahalli Cross Sulibele,41,2
Bengaluru (Bangalore),BMTC,24927,Devanahalli Govt Hospital,49,5
Bengaluru (Bangalore),BMTC,32457,Devanahalli Govt Hospital,49,5
Bengaluru (Bangalore),BMTC,24931,Devanahalli New Bus Station,313,46
Bengaluru (Bangalore),BMTC,32458,Devanahalli New Bus Station,507,50
Bengaluru (Bangalore),BMTC,32461,Devanahalli Old Bus Stand,432,42
Bengaluru (Bangalore),BMTC,32462,Devanahalli Old Bus Stand,337,44
Bengaluru (Bangalore),BMTC,24936,Devanahalli Talluk Office,193,33
Bengaluru (Bangalore),BMTC,32463,Devanahalli Talluk Office,198,34
Bengaluru (Bangalore),BMTC,24938,Devanayakanahalli,5,2
Bengaluru (Bangalore),BMTC,32464,Devanayakanahalli,5,2
Bengaluru (Bangalore),BMTC,24940,Devanayakanahalli Cross,4,1
Bengaluru (Bangalore),BMTC,32465,Devanayakanahalli Cross,4,1
Bengaluru (Bangalore),BMTC,24941,Devaninjayyanapalya,4,1
Bengaluru (Bangalore),BMTC,21889,Devannanapalya,491,91
Bengaluru (Bangalore),BMTC,24942,Devannanapalya,496,92
Bengaluru (Bangalore),BMTC,20753,Devarabisanahalli Ring Road,1314,84
Bengaluru (Bangalore),BMTC,20754,Devarabisanahalli Ring Road,1261,82
Bengaluru (Bangalore),BMTC,24944,Devarabisanahalli Village(Ambedkar Circle),12,2
Bengaluru (Bangalore),BMTC,32466,Devarabisanahalli Village(Ambedkar Circle),10,2
Bengaluru (Bangalore),BMTC,24946,Devarachikkanahalli,66,4
Bengaluru (Bangalore),BMTC,35313,Devarachikkanahalli,72,6
Bengaluru (Bangalore),BMTC,24950,Devarahalli Gate,2,2
Bengaluru (Bangalore),BMTC,32469,Devarahalli Gate,4,3
Bengaluru (Bangalore),BMTC,39514,Devarahatti Magadi,5,1
Bengaluru (Bangalore),BMTC,24255,Devasandra,17,5
Bengaluru (Bangalore),BMTC,24262,Devasandra,17,7
Bengaluru (Bangalore),BMTC,24952,Devasandra Chikkamaranahalli,151,15
Bengaluru (Bangalore),BMTC,32470,Devasandra Chikkamaranahalli,152,17
Bengaluru (Bangalore),BMTC,24954,Devashettyhalli,5,3
Bengaluru (Bangalore),BMTC,32471,Devashettyhalli,5,3
Bengaluru (Bangalore),BMTC,24962,Devegowda Hospital,122,14
Bengaluru (Bangalore),BMTC,32475,Devegowda Hospital,105,11
Bengaluru (Bangalore),BMTC,20755,Devegowda Petrol Bunk,609,41
Bengaluru (Bangalore),BMTC,20756,Devegowda Petrol Bunk,651,51
Bengaluru (Bangalore),BMTC,23679,Devegowda Petrol Bunk,268,30
Bengaluru (Bangalore),BMTC,23735,Devegowda Petrol Bunk,195,20
Bengaluru (Bangalore),BMTC,20757,Devinagara Cross,674,73
Bengaluru (Bangalore),BMTC,20758,Devinagara Cross,715,79
Bengaluru (Bangalore),BMTC,21890,Devis Road,308,87
Bengaluru (Bangalore),BMTC,21891,Devis Road,284,85
Bengaluru (Bangalore),BMTC,24967,Dhaba Gate,239,35
Bengaluru (Bangalore),BMTC,32476,Dhaba Gate,237,34
Bengaluru (Bangalore),BMTC,24969,Dhananayakanahalli,6,2
Bengaluru (Bangalore),BMTC,32477,Dhananayakanahalli,4,1
Bengaluru (Bangalore),BMTC,24971,Dharma Nayakana Tandya,4,3
Bengaluru (Bangalore),BMTC,32478,Dharma Nayakana Tandya,4,3
Bengaluru (Bangalore),BMTC,24973,Dharmapura,25,3
Bengaluru (Bangalore),BMTC,35333,Dharmapura,25,3
Bengaluru (Bangalore),BMTC,21892,Dharmapura Cross,6,2
Bengaluru (Bangalore),BMTC,21893,Dharmapura Cross,9,5
Bengaluru (Bangalore),BMTC,24975,Dharmapura Gate,1,1
Bengaluru (Bangalore),BMTC,21506,Dhobi Ghat Rajajinagara,104,12
Bengaluru (Bangalore),BMTC,21894,Dhobi Ghat Rajajinagara,435,25
Bengaluru (Bangalore),BMTC,21895,Dhobi Ghat Rajajinagara,482,23
Bengaluru (Bangalore),BMTC,24978,Dhobi Ghat Rajajinagara,24,4
Bengaluru (Bangalore),BMTC,32481,Dhobi Ghat Rajajinagara,32,4
Bengaluru (Bangalore),BMTC,21896,Dhoopanahalli,258,22
Bengaluru (Bangalore),BMTC,24979,Dhoopanahalli,53,4
Bengaluru (Bangalore),BMTC,35940,Dhoopanahalli,318,25
Bengaluru (Bangalore),BMTC,22893,Diacon Hospital,525,37
Bengaluru (Bangalore),BMTC,24193,Diacon Hospital,478,33
Bengaluru (Bangalore),BMTC,24981,Dibbur,8,3
Bengaluru (Bangalore),BMTC,32482,Dibbur,4,2
Bengaluru (Bangalore),BMTC,24986,Dickenson Road,8,2
Bengaluru (Bangalore),BMTC,35354,Dickenson Road,6,2
Bengaluru (Bangalore),BMTC,24990,Dinnepalya,15,6
Bengaluru (Bangalore),BMTC,32487,Dinnepalya,13,5
Bengaluru (Bangalore),BMTC,21898,Dinnur,8,5
Bengaluru (Bangalore),BMTC,32488,Dinnur,6,2
Bengaluru (Bangalore),BMTC,32489,Dinnur,4,2
Bengaluru (Bangalore),BMTC,32490,Dinnur,4,3
Bengaluru (Bangalore),BMTC,24996,Dinnur Cross,7,3
Bengaluru (Bangalore),BMTC,32491,Dinnur Cross,5,2
Bengaluru (Bangalore),BMTC,20759,Dinnur Main Road,480,24
Bengaluru (Bangalore),BMTC,20760,Dinnur Main Road,480,31
Bengaluru (Bangalore),BMTC,24998,Dinnur Sudhamanagara,24,7
Bengaluru (Bangalore),BMTC,32492,Dinnur Sudhamanagara,69,11
Bengaluru (Bangalore),BMTC,21899,Diwanarapalya,835,100
Bengaluru (Bangalore),BMTC,21900,Diwanarapalya,869,100
Bengaluru (Bangalore),BMTC,25003,Doctors Layout Kasturinagara,21,6
Bengaluru (Bangalore),BMTC,32494,Doctors Layout Kasturinagara,9,2
Bengaluru (Bangalore),BMTC,25005,Dodda Aladamara,27,6
Bengaluru (Bangalore),BMTC,32495,Dodda Aladamara,154,38
Bengaluru (Bangalore),BMTC,39800,Dodda Aladamara,5,3
Bengaluru (Bangalore),BMTC,39801,Dodda Aladamara,4,3
Bengaluru (Bangalore),BMTC,25007,Dodda Aladamara Cross,81,13
Bengaluru (Bangalore),BMTC,32496,Dodda Aladamara Cross,83,14
Bengaluru (Bangalore),BMTC,22731,Dodda Basti,97,9
Bengaluru (Bangalore),BMTC,25008,Dodda Basti,88,9
Bengaluru (Bangalore),BMTC,25010,Dodda Bettahalli,8,3
Bengaluru (Bangalore),BMTC,32497,Dodda Bettahalli,7,4
Bengaluru (Bangalore),BMTC,21901,Dodda Bommasandra,179,20
Bengaluru (Bangalore),BMTC,21902,Dodda Bommasandra,647,29
Bengaluru (Bangalore),BMTC,21903,Dodda Bommasandra Arch,407,27
Bengaluru (Bangalore),BMTC,21904,Dodda Bommasandra Arch,419,28
Bengaluru (Bangalore),BMTC,32525,Dodda Byadagere Doddy Gate,7,2
Bengaluru (Bangalore),BMTC,25014,Dodda Byalakere,29,8
Bengaluru (Bangalore),BMTC,32498,Dodda Byalakere,130,28
Bengaluru (Bangalore),BMTC,32499,Dodda Byalakere,107,28
Bengaluru (Bangalore),BMTC,32500,Dodda Byalakere,2,2
Bengaluru (Bangalore),BMTC,25016,Dodda Cheemanahalli,2,2
Bengaluru (Bangalore),BMTC,32501,Dodda Cheemanahalli,2,2
Bengaluru (Bangalore),BMTC,25018,Dodda Cheemanahalli Cross,2,2
Bengaluru (Bangalore),BMTC,32502,Dodda Cheemanahalli Cross,2,2
Bengaluru (Bangalore),BMTC,25020,Dodda Dasarahalli,2,2
Bengaluru (Bangalore),BMTC,32503,Dodda Dasarahalli,3,3
Bengaluru (Bangalore),BMTC,25022,Dodda Dasarahalli Cross,2,2
Bengaluru (Bangalore),BMTC,32504,Dodda Dasarahalli Cross,3,3
Bengaluru (Bangalore),BMTC,21905,Dodda Dunnasandra,113,56
Bengaluru (Bangalore),BMTC,21906,Dodda Dunnasandra,118,55
Bengaluru (Bangalore),BMTC,21907,Dodda Dunnasandra Cross,46,31
Bengaluru (Bangalore),BMTC,21908,Dodda Dunnasandra Cross,118,55
Bengaluru (Bangalore),BMTC,25023,Dodda Dunnasandra Cross,67,25
Bengaluru (Bangalore),BMTC,25026,Dodda Gubbi,17,6
Bengaluru (Bangalore),BMTC,32505,Dodda Gubbi,20,4
Bengaluru (Bangalore),BMTC,32506,Dodda Gubbi,31,9
Bengaluru (Bangalore),BMTC,39591,Dodda Gubbi Cross(Udupi Hotel),1,1
Bengaluru (Bangalore),BMTC,25030,Dodda Haralegere,1,1
Bengaluru (Bangalore),BMTC,32508,Dodda Haralegere,1,1
Bengaluru (Bangalore),BMTC,25032,Dodda Hullur Gate,32,8
Bengaluru (Bangalore),BMTC,32509,Dodda Hullur Gate,30,7
Bengaluru (Bangalore),BMTC,25034,Dodda Hulluru School Gate,30,7
Bengaluru (Bangalore),BMTC,32510,Dodda Hulluru School Gate,32,8
Bengaluru (Bangalore),BMTC,25036,Dodda Kurabarahalli,9,2
Bengaluru (Bangalore),BMTC,32511,Dodda Kurabarahalli,9,1
Bengaluru (Bangalore),BMTC,25037,Dodda Maralawadi,17,3
Bengaluru (Bangalore),BMTC,39226,Dodda Maskal,7,3
Bengaluru (Bangalore),BMTC,24168,Dodda Nagamangala,8,2
Bengaluru (Bangalore),BMTC,24176,Dodda Nagamangala,8,2
Bengaluru (Bangalore),BMTC,25042,Dodda Nagamangala Tirumala Bekary,4,1
Bengaluru (Bangalore),BMTC,32513,Dodda Nagamangala Tirumala Bekary,4,1
Bengaluru (Bangalore),BMTC,32514,Dodda Nallala,1,1
Bengaluru (Bangalore),BMTC,32515,Dodda Nekkundi,10,6
Bengaluru (Bangalore),BMTC,32516,Dodda Nekkundi,22,7
Bengaluru (Bangalore),BMTC,20761,Dodda Nekkundi Bridge/Rainbow Hospital,1030,84
Bengaluru (Bangalore),BMTC,20762,Dodda Nekkundi Bridge/Rainbow Hospital,1046,78
Bengaluru (Bangalore),BMTC,25047,Dodda Nekkundi Cross,12,6
Bengaluru (Bangalore),BMTC,25050,Dodda Nekkundi Cross,19,7
Bengaluru (Bangalore),BMTC,32517,Dodda Nekkundi Junction,7,3
Bengaluru (Bangalore),BMTC,32518,Dodda Nekkundi Junction,11,4
Bengaluru (Bangalore),BMTC,40534,Dodda Sadenahalli,2,1
Bengaluru (Bangalore),BMTC,40535,Dodda Sadenahalli,2,1
Bengaluru (Bangalore),BMTC,40542,Dodda Sadenahalli Cross,2,1
Bengaluru (Bangalore),BMTC,31428,Dodda Tattamangala,1,1
Bengaluru (Bangalore),BMTC,35012,Dodda Tattamangala,2,2
Bengaluru (Bangalore),BMTC,25054,Dodda Thimmasandra,4,1
Bengaluru (Bangalore),BMTC,23399,Dodda Thimmasandra Gate,33,11
Bengaluru (Bangalore),BMTC,23415,Dodda Thimmasandra Gate,31,11
Bengaluru (Bangalore),BMTC,25057,Dodda Thoguru,3,2
Bengaluru (Bangalore),BMTC,32521,Dodda Thoguru,3,2
Bengaluru (Bangalore),BMTC,25064,Dodda Tumkur,5,3
Bengaluru (Bangalore),BMTC,32524,Dodda Tumkur,2,2
Bengaluru (Bangalore),BMTC,40543,Dodda sadenahalli Cross,2,1
Bengaluru (Bangalore),BMTC,25068,Doddaballapura Bus Stand,755,41
Bengaluru (Bangalore),BMTC,38731,Doddaballapura Govt Hospital,4,2
Bengaluru (Bangalore),BMTC,30921,Doddaballapura KEB Circle,4,2
Bengaluru (Bangalore),BMTC,33405,Doddaballapura KEB Circle,9,1
Bengaluru (Bangalore),BMTC,27845,Doddaballapura Railway Station,273,26
Bengaluru (Bangalore),BMTC,34325,Doddaballapura Railway Station,264,29
Bengaluru (Bangalore),BMTC,25070,Doddaballapura Tollgate,3,2
Bengaluru (Bangalore),BMTC,32526,Doddaballapura Tollgate,2,1
Bengaluru (Bangalore),BMTC,25072,Doddabannahalli,2,1
Bengaluru (Bangalore),BMTC,32527,Doddabannahalli,2,2
Bengaluru (Bangalore),BMTC,25074,Doddabelavangala,10,1
Bengaluru (Bangalore),BMTC,32528,Doddabelavangala,10,2
Bengaluru (Bangalore),BMTC,32529,Doddabele,35,4
Bengaluru (Bangalore),BMTC,38622,Doddabele Colony,6,1
Bengaluru (Bangalore),BMTC,25081,Doddabidarakallu,52,2
Bengaluru (Bangalore),BMTC,32531,Doddabidarakallu,67,3
Bengaluru (Bangalore),BMTC,37232,Doddadenahalli 1,3,1
Bengaluru (Bangalore),BMTC,25085,Doddagattiganabbe,10,6
Bengaluru (Bangalore),BMTC,32534,Doddagattiganabbe,10,6
Bengaluru (Bangalore),BMTC,25088,Doddagattiganabbe Cross,10,6
Bengaluru (Bangalore),BMTC,32535,Doddagattiganabbe Cross,10,6
Bengaluru (Bangalore),BMTC,25028,Doddahagade,1,1
Bengaluru (Bangalore),BMTC,32507,Doddahagade,2,1
Bengaluru (Bangalore),BMTC,38836,Doddahejjaji,13,3
Bengaluru (Bangalore),BMTC,38837,Doddahejjaji,13,2
Bengaluru (Bangalore),BMTC,25090,Doddahosahalli,5,3
Bengaluru (Bangalore),BMTC,32537,Doddahosahalli,5,3
Bengaluru (Bangalore),BMTC,25092,Doddajala,50,9
Bengaluru (Bangalore),BMTC,32538,Doddajala,56,11
Bengaluru (Bangalore),BMTC,21909,Doddakallasandra,363,96
Bengaluru (Bangalore),BMTC,21910,Doddakallasandra,377,103
Bengaluru (Bangalore),BMTC,38362,Doddakallasandra Metro Station,365,97
Bengaluru (Bangalore),BMTC,38363,Doddakallasandra Metro Station,379,104
Bengaluru (Bangalore),BMTC,25096,Doddakammanahalli,21,5
Bengaluru (Bangalore),BMTC,32540,Doddakammanahalli,23,5
Bengaluru (Bangalore),BMTC,25097,Doddakannalli,14,2
Bengaluru (Bangalore),BMTC,35104,Doddakannalli,403,66
Bengaluru (Bangalore),BMTC,35240,Doddakannalli,387,62
Bengaluru (Bangalore),BMTC,39902,Doddakoliga,1,1
Bengaluru (Bangalore),BMTC,39903,Doddakoliga,3,1
Bengaluru (Bangalore),BMTC,25099,Doddakukkanahalli,3,3
Bengaluru (Bangalore),BMTC,32541,Doddakukkanahalli,3,3
Bengaluru (Bangalore),BMTC,25101,Doddakuntanahalli,4,2
Bengaluru (Bangalore),BMTC,32542,Doddakuntanahalli,3,1
Bengaluru (Bangalore),BMTC,40021,Doddamara,15,3
Bengaluru (Bangalore),BMTC,40022,Doddamara,14,2
Bengaluru (Bangalore),BMTC,25103,Doddamaranahalli,5,3
Bengaluru (Bangalore),BMTC,32543,Doddamaranahalli,5,3
Bengaluru (Bangalore),BMTC,25107,Doddamma Temple,67,21
Bengaluru (Bangalore),BMTC,32544,Doddamma Temple,173,44
Bengaluru (Bangalore),BMTC,25110,Doddanallurahalli,2,1
Bengaluru (Bangalore),BMTC,32547,Doddanallurahalli,1,1
Bengaluru (Bangalore),BMTC,25112,Doddanalluru,6,3
Bengaluru (Bangalore),BMTC,32548,Doddanalluru,5,1
Bengaluru (Bangalore),BMTC,25114,Doddasanne,1,1
Bengaluru (Bangalore),BMTC,32549,Doddasanne,1,1
Bengaluru (Bangalore),BMTC,25066,Dodda‌ Byadagere Doddy Gate,6,2
Bengaluru (Bangalore),BMTC,25118,Dodderi College,25,10
Bengaluru (Bangalore),BMTC,32551,Dodderi College,16,9
Bengaluru (Bangalore),BMTC,25120,Dodderi Grama,22,9
Bengaluru (Bangalore),BMTC,32552,Dodderi Grama,18,8
Bengaluru (Bangalore),BMTC,25122,Dodderi Tumkur Road,30,6
Bengaluru (Bangalore),BMTC,32553,Dodderi Tumkur Road,29,6
Bengaluru (Bangalore),BMTC,27957,Doddipalya,4,2
Bengaluru (Bangalore),BMTC,21911,Doddy,492,57
Bengaluru (Bangalore),BMTC,21912,Doddy,490,59
Bengaluru (Bangalore),BMTC,20763,Doddy,34,14
Bengaluru (Bangalore),BMTC,25123,Doddy,30,13
Bengaluru (Bangalore),BMTC,25125,Doddy Chikkakuntanahalli,11,5
Bengaluru (Bangalore),BMTC,32554,Doddy Chikkakuntanahalli,1,1
Bengaluru (Bangalore),BMTC,25127,Doddypalya,14,2
Bengaluru (Bangalore),BMTC,25141,Dombara Doddy,1,1
Bengaluru (Bangalore),BMTC,32562,Dombara Doddy,4,2
Bengaluru (Bangalore),BMTC,32556,Dombara Doddy Cross,5,3
Bengaluru (Bangalore),BMTC,25132,Dombarahalli,64,18
Bengaluru (Bangalore),BMTC,32558,Dombarahalli,60,16
Bengaluru (Bangalore),BMTC,25134,Dombarahatti Dongadipura Cross,64,11
Bengaluru (Bangalore),BMTC,32559,Dombarahatti Dongadipura Cross,66,13
Bengaluru (Bangalore),BMTC,32560,Domlur,3,1
Bengaluru (Bangalore),BMTC,21913,Domlur,543,93
Bengaluru (Bangalore),BMTC,21914,Domlur,44,15
Bengaluru (Bangalore),BMTC,25139,Domlur Cross,5,5
Bengaluru (Bangalore),BMTC,32561,Domlur Cross,5,5
Bengaluru (Bangalore),BMTC,21915,Domlur Flyover,31,17
Bengaluru (Bangalore),BMTC,21916,Domlur Flyover,262,22
Bengaluru (Bangalore),BMTC,21917,Domlur Flyover,549,102
Bengaluru (Bangalore),BMTC,21918,Domlur Flyover,299,25
Bengaluru (Bangalore),BMTC,35937,Domlur Flyover,1,1
Bengaluru (Bangalore),BMTC,38867,Domlur Marriad Accomodation,2,2
Bengaluru (Bangalore),BMTC,23906,Dommasandra,443,69
Bengaluru (Bangalore),BMTC,23909,Dommasandra,500,67
Bengaluru (Bangalore),BMTC,35149,Dommasandra Circle,467,75
Bengaluru (Bangalore),BMTC,35237,Dommasandra Circle,389,59
Bengaluru (Bangalore),BMTC,37920,Dommasandra Circle,134,15
Bengaluru (Bangalore),BMTC,25144,Donnenahalli,5,3
Bengaluru (Bangalore),BMTC,32563,Donnenahalli,8,6
Bengaluru (Bangalore),BMTC,25146,Dorekavalu,4,3
Bengaluru (Bangalore),BMTC,32564,Dorekavalu,51,8
Bengaluru (Bangalore),BMTC,25151,Double Road BEML Layout,305,35
Bengaluru (Bangalore),BMTC,32567,Double Road BEML Layout,289,23
Bengaluru (Bangalore),BMTC,32566,Double Road BEML Layout,77,10
Bengaluru (Bangalore),BMTC,21921,Double Road Indiranagara,179,26
Bengaluru (Bangalore),BMTC,21922,Double Road Indiranagara,164,20
Bengaluru (Bangalore),BMTC,25152,Dr Ambedkar Nagara,7,2
Bengaluru (Bangalore),BMTC,21923_ST,Dr BR Ambedkar Bus Terminal (Domlur),0,0
Bengaluru (Bangalore),BMTC,21924,Dr BR Ambedkar Bus Terminal (Domlur),68,8
Bengaluru (Bangalore),BMTC,21923_PF1,Dr BR Ambedkar Bus Terminal (Domlur) - Platform 1,1151,88
Bengaluru (Bangalore),BMTC,21923_PF5,Dr BR Ambedkar Bus Terminal (Domlur) - Platform 5,30,5
Bengaluru (Bangalore),BMTC,24101,Dr Shivaramkaranth Residents,26,6
Bengaluru (Bangalore),BMTC,35071,Dr Shivaramkaranth Residents,24,5
Bengaluru (Bangalore),BMTC,24100,Dr.Shivaramakaranth Nagara,26,6
Bengaluru (Bangalore),BMTC,35096,Dr.Shivaramakaranth Nagara,24,5
Bengaluru (Bangalore),BMTC,20764,Dubasipalya Cross,649,145
Bengaluru (Bangalore),BMTC,20765,Dubasipalya Cross,658,161
Bengaluru (Bangalore),BMTC,25162,Dudapanahalli,82,13
Bengaluru (Bangalore),BMTC,32571,Dudapanahalli,92,13
Bengaluru (Bangalore),BMTC,25166,Durga Bakery Mallathahallli,26,2
Bengaluru (Bangalore),BMTC,21927,Durga Parameshwari Temple,421,36
Bengaluru (Bangalore),BMTC,21928,Durga Parameshwari Temple,437,38
Bengaluru (Bangalore),BMTC,21507,Dwaraka Nagara,368,43
Bengaluru (Bangalore),BMTC,32575,Dwaraka Nagara,448,63
Bengaluru (Bangalore),BMTC,25171,Dwaraka Nagara,195,41
Bengaluru (Bangalore),BMTC,32574,Dwaraka Nagara,197,38
Bengaluru (Bangalore),BMTC,25173,Dyavalingaiahnapalya,4,1
Bengaluru (Bangalore),BMTC,32576,Dyavalingaiahnapalya,3,1
Bengaluru (Bangalore),BMTC,24948,Dyavarahalli,2,2
Bengaluru (Bangalore),BMTC,32468,Dyavarahalli,1,1
Bengaluru (Bangalore),BMTC,25174,Dyavarahalli Cross,3,3
Bengaluru (Bangalore),BMTC,31363,Dyavarahalli Cross,4,3
Bengaluru (Bangalore),BMTC,32577,Dyavarahalli Cross,3,2
Bengaluru (Bangalore),BMTC,36101,Dyavarahalli Cross,5,4
Bengaluru (Bangalore),BMTC,25177,Dyavasandra,6,4
Bengaluru (Bangalore),BMTC,32578,Dyavasandra,6,3
Bengaluru (Bangalore),BMTC,39958,Dyavasandra,16,2
Bengaluru (Bangalore),BMTC,39959,Dyavasandra,12,2
Bengaluru (Bangalore),BMTC,25179,Dyavasandra Cross,10,5
Bengaluru (Bangalore),BMTC,32579,Dyavasandra Cross,11,5
Bengaluru (Bangalore),BMTC,25183,E Hosuru,4,3
Bengaluru (Bangalore),BMTC,32581,E Hosuru,7,5
Bengaluru (Bangalore),BMTC,29105,E Muthasandra Gate,4,1
Bengaluru (Bangalore),BMTC,33984,E Muthasandra Gate,4,2
Bengaluru (Bangalore),BMTC,25185,E Muthsandra,4,1
Bengaluru (Bangalore),BMTC,32582,E Muthsandra,4,2
Bengaluru (Bangalore),BMTC,39854,E-CITY - 3M JUNCTION,388,53
Bengaluru (Bangalore),BMTC,35336,E-CITY - SBI JUNCTION,41,16
Bengaluru (Bangalore),BMTC,35352,E-CITY - SBI JUNCTION,225,48
Bengaluru (Bangalore),BMTC,25203,E-CITY 2 - XIME JUNCTION,60,23
Bengaluru (Bangalore),BMTC,25204,E-CITY 2 - XIME JUNCTION,111,9
Bengaluru (Bangalore),BMTC,35723,ELC Toll Point,168,11
Bengaluru (Bangalore),BMTC,39467,ELC Toll Point (Volvo),2,1
Bengaluru (Bangalore),BMTC,20774,EMC2,1002,78
Bengaluru (Bangalore),BMTC,20775,EMC2,956,80
Bengaluru (Bangalore),BMTC,40370,EMVEE Company,33,1
Bengaluru (Bangalore),BMTC,40371,EMVEE Company,32,1
Bengaluru (Bangalore),BMTC,25230,ESI Hospital Indiranagara,6,2
Bengaluru (Bangalore),BMTC,39474,ESI Hospital Indiranagara,5,2
Bengaluru (Bangalore),BMTC,20776,ESI Hospital Rajajinagara,643,45
Bengaluru (Bangalore),BMTC,20777,ESI Hospital Rajajinagara,643,47
Bengaluru (Bangalore),BMTC,21935,ESI Hospital Rajajinagara,471,23
Bengaluru (Bangalore),BMTC,21936,ESI Hospital Rajajinagara,480,27
Bengaluru (Bangalore),BMTC,23689,ESI Hospital White Field,2,1
Bengaluru (Bangalore),BMTC,21781,ESI Hospital/Brook Steel,322,104
Bengaluru (Bangalore),BMTC,21782,ESI Hospital/Brook Steel,308,96
Bengaluru (Bangalore),BMTC,25187,Eagleton Resort,24,11
Bengaluru (Bangalore),BMTC,32583,Eagleton Resort,24,11
Bengaluru (Bangalore),BMTC,20768,East End Jayanagara,861,67
Bengaluru (Bangalore),BMTC,20769,East End Jayanagara,1003,81
Bengaluru (Bangalore),BMTC,25188,East End Jayanagara,3,1
Bengaluru (Bangalore),BMTC,35204,East End Jayanagara,250,36
Bengaluru (Bangalore),BMTC,25191,East Point College,28,2
Bengaluru (Bangalore),BMTC,32584,East Point College,86,15
Bengaluru (Bangalore),BMTC,32585,East Point College,79,16
Bengaluru (Bangalore),BMTC,21929,East Railway Station,896,128
Bengaluru (Bangalore),BMTC,21508,East West College Cross,762,126
Bengaluru (Bangalore),BMTC,24294,East West College Cross,739,117
Bengaluru (Bangalore),BMTC,25198,East West Public School,37,2
Bengaluru (Bangalore),BMTC,32588,East West Public School,30,1
Bengaluru (Bangalore),BMTC,25200,Ebenezer International School,5,2
Bengaluru (Bangalore),BMTC,21930,Echalamara Vidyaranyapura,375,30
Bengaluru (Bangalore),BMTC,21931,Echalamara Vidyaranyapura,498,43
Bengaluru (Bangalore),BMTC,20770,Eco Space,1339,85
Bengaluru (Bangalore),BMTC,20771,Eco Space,1286,83
Bengaluru (Bangalore),BMTC,25202,Ejipura,20,3
Bengaluru (Bangalore),BMTC,32590,Ejipura,23,3
Bengaluru (Bangalore),BMTC,28193,Ejipura School,2,2
Bengaluru (Bangalore),BMTC,34486,Ejipura School,4,3
Bengaluru (Bangalore),BMTC,21932,Electric B Station,94,18
Bengaluru (Bangalore),BMTC,21020,Electric B Station MG Road,2,2
Bengaluru (Bangalore),BMTC,21933,Electronic City,885,129
Bengaluru (Bangalore),BMTC,21934,Electronic City,1246,163
Bengaluru (Bangalore),BMTC,20773,Electronic City 378,370,30
Bengaluru (Bangalore),BMTC,23991,Electronic City 378,268,25
Bengaluru (Bangalore),BMTC,23717,Electronic City East Phase-II,4,1
Bengaluru (Bangalore),BMTC,35801,Electronic City FLY,225,11
Bengaluru (Bangalore),BMTC,35803,Electronic City FLY,170,12
Bengaluru (Bangalore),BMTC,40387,Electronic City FLY,5,2
Bengaluru (Bangalore),BMTC,38203,Electronic City KIA,207,5
Bengaluru (Bangalore),BMTC,39700,Electronic City NICE-10,95,8
Bengaluru (Bangalore),BMTC,37733,Electronic City Toll,36,5
Bengaluru (Bangalore),BMTC,20772,Electronic City Wipro Main Gate,550,56
Bengaluru (Bangalore),BMTC,25206,Electronic city NICE Road,130,25
Bengaluru (Bangalore),BMTC,32591,Electronic city NICE Road,135,24
Bengaluru (Bangalore),BMTC,23670,Elgin Floor Mill,328,24
Bengaluru (Bangalore),BMTC,23799,Elgin Floor Mill,231,18
Bengaluru (Bangalore),BMTC,25215,Elmeasure KIADB,3,1
Bengaluru (Bangalore),BMTC,32594,Elmeasure KIADB,9,4
Bengaluru (Bangalore),BMTC,25217,Embassy School,15,6
Bengaluru (Bangalore),BMTC,32595,Embassy School,15,7
Bengaluru (Bangalore),BMTC,39897,Embassy Tech Village,10,2
Bengaluru (Bangalore),BMTC,39898,Embassy Tech Village,12,2
Bengaluru (Bangalore),BMTC,40458,Energy Institute,20,1
Bengaluru (Bangalore),BMTC,40459,Energy Institute,22,1
Bengaluru (Bangalore),BMTC,25219,Eradu Kamba,48,20
Bengaluru (Bangalore),BMTC,32596,Eradu Kamba,39,11
Bengaluru (Bangalore),BMTC,25225,Escorts,509,118
Bengaluru (Bangalore),BMTC,32598,Escorts,469,98
Bengaluru (Bangalore),BMTC,25227,Eshwara Layout,2,1
Bengaluru (Bangalore),BMTC,32599,Eshwara Layout,2,1
Bengaluru (Bangalore),BMTC,25229,Eshwara Temple Puttayyanapalya,8,4
Bengaluru (Bangalore),BMTC,32600,Eshwara Temple Puttayyanapalya,5,3
Bengaluru (Bangalore),BMTC,25232,Estate Tavarekere,31,8
Bengaluru (Bangalore),BMTC,32601,Estate Tavarekere,29,7
Bengaluru (Bangalore),BMTC,21937,Exide Gate,100,26
Bengaluru (Bangalore),BMTC,21938,Exide Gate,170,26
Bengaluru (Bangalore),BMTC,25238,Fairland Shop,19,1
Bengaluru (Bangalore),BMTC,32604,Fairland Shop,21,3
Bengaluru (Bangalore),BMTC,21939,Fathima Church,380,38
Bengaluru (Bangalore),BMTC,21940,Fathima Church,447,41
Bengaluru (Bangalore),BMTC,40385,Federal Bank,18,5
Bengaluru (Bangalore),BMTC,40386,Federal Bank,18,4
Bengaluru (Bangalore),BMTC,39003,Fire Station Brigade Hulimavu,9,2
Bengaluru (Bangalore),BMTC,39004,Fire Station Brigade Hulimavu,8,1
Bengaluru (Bangalore),BMTC,21509,Forest Gate,610,93
Bengaluru (Bangalore),BMTC,21510,Forest Gate,631,100
Bengaluru (Bangalore),BMTC,25244,Form House Gorinabele,6,3
Bengaluru (Bangalore),BMTC,35939,Forum City Apartment,5,1
Bengaluru (Bangalore),BMTC,21941,Forum Mall,373,53
Bengaluru (Bangalore),BMTC,21942,Forum Mall,442,62
Bengaluru (Bangalore),BMTC,23803,Forum Mall,285,22
Bengaluru (Bangalore),BMTC,21943,Frazer Town,330,91
Bengaluru (Bangalore),BMTC,21944,Frazer Town,179,47
Bengaluru (Bangalore),BMTC,36715,Frazer Town,226,50
Bengaluru (Bangalore),BMTC,40515,Fun World,618,56
Bengaluru (Bangalore),BMTC,40516,Fun World,583,69
Bengaluru (Bangalore),BMTC,25251,G Hosahalli,28,4
Bengaluru (Bangalore),BMTC,30370,G Hosahalli Road Junction,14,3
Bengaluru (Bangalore),BMTC,25364,GBJ Colony Gate Doddanekkundi,7,2
Bengaluru (Bangalore),BMTC,32660,GBJ Colony Gate Doddanekkundi,8,4
Bengaluru (Bangalore),BMTC,38118,GG Palya Fly Over Toll,80,6
Bengaluru (Bangalore),BMTC,40528,GGP Toll (Vajra),32,1
Bengaluru (Bangalore),BMTC,40482,GK Golden City Apartment,22,2
Bengaluru (Bangalore),BMTC,40483,GK Golden City Apartment,21,2
Bengaluru (Bangalore),BMTC,25427,GKVK,6,4
Bengaluru (Bangalore),BMTC,25432,GKVK GATE,749,175
Bengaluru (Bangalore),BMTC,31367,GKVK GATE,4,3
Bengaluru (Bangalore),BMTC,32694,GKVK GATE,12,6
Bengaluru (Bangalore),BMTC,35685,GKVK GATE,802,194
Bengaluru (Bangalore),BMTC,25436,GKW Layout,21,6
Bengaluru (Bangalore),BMTC,23544,GM Palya,97,13
Bengaluru (Bangalore),BMTC,21967,GM palya,96,15
Bengaluru (Bangalore),BMTC,26000,GOVT Hospital K Gollahalli,42,17
Bengaluru (Bangalore),BMTC,32979,GOVT Hospital K Gollahalli,37,10
Bengaluru (Bangalore),BMTC,20798,GPO,104,13
Bengaluru (Bangalore),BMTC,20799,GPO,73,20
Bengaluru (Bangalore),BMTC,21525,GPO,70,22
Bengaluru (Bangalore),BMTC,20800,GR Tech Park ITPL,781,118
Bengaluru (Bangalore),BMTC,20801,GR Tech Park ITPL,835,127
Bengaluru (Bangalore),BMTC,25557,GRG Dairy Thirupalya,6,2
Bengaluru (Bangalore),BMTC,25560,GTRE Engine Division,28,10
Bengaluru (Bangalore),BMTC,35363,GTRE Engine Division,37,10
Bengaluru (Bangalore),BMTC,39078,GVT School Kodiyala Karenahalli,3,1
Bengaluru (Bangalore),BMTC,39079,GVT School Kodiyala Karenahalli,3,1
Bengaluru (Bangalore),BMTC,25254,Gadenahalli,3,2
Bengaluru (Bangalore),BMTC,32610,Gadenahalli,4,2
Bengaluru (Bangalore),BMTC,38159,Gadenahalli Cross,1,1
Bengaluru (Bangalore),BMTC,38160,Gadenahalli Cross,1,1
Bengaluru (Bangalore),BMTC,25256,Gadenahalli Gate,3,2
Bengaluru (Bangalore),BMTC,32611,Gadenahalli Gate,4,3
Bengaluru (Bangalore),BMTC,25258,Gadigaiahana Doddy,6,2
Bengaluru (Bangalore),BMTC,21990,Gadipalya,16,7
Bengaluru (Bangalore),BMTC,21991,Gadipalya,22,8
Bengaluru (Bangalore),BMTC,23849,Galaxy Paradise (Tent),178,29
Bengaluru (Bangalore),BMTC,24137,Galaxy Paradise (Tent),196,29
Bengaluru (Bangalore),BMTC,25260,Ganagalu,1,1
Bengaluru (Bangalore),BMTC,25262,Ganagalu Cross,3,3
Bengaluru (Bangalore),BMTC,32614,Ganagalu Cross,3,2
Bengaluru (Bangalore),BMTC,25264,Ganagaluru,4,2
Bengaluru (Bangalore),BMTC,32615,Ganagaluru,3,2
Bengaluru (Bangalore),BMTC,23405,Ganagaluru Circle,25,8
Bengaluru (Bangalore),BMTC,23411,Ganagaluru Circle,32,12
Bengaluru (Bangalore),BMTC,25266,Ganagaluru Cross,53,15
Bengaluru (Bangalore),BMTC,32616,Ganagaluru Cross,47,14
Bengaluru (Bangalore),BMTC,25272,Ganakal,1,1
Bengaluru (Bangalore),BMTC,32619,Ganakal,1,1
Bengaluru (Bangalore),BMTC,32617,Ganakal,88,4
Bengaluru (Bangalore),BMTC,32620,Ganakal,87,4
Bengaluru (Bangalore),BMTC,32618,Ganakal,23,10
Bengaluru (Bangalore),BMTC,32621,Ganakal,25,12
Bengaluru (Bangalore),BMTC,38876,Ganapathi Enclave,2,2
Bengaluru (Bangalore),BMTC,36013,Ganapathi Layout (JK Store),4,2
Bengaluru (Bangalore),BMTC,36011,Ganapathi Layout 1st Stage(LDVG),4,2
Bengaluru (Bangalore),BMTC,36012,Ganapathi Layout 1st Stage(LDVG),3,2
Bengaluru (Bangalore),BMTC,37851,Ganapathi Layout(JK Store),3,2
Bengaluru (Bangalore),BMTC,25274,Ganapathi Nagara Raghavendra Badavane,68,6
Bengaluru (Bangalore),BMTC,32622,Ganapathi Nagara Raghavendra Badavane,45,6
Bengaluru (Bangalore),BMTC,25277,Ganapathihalli,38,9
Bengaluru (Bangalore),BMTC,32623,Ganapathihalli,35,8
Bengaluru (Bangalore),BMTC,25279,Ganapathipura,10,4
Bengaluru (Bangalore),BMTC,32624,Ganapathipura,10,4
Bengaluru (Bangalore),BMTC,35197,Gandhi Bazaar,299,24
Bengaluru (Bangalore),BMTC,25283,Gandhi Circle Magadi,2,1
Bengaluru (Bangalore),BMTC,32625,Gandhi Circle Magadi,1,1
Bengaluru (Bangalore),BMTC,25285,Gandhi Farm Gate,6,2
Bengaluru (Bangalore),BMTC,32626,Gandhi Farm Gate,7,2
Bengaluru (Bangalore),BMTC,25287,Gandhi Grama,2,1
Bengaluru (Bangalore),BMTC,32627,Gandhi Grama,2,2
Bengaluru (Bangalore),BMTC,23546,Gandhi Nagara,229,49
Bengaluru (Bangalore),BMTC,23633,Gandhi Nagara,239,53
Bengaluru (Bangalore),BMTC,25289,Gandhi School,5,2
Bengaluru (Bangalore),BMTC,23557,Gandhipura,10,5
Bengaluru (Bangalore),BMTC,23564,Gandhipura,5,2
Bengaluru (Bangalore),BMTC,38613,Ganesh Mantapa,3,1
Bengaluru (Bangalore),BMTC,20778,Ganesha Bhavan,454,47
Bengaluru (Bangalore),BMTC,25294,Ganesha Circle Vaddarahalli,6,4
Bengaluru (Bangalore),BMTC,32630,Ganesha Circle Vaddarahalli,45,11
Bengaluru (Bangalore),BMTC,28675,Ganesha Gudi Nelamangala,102,19
Bengaluru (Bangalore),BMTC,33769,Ganesha Gudi Nelamangala,109,20
Bengaluru (Bangalore),BMTC,25296,Ganesha Temple Bettanahalli,5,3
Bengaluru (Bangalore),BMTC,32631,Ganesha Temple Bettanahalli,3,2
Bengaluru (Bangalore),BMTC,20779,Ganesha Temple Chandra Layout,201,35
Bengaluru (Bangalore),BMTC,20780,Ganesha Temple Chandra Layout,194,39
Bengaluru (Bangalore),BMTC,24190,Ganesha Temple Mahalakshmi Layout,222,22
Bengaluru (Bangalore),BMTC,25298,Ganesha Temple Mahalakshmi Layout,194,17
Bengaluru (Bangalore),BMTC,24112,Ganesha Temple Sahakara Nagara,1,1
Bengaluru (Bangalore),BMTC,21511,Ganesha Temple Tavarekere,358,56
Bengaluru (Bangalore),BMTC,21512,Ganesha Temple Tavarekere,389,66
Bengaluru (Bangalore),BMTC,21945,Ganesha Temple Thippasandra,103,21
Bengaluru (Bangalore),BMTC,25301,Ganesha Temple Vasanthanagara,24,2
Bengaluru (Bangalore),BMTC,35378,Ganesha Temple Vasanthanagara,255,15
Bengaluru (Bangalore),BMTC,39563,Ganga Block,3,1
Bengaluru (Bangalore),BMTC,39564,Ganga Block,3,1
Bengaluru (Bangalore),BMTC,25303,Ganga International School,297,19
Bengaluru (Bangalore),BMTC,32632,Ganga International School,314,16
Bengaluru (Bangalore),BMTC,32634,Gangadaranapalya,1,1
Bengaluru (Bangalore),BMTC,25309,Gangadhara Kalyana Mantapa,148,20
Bengaluru (Bangalore),BMTC,32635,Gangadhara Kalyana Mantapa,151,19
Bengaluru (Bangalore),BMTC,25307,Gangadharanapalya,1,1
Bengaluru (Bangalore),BMTC,40599,Gangadipura,1,1
Bengaluru (Bangalore),BMTC,40600,Gangadipura,1,1
Bengaluru (Bangalore),BMTC,21946,Gangamma Circle,441,42
Bengaluru (Bangalore),BMTC,21947,Gangamma Circle,452,49
Bengaluru (Bangalore),BMTC,25311,Gangamma Circle,264,43
Bengaluru (Bangalore),BMTC,35214,Gangamma Circle,195,28
Bengaluru (Bangalore),BMTC,25313,Gangamma Temple Maralawadi Road,6,2
Bengaluru (Bangalore),BMTC,32636,Gangamma Temple Maralawadi Road,7,2
Bengaluru (Bangalore),BMTC,21513,Gangappanahalli,100,19
Bengaluru (Bangalore),BMTC,21514,Gangappanahalli,110,20
Bengaluru (Bangalore),BMTC,25315,Gangappanahalli,8,2
Bengaluru (Bangalore),BMTC,38153,Gangapura,1,1
Bengaluru (Bangalore),BMTC,38154,Gangapura,1,1
Bengaluru (Bangalore),BMTC,25317,Gangasandra,29,8
Bengaluru (Bangalore),BMTC,32638,Gangasandra,28,7
Bengaluru (Bangalore),BMTC,25319,Gangavara,4,2
Bengaluru (Bangalore),BMTC,32639,Gangavara,5,2
Bengaluru (Bangalore),BMTC,32640,Gangenahalli,38,15
Bengaluru (Bangalore),BMTC,35125,Gangenahalli,2,1
Bengaluru (Bangalore),BMTC,35255,Gangenahalli,2,2
Bengaluru (Bangalore),BMTC,25322,Gangenahalli,7,2
Bengaluru (Bangalore),BMTC,25324,Gangenahalli Cross,100,17
Bengaluru (Bangalore),BMTC,32642,Gangenahalli Cross,100,18
Bengaluru (Bangalore),BMTC,30372,Gangenahalli Junction,3,2
Bengaluru (Bangalore),BMTC,33144,Gangenahalli Junction,5,2
Bengaluru (Bangalore),BMTC,25326,Gangondanahalli,62,6
Bengaluru (Bangalore),BMTC,32643,Gangondanahalli,77,8
Bengaluru (Bangalore),BMTC,32644,Gangondanahalli  Cross (Vaikunta Bar),54,11
Bengaluru (Bangalore),BMTC,25328,Gangondanahalli Cross 1(Vaikunta Bar),56,12
Bengaluru (Bangalore),BMTC,25329,Gangondanahalli Masjid,21,3
Bengaluru (Bangalore),BMTC,25330,Gangothri Circle,11,4
Bengaluru (Bangalore),BMTC,35288,Gangothri Circle,9,3
Bengaluru (Bangalore),BMTC,21948,Ganigarahalli,33,4
Bengaluru (Bangalore),BMTC,21949,Ganigarahalli,41,4
Bengaluru (Bangalore),BMTC,25332,Ganigarapalya,126,8
Bengaluru (Bangalore),BMTC,32645,Ganigarapalya,118,6
Bengaluru (Bangalore),BMTC,25334,Ganigarapalya Cross Yantaganahalli,9,4
Bengaluru (Bangalore),BMTC,25336,Ganjalahalli,5,3
Bengaluru (Bangalore),BMTC,32647,Ganjalahalli,5,3
Bengaluru (Bangalore),BMTC,25340,Gantaganahalli,5,3
Bengaluru (Bangalore),BMTC,32649,Gantaganahalli,4,3
Bengaluru (Bangalore),BMTC,23607,Gantakana Doddy Cross,148,20
Bengaluru (Bangalore),BMTC,23624,Gantakana Doddy Cross,152,21
Bengaluru (Bangalore),BMTC,25342,Garden City College TC Palya,21,4
Bengaluru (Bangalore),BMTC,32650,Garden City College TC Palya,23,6
Bengaluru (Bangalore),BMTC,21950,Garments Factory Borugunte,100,26
Bengaluru (Bangalore),BMTC,21951,Garments Factory Borugunte,170,26
Bengaluru (Bangalore),BMTC,21952,Garuda Mall,166,13
Bengaluru (Bangalore),BMTC,22697,Garuda Mall,11,7
Bengaluru (Bangalore),BMTC,25343,Garuda Mall,25,8
Bengaluru (Bangalore),BMTC,21953,Garudacharpalya,326,105
Bengaluru (Bangalore),BMTC,21954,Garudacharpalya,314,97
Bengaluru (Bangalore),BMTC,25345,Garudappa Circle Thigalarapalya,364,24
Bengaluru (Bangalore),BMTC,32651,Garudappa Circle Thigalarapalya,372,18
Bengaluru (Bangalore),BMTC,20783,Garvebhavipalya,1072,147
Bengaluru (Bangalore),BMTC,20784,Garvebhavipalya,1092,156
Bengaluru (Bangalore),BMTC,25347,Gas Factory Kempalinganahalli,10,5
Bengaluru (Bangalore),BMTC,32652,Gas Factory Kempalinganahalli,11,7
Bengaluru (Bangalore),BMTC,25349,Gattahalli,6,1
Bengaluru (Bangalore),BMTC,25351,Gattigerepalya,49,4
Bengaluru (Bangalore),BMTC,32654,Gattigerepalya,50,5
Bengaluru (Bangalore),BMTC,23745,Gavi Gangadareshwara Temple,4,3
Bengaluru (Bangalore),BMTC,23763,Gavi Gangadareshwara Temple,3,2
Bengaluru (Bangalore),BMTC,32655,Gavinagamangala Gate,3,1
Bengaluru (Bangalore),BMTC,35841,Gavinagamangala Gate,2,1
Bengaluru (Bangalore),BMTC,25355,Gaviyanapalya,6,1
Bengaluru (Bangalore),BMTC,32656,Gaviyanapalya,7,1
Bengaluru (Bangalore),BMTC,25357,Gaviyappa Thimayya Layout,7,2
Bengaluru (Bangalore),BMTC,32657,Gaviyappa Thimayya Layout,7,2
Bengaluru (Bangalore),BMTC,25360,Gayathri Nagara,37,2
Bengaluru (Bangalore),BMTC,32658,Gayathri Nagara,33,4
Bengaluru (Bangalore),BMTC,25362,Gayathri Nagara Cross,99,16
Bengaluru (Bangalore),BMTC,32659,Gayathri Nagara Cross,98,17
Bengaluru (Bangalore),BMTC,25366,Gear School,10,2
Bengaluru (Bangalore),BMTC,32661,Gear School,12,2
Bengaluru (Bangalore),BMTC,25367,Geddalahalli,2,1
Bengaluru (Bangalore),BMTC,21955,Geddalahalli,290,84
Bengaluru (Bangalore),BMTC,21956,Geddalahalli,270,79
Bengaluru (Bangalore),BMTC,25369,Geddalapura,3,3
Bengaluru (Bangalore),BMTC,32662,Geddalapura,4,3
Bengaluru (Bangalore),BMTC,40456,Geetam University,22,1
Bengaluru (Bangalore),BMTC,40457,Geetam University,20,1
Bengaluru (Bangalore),BMTC,21959,Geetanjali Layout,39,12
Bengaluru (Bangalore),BMTC,21960,Geetanjali Layout,37,13
Bengaluru (Bangalore),BMTC,25371,Gejjagadahalli Cross,1,1
Bengaluru (Bangalore),BMTC,32663,Gejjagadahalli Cross,1,1
Bengaluru (Bangalore),BMTC,25373,Gejjagalpalya,2,2
Bengaluru (Bangalore),BMTC,32664,Gejjagalpalya,2,2
Bengaluru (Bangalore),BMTC,25375,Gejjigadahalli,2,2
Bengaluru (Bangalore),BMTC,32665,Gejjigadahalli,1,1
Bengaluru (Bangalore),BMTC,25377,Gejjigadahalli Colony,2,2
Bengaluru (Bangalore),BMTC,32666,Gejjigadahalli Colony,1,1
Bengaluru (Bangalore),BMTC,25379,Geleyara Balaga Extension Rajajinagara,15,3
Bengaluru (Bangalore),BMTC,32667,Geleyara Balaga Extension Rajajinagara,29,5
Bengaluru (Bangalore),BMTC,25381,Geleyara Balaga Layout,7,3
Bengaluru (Bangalore),BMTC,32668,Geleyara Balaga Layout,7,3
Bengaluru (Bangalore),BMTC,25382,Genius Global School Kodathi,8,2
Bengaluru (Bangalore),BMTC,25385,Gerahalli,94,14
Bengaluru (Bangalore),BMTC,32669,Gerahalli,93,15
Bengaluru (Bangalore),BMTC,25386,Gerupalya,116,41
Bengaluru (Bangalore),BMTC,39266,Gerupalya,125,47
Bengaluru (Bangalore),BMTC,25388,Gerupura,1,1
Bengaluru (Bangalore),BMTC,32670,Gerupura,2,1
Bengaluru (Bangalore),BMTC,25392,Ghati Subramanya,13,3
Bengaluru (Bangalore),BMTC,32672,Ghati Subramanya,35,5
Bengaluru (Bangalore),BMTC,25395,Gidadakonenahalli,6,2
Bengaluru (Bangalore),BMTC,32673,Gidadakonenahalli,6,2
Bengaluru (Bangalore),BMTC,25397,Gidadakonenahalli Cross,144,10
Bengaluru (Bangalore),BMTC,32674,Gidadakonenahalli Cross,146,11
Bengaluru (Bangalore),BMTC,32675,Gidadapalya,4,2
Bengaluru (Bangalore),BMTC,32677,Gidaveerasagara,1,1
Bengaluru (Bangalore),BMTC,25405,Giddanahalli Gate,3,2
Bengaluru (Bangalore),BMTC,25407,Giddappanahalli,2,1
Bengaluru (Bangalore),BMTC,32679,Giddappanahalli,2,2
Bengaluru (Bangalore),BMTC,32680,Giddenahalli,5,2
Bengaluru (Bangalore),BMTC,32681,Giddenahalli,5,2
Bengaluru (Bangalore),BMTC,25411,Giddenahalli,7,3
Bengaluru (Bangalore),BMTC,32682,Giddenahalli,6,2
Bengaluru (Bangalore),BMTC,39640,Giddenahalli Prashanti Kuteera,14,4
Bengaluru (Bangalore),BMTC,23513,Girigowdana Doddy,10,6
Bengaluru (Bangalore),BMTC,23514,Girigowdana Doddy,7,3
Bengaluru (Bangalore),BMTC,32683,Girigowdana Doddy Colony,1,1
Bengaluru (Bangalore),BMTC,23512,Girigowdana Doddy Cross,5,2
Bengaluru (Bangalore),BMTC,23515,Girigowdana Doddy Cross,5,2
Bengaluru (Bangalore),BMTC,25415,Girinagara 2nd Stage,14,3
Bengaluru (Bangalore),BMTC,32684,Girinagara 2nd Stage,19,5
Bengaluru (Bangalore),BMTC,21961,Girinagara Cross,60,9
Bengaluru (Bangalore),BMTC,21962,Girinagara Cross,59,8
Bengaluru (Bangalore),BMTC,25417,Girinagara Extension,18,6
Bengaluru (Bangalore),BMTC,32685,Girinagara Extension,14,3
Bengaluru (Bangalore),BMTC,25420,Giriyamma Circle,37,3
Bengaluru (Bangalore),BMTC,32686,Giriyamma Circle,43,9
Bengaluru (Bangalore),BMTC,32687,Giriyamma Circle,75,10
Bengaluru (Bangalore),BMTC,25422,Giriyappanapalya,1,1
Bengaluru (Bangalore),BMTC,32688,Giriyappanapalya,1,1
Bengaluru (Bangalore),BMTC,25424,Giriyappanapalya Cross,1,1
Bengaluru (Bangalore),BMTC,32689,Giriyappanapalya Cross,1,1
Bengaluru (Bangalore),BMTC,21964,Glass Factory,423,47
Bengaluru (Bangalore),BMTC,21965,Glass Factory,411,45
Bengaluru (Bangalore),BMTC,21963,Glass Factory,33,4
Bengaluru (Bangalore),BMTC,21966,Glass Factory,468,54
Bengaluru (Bangalore),BMTC,25437,Glass House Halage Vaderahalli,93,8
Bengaluru (Bangalore),BMTC,35827,Glass House Halage Vaderahalli,90,6
Bengaluru (Bangalore),BMTC,39026,Gnana Jyothi school,131,22
Bengaluru (Bangalore),BMTC,39027,Gnana Jyothi school,126,23
Bengaluru (Bangalore),BMTC,25445,Goduru Cross,12,2
Bengaluru (Bangalore),BMTC,32700,Goduru Cross,16,2
Bengaluru (Bangalore),BMTC,25446,Gokare,3,2
Bengaluru (Bangalore),BMTC,21968,Gokula,1026,104
Bengaluru (Bangalore),BMTC,21969,Gokula,649,48
Bengaluru (Bangalore),BMTC,25450,Golf Club HAL,3,1
Bengaluru (Bangalore),BMTC,32702,Golf Club HAL,4,1
Bengaluru (Bangalore),BMTC,32705,Gollahalli,6,3
Bengaluru (Bangalore),BMTC,32709,Gollahalli,5,3
Bengaluru (Bangalore),BMTC,32703,Gollahalli,82,22
Bengaluru (Bangalore),BMTC,32704,Gollahalli,65,24
Bengaluru (Bangalore),BMTC,32706,Gollahalli,5,2
Bengaluru (Bangalore),BMTC,32707,Gollahalli,5,2
Bengaluru (Bangalore),BMTC,25458,Gollahalli,10,6
Bengaluru (Bangalore),BMTC,32708,Gollahalli,17,6
Bengaluru (Bangalore),BMTC,38635,Gollahalli,3,1
Bengaluru (Bangalore),BMTC,38636,Gollahalli,3,2
Bengaluru (Bangalore),BMTC,32710,Gollahalli Cross,40,6
Bengaluru (Bangalore),BMTC,32711,Gollahalli Cross,44,7
Bengaluru (Bangalore),BMTC,25463,Gollahalli Cross,3,2
Bengaluru (Bangalore),BMTC,32712,Gollahalli Cross,6,3
Bengaluru (Bangalore),BMTC,32713,Gollahalli Cross,3,3
Bengaluru (Bangalore),BMTC,25465,Gollahalli Electronic City,4,3
Bengaluru (Bangalore),BMTC,32714,Gollahalli Electronic City,2,1
Bengaluru (Bangalore),BMTC,21515,Gollarahatti,731,107
Bengaluru (Bangalore),BMTC,21516,Gollarahatti,725,108
Bengaluru (Bangalore),BMTC,32716,Gollarahatti,73,12
Bengaluru (Bangalore),BMTC,39071,Gollarahatti,4,2
Bengaluru (Bangalore),BMTC,25468,Gollarahatti Magadi,1,1
Bengaluru (Bangalore),BMTC,32715,Gollarahatti Magadi,2,2
Bengaluru (Bangalore),BMTC,32718,Gollarapalya,25,12
Bengaluru (Bangalore),BMTC,32719,Gollarapalya,25,12
Bengaluru (Bangalore),BMTC,25472,Gollarapalya,2,1
Bengaluru (Bangalore),BMTC,32717,Gollarapalya,1,1
Bengaluru (Bangalore),BMTC,25474,Gonighattapura,18,4
Bengaluru (Bangalore),BMTC,25475,Gonighattapura Cross,27,8
Bengaluru (Bangalore),BMTC,32720,Gonighattapura Cross,12,5
Bengaluru (Bangalore),BMTC,25477,Gonipura,14,6
Bengaluru (Bangalore),BMTC,32721,Gonipura,65,15
Bengaluru (Bangalore),BMTC,38997,Good Earth Malhar,2,1
Bengaluru (Bangalore),BMTC,25479,Good Earth Villas Cross,2,1
Bengaluru (Bangalore),BMTC,32722,Good Earth Villas Cross,6,1
Bengaluru (Bangalore),BMTC,40477,Good land Hostel,3,1
Bengaluru (Bangalore),BMTC,25486,Gopal Estate,3,1
Bengaluru (Bangalore),BMTC,32724,Gopal Estate,2,1
Bengaluru (Bangalore),BMTC,20788,Gopalapura,252,23
Bengaluru (Bangalore),BMTC,35429,Gopalapura,256,21
Bengaluru (Bangalore),BMTC,32726,Gopalapura,60,8
Bengaluru (Bangalore),BMTC,32727,Gopalapura,18,3
Bengaluru (Bangalore),BMTC,25490,Gopalapura,4,1
Bengaluru (Bangalore),BMTC,32725,Gopalapura,4,1
Bengaluru (Bangalore),BMTC,21971,Gopalapura,42,15
Bengaluru (Bangalore),BMTC,21972,Gopalapura,45,13
Bengaluru (Bangalore),BMTC,39540,Gopasandra,1,1
Bengaluru (Bangalore),BMTC,39541,Gopasandra,1,1
Bengaluru (Bangalore),BMTC,25496,Gopasandra Cross,9,1
Bengaluru (Bangalore),BMTC,32731,Gopasandra Cross,9,2
Bengaluru (Bangalore),BMTC,25499,Gopasandra Gate,17,4
Bengaluru (Bangalore),BMTC,32732,Gopasandra Gate,22,7
Bengaluru (Bangalore),BMTC,32733,Gopasandra Gate,38,9
Bengaluru (Bangalore),BMTC,20789,Goraguntepalya,1437,223
Bengaluru (Bangalore),BMTC,20790,Goraguntepalya,1783,231
Bengaluru (Bangalore),BMTC,21517,Goraguntepalya,422,35
Bengaluru (Bangalore),BMTC,25632,Goravanahalli,4,2
Bengaluru (Bangalore),BMTC,25501,Goravanahalli Cross,7,5
Bengaluru (Bangalore),BMTC,32734,Goravanahalli Cross,6,4
Bengaluru (Bangalore),BMTC,25505,Gorinabele,1,1
Bengaluru (Bangalore),BMTC,25507,Gorinabele Cross,6,3
Bengaluru (Bangalore),BMTC,24719,Gorinabele colony,1,1
Bengaluru (Bangalore),BMTC,25508,Goripalya,124,6
Bengaluru (Bangalore),BMTC,21973,Gorivegere Gate,233,33
Bengaluru (Bangalore),BMTC,21974,Gorivegere Gate,154,30
Bengaluru (Bangalore),BMTC,25512,Gottigehalli,8,4
Bengaluru (Bangalore),BMTC,32738,Gottigehalli,7,3
Bengaluru (Bangalore),BMTC,25515,Gottigehalli Junction,5,2
Bengaluru (Bangalore),BMTC,32740,Gottigehalli Junction,5,3
Bengaluru (Bangalore),BMTC,23359,Gottigere,15,3
Bengaluru (Bangalore),BMTC,23588,Gottigere,852,107
Bengaluru (Bangalore),BMTC,23863,Gottigere,836,106
Bengaluru (Bangalore),BMTC,36775,Gottigere,1,1
Bengaluru (Bangalore),BMTC,36776,Gottigere,6,5
Bengaluru (Bangalore),BMTC,38971,Gottigere Nice Road Junction,19,1
Bengaluru (Bangalore),BMTC,39093,Gottigere Nice Road Junction,19,1
Bengaluru (Bangalore),BMTC,25520,Gottipura Gate,21,7
Bengaluru (Bangalore),BMTC,32742,Gottipura Gate,20,6
Bengaluru (Bangalore),BMTC,20791,Govardhan Talkies,1432,201
Bengaluru (Bangalore),BMTC,20792,Govardhan Talkies,1397,219
Bengaluru (Bangalore),BMTC,20793,Govardhan Talkies,617,44
Bengaluru (Bangalore),BMTC,24360,Govardhan Talkies,75,7
Bengaluru (Bangalore),BMTC,40408,Government ITI College,49,5
Bengaluru (Bangalore),BMTC,40409,Government ITI College,49,5
Bengaluru (Bangalore),BMTC,40670,Government polytechnic Arehalli,12,2
Bengaluru (Bangalore),BMTC,25526,Govindapura,34,5
Bengaluru (Bangalore),BMTC,32744,Govindapura,1,1
Bengaluru (Bangalore),BMTC,32748,Govindapura,1,1
Bengaluru (Bangalore),BMTC,32746,Govindapura,3,1
Bengaluru (Bangalore),BMTC,25528,Govindapura Colony,3,2
Bengaluru (Bangalore),BMTC,32749,Govindapura Colony,4,2
Bengaluru (Bangalore),BMTC,21975,Govindapura Cross,33,4
Bengaluru (Bangalore),BMTC,21976,Govindapura Cross,468,54
Bengaluru (Bangalore),BMTC,21519,Govindarajanagara,447,34
Bengaluru (Bangalore),BMTC,21977,Govindarajanagara,424,31
Bengaluru (Bangalore),BMTC,36621,Govt Film and Television Institute,14,3
Bengaluru (Bangalore),BMTC,25532,Govt First Grade College Bidadi,3,2
Bengaluru (Bangalore),BMTC,32751,Govt First Grade College Bidadi,6,3
Bengaluru (Bangalore),BMTC,23580,Govt Hospital Arakere,8,1
Bengaluru (Bangalore),BMTC,24237,Govt Hospital Arakere,14,3
Bengaluru (Bangalore),BMTC,38002,Govt Junior College Chikkaballapura,44,1
Bengaluru (Bangalore),BMTC,38003,Govt Junior College Chikkaballapura,41,1
Bengaluru (Bangalore),BMTC,38657,Govt Primary School Bommasandra,4,2
Bengaluru (Bangalore),BMTC,39482,Govt Primary School Chikkabanavara,262,52
Bengaluru (Bangalore),BMTC,39483,Govt Primary School Chikkabanavara,186,46
Bengaluru (Bangalore),BMTC,25536,Govt School Jakkur,17,7
Bengaluru (Bangalore),BMTC,32753,Govt School Jakkur,17,8
Bengaluru (Bangalore),BMTC,20794,Govt School Thotada Guddadahalli,26,4
Bengaluru (Bangalore),BMTC,20795,Govt School Thotada Guddadahalli,26,5
Bengaluru (Bangalore),BMTC,39375,Govt School Thotada Guddadahalli,63,10
Bengaluru (Bangalore),BMTC,25538,Govt School Yelahanka 4th Phase,9,1
Bengaluru (Bangalore),BMTC,32754,Govt School Yelahanka 4th Phase,4,2
Bengaluru (Bangalore),BMTC,20796,Govt Soap Factory,711,50
Bengaluru (Bangalore),BMTC,20797,Govt Soap Factory,704,48
Bengaluru (Bangalore),BMTC,23325,Govt Soap Factory,1,1
Bengaluru (Bangalore),BMTC,25542,Gowdahalli,3,2
Bengaluru (Bangalore),BMTC,32756,Gowdahalli,4,3
Bengaluru (Bangalore),BMTC,39707,Gowdahalli,10,1
Bengaluru (Bangalore),BMTC,25544,Gowdahalli Colony,18,3
Bengaluru (Bangalore),BMTC,32757,Gowdahalli Colony,11,5
Bengaluru (Bangalore),BMTC,25547,Gowdaiahanapalya,3,1
Bengaluru (Bangalore),BMTC,32758,Gowdaiahanapalya,3,1
Bengaluru (Bangalore),BMTC,25549,Gowrava Bhovi Palya,7,2
Bengaluru (Bangalore),BMTC,32759,Gowrava Bhovi Palya,1,1
Bengaluru (Bangalore),BMTC,23454,Gowrava Nagara,220,16
Bengaluru (Bangalore),BMTC,23472,Gowrava Nagara,216,17
Bengaluru (Bangalore),BMTC,24093,Gowrenahalli,124,12
Bengaluru (Bangalore),BMTC,24216,Gowrenahalli,114,10
Bengaluru (Bangalore),BMTC,25553,Grandwell,144,36
Bengaluru (Bangalore),BMTC,32761,Grandwell,147,34
Bengaluru (Bangalore),BMTC,20802,Graphite India,598,27
Bengaluru (Bangalore),BMTC,20803,Graphite India,609,26
Bengaluru (Bangalore),BMTC,32762,Graphite India,2,1
Bengaluru (Bangalore),BMTC,33145,Graphite Junction,306,95
Bengaluru (Bangalore),BMTC,37222,Graphite Junction,12,2
Bengaluru (Bangalore),BMTC,39845,Graphite Junction,2,1
Bengaluru (Bangalore),BMTC,25556,Green Field,9,1
Bengaluru (Bangalore),BMTC,21980,Green Wood High School,83,24
Bengaluru (Bangalore),BMTC,21981,Green Wood High School,150,26
Bengaluru (Bangalore),BMTC,25559,Gruhalakshmi Layout,314,16
Bengaluru (Bangalore),BMTC,32763,Gruhalakshmi Layout,297,19
Bengaluru (Bangalore),BMTC,39649,Gruhalakshmi Layout Govt Urdu School,3,1
Bengaluru (Bangalore),BMTC,32764,Gubbalala,13,4
Bengaluru (Bangalore),BMTC,32765,Gubbalala,13,4
Bengaluru (Bangalore),BMTC,21982,Gubbalala Gate,350,96
Bengaluru (Bangalore),BMTC,21983,Gubbalala Gate,353,98
Bengaluru (Bangalore),BMTC,21984,Gubbi Cross,261,66
Bengaluru (Bangalore),BMTC,21985,Gubbi Cross,244,59
Bengaluru (Bangalore),BMTC,32768,Gubbi Cross,19,4
Bengaluru (Bangalore),BMTC,20804,Guddadahalli,80,23
Bengaluru (Bangalore),BMTC,25570,Guddadahalli,80,27
Bengaluru (Bangalore),BMTC,25572,Guddadahalli Dinne,12,7
Bengaluru (Bangalore),BMTC,32769,Guddadahalli Dinne,15,9
Bengaluru (Bangalore),BMTC,32770,Guddahalli,3,1
Bengaluru (Bangalore),BMTC,35843,Guddahalli,2,1
Bengaluru (Bangalore),BMTC,25576,Guddahatti,7,3
Bengaluru (Bangalore),BMTC,32771,Guddahatti,7,3
Bengaluru (Bangalore),BMTC,21986,Guddahatti Gate,568,44
Bengaluru (Bangalore),BMTC,21987,Guddahatti Gate,601,46
Bengaluru (Bangalore),BMTC,25579,Guddaiahnapalya,4,2
Bengaluru (Bangalore),BMTC,31369,Guddaiahnapalya 1,3,2
Bengaluru (Bangalore),BMTC,25581,Gudde Devastana Kamalanagara,145,6
Bengaluru (Bangalore),BMTC,32773,Gudde Devastana Kamalanagara,153,6
Bengaluru (Bangalore),BMTC,25583,Guddegowdana Channohalli,1,1
Bengaluru (Bangalore),BMTC,32774,Guddegowdana Channohalli,1,1
Bengaluru (Bangalore),BMTC,39761,Gudemaranahalli,3,1
Bengaluru (Bangalore),BMTC,39762,Gudemaranahalli,3,1
Bengaluru (Bangalore),BMTC,25585,Gudemaranahalli Hand Post,5,3
Bengaluru (Bangalore),BMTC,32775,Gudemaranahalli Hand Post,4,2
Bengaluru (Bangalore),BMTC,32776,Gudipalya,2,1
Bengaluru (Bangalore),BMTC,32778,Gudipalya,2,1
Bengaluru (Bangalore),BMTC,25589,Gudipalya,22,3
Bengaluru (Bangalore),BMTC,32777,Gudipalya,22,3
Bengaluru (Bangalore),BMTC,25591,Gudipalya Cross,5,3
Bengaluru (Bangalore),BMTC,32779,Gudipalya Cross,6,3
Bengaluru (Bangalore),BMTC,24541,Guduvanahalli Gate,48,4
Bengaluru (Bangalore),BMTC,32288,Guduvanahalli Gate,49,5
Bengaluru (Bangalore),BMTC,21992,Guestline Hotel,632,40
Bengaluru (Bangalore),BMTC,21993,Guestline Hotel,661,41
Bengaluru (Bangalore),BMTC,25597,Gulaganjahalli,10,6
Bengaluru (Bangalore),BMTC,32782,Gulaganjahalli,6,4
Bengaluru (Bangalore),BMTC,25599,Gulaganjahalli Cross,52,7
Bengaluru (Bangalore),BMTC,32783,Gulaganjahalli Cross,51,5
Bengaluru (Bangalore),BMTC,21994,Gulakamale,43,17
Bengaluru (Bangalore),BMTC,21995,Gulakamale,57,22
Bengaluru (Bangalore),BMTC,21988,Gullahatti Kaval,5,2
Bengaluru (Bangalore),BMTC,21989,Gullahatti Kaval,7,2
Bengaluru (Bangalore),BMTC,25606,Gullakaipura,43,10
Bengaluru (Bangalore),BMTC,32786,Gullakaipura,43,10
Bengaluru (Bangalore),BMTC,21996,Gunasheela Hospital,354,75
Bengaluru (Bangalore),BMTC,40693,Gundamagere Cross,2,1
Bengaluru (Bangalore),BMTC,40694,Gundamagere Cross,3,1
Bengaluru (Bangalore),BMTC,25610,Gundammanapalya,2,2
Bengaluru (Bangalore),BMTC,32788,Gundammanapalya,2,2
Bengaluru (Bangalore),BMTC,25612,Gundammanapalya Colony,2,2
Bengaluru (Bangalore),BMTC,32789,Gundammanapalya Colony,2,2
Bengaluru (Bangalore),BMTC,23928,Gundanjaneya Swamy Temple Ravagodlu,32,6
Bengaluru (Bangalore),BMTC,38579,Gundenahalli,26,4
Bengaluru (Bangalore),BMTC,38580,Gundenahalli,27,4
Bengaluru (Bangalore),BMTC,25614,Gundenahalli Cross,16,5
Bengaluru (Bangalore),BMTC,32790,Gundenahalli Cross,11,4
Bengaluru (Bangalore),BMTC,25616,Gundur,37,7
Bengaluru (Bangalore),BMTC,32791,Gundur,9,4
Bengaluru (Bangalore),BMTC,35364,Gundur,6,1
Bengaluru (Bangalore),BMTC,32792,Gundur Colony,10,2
Bengaluru (Bangalore),BMTC,25618,Gundur Colony,5,2
Bengaluru (Bangalore),BMTC,35365,Gundur Colony,4,2
Bengaluru (Bangalore),BMTC,25622,Guni Agrahara,35,7
Bengaluru (Bangalore),BMTC,32794,Guni Agrahara,37,8
Bengaluru (Bangalore),BMTC,25624,Gunjurpalya,8,3
Bengaluru (Bangalore),BMTC,32795,Gunjurpalya,9,4
Bengaluru (Bangalore),BMTC,25626,Gunjurpalya Gate,5,3
Bengaluru (Bangalore),BMTC,32796,Gunjurpalya Gate,4,2
Bengaluru (Bangalore),BMTC,21997,Gunjuru,263,64
Bengaluru (Bangalore),BMTC,24872,Gunjuru,14,7
Bengaluru (Bangalore),BMTC,24873,Gunjuru,29,8
Bengaluru (Bangalore),BMTC,32798,Gunjuru,156,47
Bengaluru (Bangalore),BMTC,22745,Gurappanapalya,801,101
Bengaluru (Bangalore),BMTC,23874,Gurappanapalya,697,84
Bengaluru (Bangalore),BMTC,32800,Guravanahalli,1,1
Bengaluru (Bangalore),BMTC,25636,Gurudwara,1,1
Bengaluru (Bangalore),BMTC,35306,Gurudwara/Lido,67,25
Bengaluru (Bangalore),BMTC,25638,Gurukula School Tharahunase,19,11
Bengaluru (Bangalore),BMTC,32802,Gurukula School Tharahunase,19,9
Bengaluru (Bangalore),BMTC,32799,Guruvanahalli,4,1
Bengaluru (Bangalore),BMTC,32804,Guttepalya,33,10
Bengaluru (Bangalore),BMTC,32805,Guttepalya,31,13
Bengaluru (Bangalore),BMTC,25644,Guttepalya,4,1
Bengaluru (Bangalore),BMTC,32806,Guttepalya,4,1
Bengaluru (Bangalore),BMTC,25646,H Cross,64,2
Bengaluru (Bangalore),BMTC,32807,H Cross,59,2
Bengaluru (Bangalore),BMTC,25648,H Gollahalli,25,7
Bengaluru (Bangalore),BMTC,32808,H Gollahalli,26,9
Bengaluru (Bangalore),BMTC,25650,H Gollahalli Cross,25,7
Bengaluru (Bangalore),BMTC,32809,H Gollahalli Cross,26,9
Bengaluru (Bangalore),BMTC,25652,H Krishnappa Layout,20,5
Bengaluru (Bangalore),BMTC,32810,H Krishnappa Layout,6,2
Bengaluru (Bangalore),BMTC,36748,HAL ARDC,34,15
Bengaluru (Bangalore),BMTC,39489,HAL Admin Gate,464,85
Bengaluru (Bangalore),BMTC,39490,HAL Admin Gate,497,84
Bengaluru (Bangalore),BMTC,25670,HAL Gnanajyothi School,2,2
Bengaluru (Bangalore),BMTC,22001,HAL Kalyana Mantap,546,92
Bengaluru (Bangalore),BMTC,22002,HAL Kalyana Mantap,509,88
Bengaluru (Bangalore),BMTC,36400,HAL LCA,2,1
Bengaluru (Bangalore),BMTC,22003,HAL Main Gate,582,105
Bengaluru (Bangalore),BMTC,22004,HAL Main Gate,525,98
Bengaluru (Bangalore),BMTC,25675,HAL Main Gate,21,6
Bengaluru (Bangalore),BMTC,35189,HAL Main Gate,39,10
Bengaluru (Bangalore),BMTC,38110,HAL Market/SBI Bank,3,3
Bengaluru (Bangalore),BMTC,32819,HAL New Public School,3,3
Bengaluru (Bangalore),BMTC,20815,HBR Layout,961,90
Bengaluru (Bangalore),BMTC,20816,HBR Layout,1003,95
Bengaluru (Bangalore),BMTC,29395,HBR Layout 1st Stage,1,1
Bengaluru (Bangalore),BMTC,29399,HBR Layout 2nd Stage (1st Main),4,1
Bengaluru (Bangalore),BMTC,35594,HBR Layout 2nd Stage (2nd Cross),5,1
Bengaluru (Bangalore),BMTC,29400,HBR Layout 2nd Stage (2nd Cross),4,1
Bengaluru (Bangalore),BMTC,35593,HBR Layout 2nd Stage (2nd Cross),5,1
Bengaluru (Bangalore),BMTC,29406,HBR Layout 4th Block,8,5
Bengaluru (Bangalore),BMTC,35587,HBR Layout 4th Block,5,3
Bengaluru (Bangalore),BMTC,35585,HBR Layout 5th Block,6,4
Bengaluru (Bangalore),BMTC,25873,HG Palya,16,5
Bengaluru (Bangalore),BMTC,32916,HG Palya,11,4
Bengaluru (Bangalore),BMTC,40687,HIVE RT Nagara (Kaverinagara),3,2
Bengaluru (Bangalore),BMTC,22703,HMT Auditorium,84,12
Bengaluru (Bangalore),BMTC,22708,HMT Auditorium,92,13
Bengaluru (Bangalore),BMTC,25892,HMT Auditorium KIAS,6,2
Bengaluru (Bangalore),BMTC,32923,HMT Auditorium KIAS,2,2
Bengaluru (Bangalore),BMTC,22034,HMT Club House,475,60
Bengaluru (Bangalore),BMTC,35215,HMT Club House,435,66
Bengaluru (Bangalore),BMTC,25894,HMT Layout 8th Mile,524,20
Bengaluru (Bangalore),BMTC,36387,HMT Layout 8th Mile,87,8
Bengaluru (Bangalore),BMTC,20834,HMT Layout R T Nagara,440,22
Bengaluru (Bangalore),BMTC,20835,HMT Layout R T Nagara,480,24
Bengaluru (Bangalore),BMTC,22702,HMT Post Office,33,10
Bengaluru (Bangalore),BMTC,22709,HMT Post Office,93,14
Bengaluru (Bangalore),BMTC,25900,HMT Siddarthanagara,10,3
Bengaluru (Bangalore),BMTC,32926,HMT Siddarthanagara,10,5
Bengaluru (Bangalore),BMTC,22700,HMT Watch Factory,78,11
Bengaluru (Bangalore),BMTC,37125,HMT Watch Factory,74,11
Bengaluru (Bangalore),BMTC,40485,HP Petrol Bunk Haraluru Road,46,3
Bengaluru (Bangalore),BMTC,40486,HP Petrol Bunk Haraluru Road,47,3
Bengaluru (Bangalore),BMTC,39080,HP Petrol Bunk Kakolu,30,17
Bengaluru (Bangalore),BMTC,39081,HP Petrol Bunk Kakolu,31,22
Bengaluru (Bangalore),BMTC,38615,HRBR 1st Stage,6,3
Bengaluru (Bangalore),BMTC,29420,HRBR Layout 80 feet Road,28,4
Bengaluru (Bangalore),BMTC,35574,HRBR Layout 80 feet Road,32,7
Bengaluru (Bangalore),BMTC,26013,HRBR Layout Cross,32,7
Bengaluru (Bangalore),BMTC,32985,HRBR Layout Cross,28,4
Bengaluru (Bangalore),BMTC,26015,HSBC,61,9
Bengaluru (Bangalore),BMTC,35120,HSBC,783,96
Bengaluru (Bangalore),BMTC,35156,HSBC,776,103
Bengaluru (Bangalore),BMTC,35309,HSBC,51,9
Bengaluru (Bangalore),BMTC,26020,HSR Lay Out Police Station,155,7
Bengaluru (Bangalore),BMTC,20569,HSR Layout 14th Main,1108,67
Bengaluru (Bangalore),BMTC,29381,HSR Layout 14th Main,2,2
Bengaluru (Bangalore),BMTC,35422,HSR Layout 14th Main,5,2
Bengaluru (Bangalore),BMTC,24297,HSR Layout 22nd Cross (Parangipalya Cross),25,1
Bengaluru (Bangalore),BMTC,22902,HSR Layout 2nd Sector,9,3
Bengaluru (Bangalore),BMTC,24051,HSR Layout 2nd Sector,8,2
Bengaluru (Bangalore),BMTC,32986,HSR Layout Bescom Office,8,2
Bengaluru (Bangalore),BMTC,35170,HSR Layout Bescom Office,13,2
Bengaluru (Bangalore),BMTC,26024,HSR Layout KEB,102,9
Bengaluru (Bangalore),BMTC,32987,HSR Layout KEB,122,8
Bengaluru (Bangalore),BMTC,24279,HSR Layout Petrol Bunk,46,8
Bengaluru (Bangalore),BMTC,24301,HSR Layout Petrol Bunk,20,6
Bengaluru (Bangalore),BMTC,26025,HSR Layout Police Station,98,6
Bengaluru (Bangalore),BMTC,25655,Hadohalli,25,6
Bengaluru (Bangalore),BMTC,32811,Hadohalli,26,6
Bengaluru (Bangalore),BMTC,25653,Hadosiddapura,64,15
Bengaluru (Bangalore),BMTC,25657,Hadripura,2,2
Bengaluru (Bangalore),BMTC,23558,Hagaduru,1,1
Bengaluru (Bangalore),BMTC,32812,Hagalahalli,6,3
Bengaluru (Bangalore),BMTC,35858,Hagalahalli,7,3
Bengaluru (Bangalore),BMTC,38504,Hakki Pikki Colony,4,2
Bengaluru (Bangalore),BMTC,32813,Hakki Pikki Colony,6,2
Bengaluru (Bangalore),BMTC,25662,Hakki Pikki Colony Bannerughatta,6,1
Bengaluru (Bangalore),BMTC,32814,Hakki Pikki Colony Cross,16,6
Bengaluru (Bangalore),BMTC,32815,Hakki Pikki Colony Cross,18,7
Bengaluru (Bangalore),BMTC,25666,Hakki Pikki Colony Cross,3,2
Bengaluru (Bangalore),BMTC,32816,Hakki Pikki Colony Cross,2,1
Bengaluru (Bangalore),BMTC,26353,Hakki Pikki Colony Cross,14,7
Bengaluru (Bangalore),BMTC,39759,Hakkinalu,3,1
Bengaluru (Bangalore),BMTC,39760,Hakkinalu,3,1
Bengaluru (Bangalore),BMTC,31419,Hakkipikki Colony Cross,14,7
Bengaluru (Bangalore),BMTC,25679,Halage Vaderahalli,116,14
Bengaluru (Bangalore),BMTC,32820,Halage Vaderahalli,120,14
Bengaluru (Bangalore),BMTC,25683,Halanayakanahalli,3,1
Bengaluru (Bangalore),BMTC,32822,Halanayakanahalli,11,2
Bengaluru (Bangalore),BMTC,25685,Halappanahalli,69,6
Bengaluru (Bangalore),BMTC,32823,Halappanahalli,316,13
Bengaluru (Bangalore),BMTC,25690,Halasahalli,4,2
Bengaluru (Bangalore),BMTC,32825,Halasahalli,2,1
Bengaluru (Bangalore),BMTC,32826,Halasahalli,4,1
Bengaluru (Bangalore),BMTC,32827,Halasahalli,4,1
Bengaluru (Bangalore),BMTC,35064,Halasahalli Cross,25,10
Bengaluru (Bangalore),BMTC,35332,Halasahalli Cross,38,14
Bengaluru (Bangalore),BMTC,25692,Halasahalli Cross,25,8
Bengaluru (Bangalore),BMTC,32828,Halasahalli Cross,24,7
Bengaluru (Bangalore),BMTC,20805,Halasuru,469,162
Bengaluru (Bangalore),BMTC,20806,Halasuru,625,186
Bengaluru (Bangalore),BMTC,22005,Halasuru,205,27
Bengaluru (Bangalore),BMTC,20807,Halasuru Police Station,470,137
Bengaluru (Bangalore),BMTC,22006,Halasuru Police Station,180,28
Bengaluru (Bangalore),BMTC,39475,Halasuru Police Station,6,2
Bengaluru (Bangalore),BMTC,25697,Haldenahalli,67,10
Bengaluru (Bangalore),BMTC,32831,Haldenahalli,66,12
Bengaluru (Bangalore),BMTC,22007,Hale Chandapura,580,51
Bengaluru (Bangalore),BMTC,22008,Hale Chandapura,612,52
Bengaluru (Bangalore),BMTC,25699,Hale Ooru,8,3
Bengaluru (Bangalore),BMTC,32832,Hale Ooru,7,3
Bengaluru (Bangalore),BMTC,25701,Halehalli,2,2
Bengaluru (Bangalore),BMTC,32833,Halehalli,2,2
Bengaluru (Bangalore),BMTC,25703,Halehalli Cross,2,2
Bengaluru (Bangalore),BMTC,32834,Halehalli Cross,2,2
Bengaluru (Bangalore),BMTC,25705,Halenahalli Purushanahalli,1,1
Bengaluru (Bangalore),BMTC,32835,Halenahalli Purushanahalli,1,1
Bengaluru (Bangalore),BMTC,38712,Haleyur,2,1
Bengaluru (Bangalore),BMTC,38713,Haleyur,1,1
Bengaluru (Bangalore),BMTC,38395,Haleyuru,3,2
Bengaluru (Bangalore),BMTC,25711,Halubhavipalya,5,3
Bengaluru (Bangalore),BMTC,35706,Halubhavipalya,8,4
Bengaluru (Bangalore),BMTC,25713,Hampapura,6,2
Bengaluru (Bangalore),BMTC,32838,Hampapura,7,3
Bengaluru (Bangalore),BMTC,25716,Hampapura Colony Cross,7,3
Bengaluru (Bangalore),BMTC,32839,Hampapura Colony Cross,6,2
Bengaluru (Bangalore),BMTC,22009,Hampi Nagara 7th Main,137,4
Bengaluru (Bangalore),BMTC,22010,Hampi Nagara 7th Main,152,5
Bengaluru (Bangalore),BMTC,22011,Hampi Nagara Post Office,177,3
Bengaluru (Bangalore),BMTC,22012,Hampi Nagara Post Office,102,3
Bengaluru (Bangalore),BMTC,22013,Hampinagara RPC Layout,312,9
Bengaluru (Bangalore),BMTC,21521,Hamsa Farm,357,55
Bengaluru (Bangalore),BMTC,21526,Hamsa Farm,384,65
Bengaluru (Bangalore),BMTC,25718,Hancharahalli,7,1
Bengaluru (Bangalore),BMTC,32840,Hancharahalli Circle,7,1
Bengaluru (Bangalore),BMTC,25722,Hancharahalli Gate,104,22
Bengaluru (Bangalore),BMTC,32841,Hancharahalli Gate,110,23
Bengaluru (Bangalore),BMTC,25724,Hanchipura,4,2
Bengaluru (Bangalore),BMTC,25726,Handarahalli,4,2
Bengaluru (Bangalore),BMTC,32843,Handarahalli,2,1
Bengaluru (Bangalore),BMTC,25732,Handenahalli,23,16
Bengaluru (Bangalore),BMTC,32846,Handenahalli,23,15
Bengaluru (Bangalore),BMTC,25734,Handenahalli Attibele,15,7
Bengaluru (Bangalore),BMTC,32847,Handenahalli Attibele,10,4
Bengaluru (Bangalore),BMTC,25736,Handigutte,2,2
Bengaluru (Bangalore),BMTC,32848,Handigutte,2,2
Bengaluru (Bangalore),BMTC,25738,Hangarahalli,1,1
Bengaluru (Bangalore),BMTC,25742,Haniyuru,8,5
Bengaluru (Bangalore),BMTC,32851,Haniyuru,15,7
Bengaluru (Bangalore),BMTC,23994,Hanuman Temple Beguru,32,4
Bengaluru (Bangalore),BMTC,24159,Hanuman Temple Beguru,126,22
Bengaluru (Bangalore),BMTC,20808,Hanumanthanagara Ward Office,487,50
Bengaluru (Bangalore),BMTC,25747,Hanumanthegowdanapalya,10,5
Bengaluru (Bangalore),BMTC,32854,Hanumanthegowdanapalya,11,7
Bengaluru (Bangalore),BMTC,40492,Happy Big Bazar,21,2
Bengaluru (Bangalore),BMTC,40493,Happy Big Bazar,22,2
Bengaluru (Bangalore),BMTC,24089,Haragadde,162,25
Bengaluru (Bangalore),BMTC,24221,Haragadde,137,20
Bengaluru (Bangalore),BMTC,25750,Haragadde Cross,125,16
Bengaluru (Bangalore),BMTC,25751,Haragadde Cross,124,15
Bengaluru (Bangalore),BMTC,40008,Haragadde Govt School,1,1
Bengaluru (Bangalore),BMTC,40009,Haragadde Govt School,28,6
Bengaluru (Bangalore),BMTC,40622,Haralagurki Cross,17,1
Bengaluru (Bangalore),BMTC,25753,Haralur Junction,49,4
Bengaluru (Bangalore),BMTC,32856,Haralur Junction,48,5
Bengaluru (Bangalore),BMTC,32858,Haraluru,10,1
Bengaluru (Bangalore),BMTC,25756,Haraluru,48,4
Bengaluru (Bangalore),BMTC,32857,Haraluru,56,7
Bengaluru (Bangalore),BMTC,25758,Haraluru Cross,52,5
Bengaluru (Bangalore),BMTC,32859,Haraluru Cross,48,4
Bengaluru (Bangalore),BMTC,32860,Haraluru Gate,33,1
Bengaluru (Bangalore),BMTC,32861,Haraluru Gate,32,1
Bengaluru (Bangalore),BMTC,25762,Haraluru Gate,11,4
Bengaluru (Bangalore),BMTC,32862,Haraluru Gate,9,4
Bengaluru (Bangalore),BMTC,35085,Harapanahalli,339,57
Bengaluru (Bangalore),BMTC,35300,Harapanahalli,325,56
Bengaluru (Bangalore),BMTC,25764,Harapanahalli Village,4,2
Bengaluru (Bangalore),BMTC,35766,Harapanahalli Village,4,2
Bengaluru (Bangalore),BMTC,22015,Hari Nagara Cross,429,46
Bengaluru (Bangalore),BMTC,22016,Hari Nagara Cross,420,45
Bengaluru (Bangalore),BMTC,32865,Haridasa Nagara,1,1
Bengaluru (Bangalore),BMTC,32866,Haridasa Nagara,1,1
Bengaluru (Bangalore),BMTC,20810,Harishchandra Ghat,626,46
Bengaluru (Bangalore),BMTC,20811,Harishchandra Ghat,678,45
Bengaluru (Bangalore),BMTC,32868,Harohalli,64,12
Bengaluru (Bangalore),BMTC,32874,Harohalli,70,12
Bengaluru (Bangalore),BMTC,25784,Harohalli,2,1
Bengaluru (Bangalore),BMTC,32873,Harohalli,1,1
Bengaluru (Bangalore),BMTC,32875,Harohalli,5,3
Bengaluru (Bangalore),BMTC,32876,Harohalli,4,3
Bengaluru (Bangalore),BMTC,38667,Harohalli,2,2
Bengaluru (Bangalore),BMTC,38668,Harohalli,2,2
Bengaluru (Bangalore),BMTC,35155,Harohalli,323,23
Bengaluru (Bangalore),BMTC,35185,Harohalli,245,22
Bengaluru (Bangalore),BMTC,32871,Harohalli,2,1
Bengaluru (Bangalore),BMTC,32878,Harohalli,15,4
Bengaluru (Bangalore),BMTC,23613,Harohalli Depot,137,14
Bengaluru (Bangalore),BMTC,23618,Harohalli Depot,143,16
Bengaluru (Bangalore),BMTC,25788,Harohalli Gate,46,11
Bengaluru (Bangalore),BMTC,32880,Harohalli Gate,32,10
Bengaluru (Bangalore),BMTC,25791,Harohalli Palya,2,2
Bengaluru (Bangalore),BMTC,31370,Harohalli Palya,3,2
Bengaluru (Bangalore),BMTC,23614,Harohalli Petrol bunk,137,14
Bengaluru (Bangalore),BMTC,23617,Harohalli Petrol bunk,143,16
Bengaluru (Bangalore),BMTC,25796,Harokyatanahalli,2,1
Bengaluru (Bangalore),BMTC,39387,Harsha Institute,1,1
Bengaluru (Bangalore),BMTC,39390,Harsha Institute,1,1
Bengaluru (Bangalore),BMTC,40422,Harvest International School,94,23
Bengaluru (Bangalore),BMTC,40423,Harvest International School,167,26
Bengaluru (Bangalore),BMTC,25797,Hasanath College,4,2
Bengaluru (Bangalore),BMTC,35355,Hasanath College,15,3
Bengaluru (Bangalore),BMTC,25799,Hasigaala,69,6
Bengaluru (Bangalore),BMTC,32884,Hasigaala,310,11
Bengaluru (Bangalore),BMTC,25801,Hasiruvalli,1,1
Bengaluru (Bangalore),BMTC,32885,Hasiruvalli,1,1
Bengaluru (Bangalore),BMTC,25803,Hasiruvalli Cross,1,1
Bengaluru (Bangalore),BMTC,32886,Hasiruvalli Cross,1,1
Bengaluru (Bangalore),BMTC,25805,Hasiruvallipalya,1,1
Bengaluru (Bangalore),BMTC,32887,Hasiruvallipalya,1,1
Bengaluru (Bangalore),BMTC,20812,Havanur Circle,92,15
Bengaluru (Bangalore),BMTC,20813,Havanur Circle,226,17
Bengaluru (Bangalore),BMTC,20814,Havanur Circle,136,12
Bengaluru (Bangalore),BMTC,25806,Havanur Circle,19,4
Bengaluru (Bangalore),BMTC,35265,Havanur Circle,27,7
Bengaluru (Bangalore),BMTC,32888,Hazarath Tippu Nagara,1,1
Bengaluru (Bangalore),BMTC,32889,Hazarath Tippu Nagara,2,1
Bengaluru (Bangalore),BMTC,32890,Hazarath Tippu Nagara,15,2
Bengaluru (Bangalore),BMTC,32891,Hazarath Tippu Nagara,8,1
Bengaluru (Bangalore),BMTC,25814,Head Start School Gate,39,10
Bengaluru (Bangalore),BMTC,32892,Head Start School Gate,31,10
Bengaluru (Bangalore),BMTC,25815,Head Start School Kommasandra,22,11
Bengaluru (Bangalore),BMTC,22017,Hebbagodi,952,120
Bengaluru (Bangalore),BMTC,22018,Hebbagodi,970,119
Bengaluru (Bangalore),BMTC,38658,Hebbagodi,7,3
Bengaluru (Bangalore),BMTC,20817,Hebbala,354,17
Bengaluru (Bangalore),BMTC,20820,Hebbala,1407,210
Bengaluru (Bangalore),BMTC,25816,Hebbala,1405,230
Bengaluru (Bangalore),BMTC,20822,Hebbala Bridge,5,2
Bengaluru (Bangalore),BMTC,20823,Hebbala Bridge,1624,98
Bengaluru (Bangalore),BMTC,21527,Hebbala Bridge,974,76
Bengaluru (Bangalore),BMTC,25819,Hebbala Bridge,357,46
Bengaluru (Bangalore),BMTC,37944,Hebbala Bridge,852,195
Bengaluru (Bangalore),BMTC,20694,Hebbala Canara Bank,1272,229
Bengaluru (Bangalore),BMTC,20695,Hebbala Canara Bank,1299,206
Bengaluru (Bangalore),BMTC,25821,Hedakanahalli,2,1
Bengaluru (Bangalore),BMTC,32895,Hedakanahalli,2,1
Bengaluru (Bangalore),BMTC,25823,Heelalige,2,2
Bengaluru (Bangalore),BMTC,32896,Heelalige,2,2
Bengaluru (Bangalore),BMTC,25825,Heelalige Cross,43,16
Bengaluru (Bangalore),BMTC,32897,Heelalige Cross,42,14
Bengaluru (Bangalore),BMTC,25827,Heggadadevanapura,5,3
Bengaluru (Bangalore),BMTC,32898,Heggadadevanapura,5,3
Bengaluru (Bangalore),BMTC,25829,Heggadagere,1,1
Bengaluru (Bangalore),BMTC,32899,Heggadagere,1,1
Bengaluru (Bangalore),BMTC,32901,Heggadagere Cross,1,1
Bengaluru (Bangalore),BMTC,32902,Heggadagere Cross,1,1
Bengaluru (Bangalore),BMTC,25833,Heggadagere Cross,6,5
Bengaluru (Bangalore),BMTC,32900,Heggadagere Cross,5,4
Bengaluru (Bangalore),BMTC,26498,Heggadagere Site,1,1
Bengaluru (Bangalore),BMTC,34619,Heggadagere Site,1,1
Bengaluru (Bangalore),BMTC,25835,Hegganahalli,3,2
Bengaluru (Bangalore),BMTC,32903,Hegganahalli,9,6
Bengaluru (Bangalore),BMTC,20824,Hegganahalli,686,47
Bengaluru (Bangalore),BMTC,20825,Hegganahalli,642,44
Bengaluru (Bangalore),BMTC,20826,Hegganahalli Cross,642,44
Bengaluru (Bangalore),BMTC,20827,Hegganahalli Cross,686,47
Bengaluru (Bangalore),BMTC,25837,Hegganahalli Gate,4,4
Bengaluru (Bangalore),BMTC,32904,Hegganahalli Gate,10,6
Bengaluru (Bangalore),BMTC,22019,Heggondanahalli,83,24
Bengaluru (Bangalore),BMTC,22020,Heggondanahalli,150,26
Bengaluru (Bangalore),BMTC,25839,Hejjala,29,15
Bengaluru (Bangalore),BMTC,32905,Hejjala,28,11
Bengaluru (Bangalore),BMTC,25841,Hejjala Colony,4,1
Bengaluru (Bangalore),BMTC,32906,Hejjala Colony,3,1
Bengaluru (Bangalore),BMTC,20828,Hejjala Gate,366,53
Bengaluru (Bangalore),BMTC,40390,Hejjala Gate,1,1
Bengaluru (Bangalore),BMTC,20829,Hejjala gate,364,61
Bengaluru (Bangalore),BMTC,22021,Helicopter Division,544,102
Bengaluru (Bangalore),BMTC,22022,Helicopter Division,523,99
Bengaluru (Bangalore),BMTC,25843,Heligehalli,1,1
Bengaluru (Bangalore),BMTC,32907,Heligehalli,2,2
Bengaluru (Bangalore),BMTC,25844,Heligehalli Colony,3,2
Bengaluru (Bangalore),BMTC,25846,Hemapura,2,2
Bengaluru (Bangalore),BMTC,32908,Hemapura,3,1
Bengaluru (Bangalore),BMTC,25848,Hemmigepura,25,7
Bengaluru (Bangalore),BMTC,32909,Hemmigepura,26,9
Bengaluru (Bangalore),BMTC,25851,Hennagara,9,4
Bengaluru (Bangalore),BMTC,32910,Hennagara,11,2
Bengaluru (Bangalore),BMTC,32911,Hennagara,9,3
Bengaluru (Bangalore),BMTC,22023,Hennagara Gate,830,108
Bengaluru (Bangalore),BMTC,22024,Hennagara Gate,906,119
Bengaluru (Bangalore),BMTC,37098,Hennagara Gate,14,6
Bengaluru (Bangalore),BMTC,22025,Hennur,228,80
Bengaluru (Bangalore),BMTC,22026,Hennur,7,3
Bengaluru (Bangalore),BMTC,35177,Hennur,216,78
Bengaluru (Bangalore),BMTC,22027,Hennur Bande,288,87
Bengaluru (Bangalore),BMTC,22028,Hennur Bande,270,82
Bengaluru (Bangalore),BMTC,25854,Hennur Bande Sai Baba Temple,8,4
Bengaluru (Bangalore),BMTC,25855,Hennur Bande Sai Baba Temple,7,4
Bengaluru (Bangalore),BMTC,22030,Hennur Cross,287,89
Bengaluru (Bangalore),BMTC,25856,Hennur Cross,304,92
Bengaluru (Bangalore),BMTC,21522,Hennur Junction,1343,130
Bengaluru (Bangalore),BMTC,21528,Hennur Junction,1004,96
Bengaluru (Bangalore),BMTC,35279,Hennur Junction,29,15
Bengaluru (Bangalore),BMTC,35920,Hennur Junction,295,92
Bengaluru (Bangalore),BMTC,35921,Hennur Junction,271,83
Bengaluru (Bangalore),BMTC,25861,Hennuru Petrol Bunk,237,85
Bengaluru (Bangalore),BMTC,25862,Hennuru Petrol Bunk,216,78
Bengaluru (Bangalore),BMTC,25864,Heritage Estate Rajanukunte,2,2
Bengaluru (Bangalore),BMTC,21530,Herohalli Cross,877,131
Bengaluru (Bangalore),BMTC,25866,Herohalli Cross,6,2
Bengaluru (Bangalore),BMTC,32914,Herohalli Cross,690,48
Bengaluru (Bangalore),BMTC,37252,Herohalli Cross,335,15
Bengaluru (Bangalore),BMTC,21523,Herohalli Cross1,744,119
Bengaluru (Bangalore),BMTC,23430,Herohalli Sunkadakatte,195,10
Bengaluru (Bangalore),BMTC,23659,Herohalli Sunkadakatte,210,13
Bengaluru (Bangalore),BMTC,20833,Hesaraghatta,316,54
Bengaluru (Bangalore),BMTC,35751,Hesaraghatta,221,47
Bengaluru (Bangalore),BMTC,20832,Hesaraghatta TB Cross,278,56
Bengaluru (Bangalore),BMTC,21531,Hesaraghatta TB Cross,209,55
Bengaluru (Bangalore),BMTC,25869,Hesaraghatta TB Cross,65,12
Bengaluru (Bangalore),BMTC,25870,Hesaraghatta Work shop,2,2
Bengaluru (Bangalore),BMTC,25871,Hesaraghatta Workshop,2,1
Bengaluru (Bangalore),BMTC,23357,High Ground Police Station,118,8
Bengaluru (Bangalore),BMTC,24173,High Ground Police Station,132,5
Bengaluru (Bangalore),BMTC,25877,High School Tharahunase,15,6
Bengaluru (Bangalore),BMTC,32918,High School Tharahunase,15,7
Bengaluru (Bangalore),BMTC,25879,Hilal Nagara Cross HBR Layout,1,1
Bengaluru (Bangalore),BMTC,23587,Himagiri,610,87
Bengaluru (Bangalore),BMTC,23864,Himagiri,598,87
Bengaluru (Bangalore),BMTC,25881,Hindiganala,64,2
Bengaluru (Bangalore),BMTC,32920,Hindiganala,59,2
Bengaluru (Bangalore),BMTC,25883,Hinnakki,7,3
Bengaluru (Bangalore),BMTC,32921,Hinnakki,9,5
Bengaluru (Bangalore),BMTC,39549,Hinnakki Village,11,4
Bengaluru (Bangalore),BMTC,25886,Hiranandani Villas,239,35
Bengaluru (Bangalore),BMTC,25887,Hiranandani Villas,237,34
Bengaluru (Bangalore),BMTC,25863,Hirandahalli,81,13
Bengaluru (Bangalore),BMTC,25885,Hirandahalli,84,16
Bengaluru (Bangalore),BMTC,25728,Hittarahalli,1,1
Bengaluru (Bangalore),BMTC,32844,Hittarahalli,3,2
Bengaluru (Bangalore),BMTC,25730,Hittarahalli Gate,92,18
Bengaluru (Bangalore),BMTC,32845,Hittarahalli Gate,97,18
Bengaluru (Bangalore),BMTC,25902,Holiday Village Apartment,6,1
Bengaluru (Bangalore),BMTC,32927,Holiday Village Apartment,6,1
Bengaluru (Bangalore),BMTC,34809,Hombalamma Kere,169,15
Bengaluru (Bangalore),BMTC,35811,Hombalamma Kere,8,5
Bengaluru (Bangalore),BMTC,25909,Hombalammanapete,1,1
Bengaluru (Bangalore),BMTC,32930,Hombalammanapete,2,2
Bengaluru (Bangalore),BMTC,25910,Hommadevanahalli,204,18
Bengaluru (Bangalore),BMTC,35340,Hommadevanahalli,238,17
Bengaluru (Bangalore),BMTC,23493,Hommadevanahalli Cross,221,16
Bengaluru (Bangalore),BMTC,23954,Hommadevanahalli Cross,214,18
Bengaluru (Bangalore),BMTC,38434,Hompalaghatta,4,1
Bengaluru (Bangalore),BMTC,38435,Hompalaghatta,4,1
Bengaluru (Bangalore),BMTC,25912,Honachenahalli,3,2
Bengaluru (Bangalore),BMTC,32931,Honachenahalli,5,3
Bengaluru (Bangalore),BMTC,21524,Honaganahatti,389,58
Bengaluru (Bangalore),BMTC,21533,Honaganahatti,416,67
Bengaluru (Bangalore),BMTC,23774,Hongasandra,178,29
Bengaluru (Bangalore),BMTC,23806,Hongasandra,200,30
Bengaluru (Bangalore),BMTC,25913,Hongasandra MICO Layout,10,2
Bengaluru (Bangalore),BMTC,39872,Hongasandra Metro Station,1036,144
Bengaluru (Bangalore),BMTC,39873,Hongasandra Metro Station,1028,140
Bengaluru (Bangalore),BMTC,25915,Hongemara Managal,1,1
Bengaluru (Bangalore),BMTC,32932,Hongemara Managal,2,2
Bengaluru (Bangalore),BMTC,25918,Honnadevanapura,13,2
Bengaluru (Bangalore),BMTC,32933,Honnadevanapura,13,3
Bengaluru (Bangalore),BMTC,25919,Honnakalasapura Cross,174,12
Bengaluru (Bangalore),BMTC,37728,Honnakalasapura Cross,63,5
Bengaluru (Bangalore),BMTC,32935,Honnasandra,3,1
Bengaluru (Bangalore),BMTC,32936,Honnasandra,3,2
Bengaluru (Bangalore),BMTC,25925,Honnasandra,2,1
Bengaluru (Bangalore),BMTC,32937,Honnasandra,2,2
Bengaluru (Bangalore),BMTC,25927,Honnasandra Cross,4,2
Bengaluru (Bangalore),BMTC,38924,Honnasandra Gate,9,2
Bengaluru (Bangalore),BMTC,38925,Honnasandra Gate,9,2
Bengaluru (Bangalore),BMTC,38805,Honnavara,2,1
Bengaluru (Bangalore),BMTC,38806,Honnavara,2,1
Bengaluru (Bangalore),BMTC,25929,Honnavara Gate,15,3
Bengaluru (Bangalore),BMTC,32939,Honnavara Gate,15,4
Bengaluru (Bangalore),BMTC,25931,Honnayyanapalya,2,2
Bengaluru (Bangalore),BMTC,32940,Honnayyanapalya,2,2
Bengaluru (Bangalore),BMTC,25933,Honnenahalli,293,54
Bengaluru (Bangalore),BMTC,32941,Honnenahalli,324,65
Bengaluru (Bangalore),BMTC,22035,Hoodi,307,100
Bengaluru (Bangalore),BMTC,22036,Hoodi,30,8
Bengaluru (Bangalore),BMTC,35198,Hoodi,324,98
Bengaluru (Bangalore),BMTC,38420,Hoodi,48,3
Bengaluru (Bangalore),BMTC,40029,Hoodi BBMP Office,48,3
Bengaluru (Bangalore),BMTC,40028,Hoodi Lake,48,3
Bengaluru (Bangalore),BMTC,38419,Hoodi Metro Station,322,95
Bengaluru (Bangalore),BMTC,39844,Hoodi Metro Station,11,3
Bengaluru (Bangalore),BMTC,33520,Hoodi Railway Station,48,3
Bengaluru (Bangalore),BMTC,40031,Hoodi Railway Station,46,5
Bengaluru (Bangalore),BMTC,25936,Hoovinayakanahalli,10,3
Bengaluru (Bangalore),BMTC,32942,Hoovinayakanahalli,7,2
Bengaluru (Bangalore),BMTC,36544,Hoovinayakanahalli Gate,38,12
Bengaluru (Bangalore),BMTC,20836,Hope Farm,735,68
Bengaluru (Bangalore),BMTC,20837,Hope Farm,802,119
Bengaluru (Bangalore),BMTC,22037,Hope Farm,297,93
Bengaluru (Bangalore),BMTC,22038,Hope Farm,394,54
Bengaluru (Bangalore),BMTC,37509,Hope Farm,284,20
Bengaluru (Bangalore),BMTC,25941,Horamavu,84,16
Bengaluru (Bangalore),BMTC,32943,Horamavu,87,18
Bengaluru (Bangalore),BMTC,25944,Horamavu Agara,5,2
Bengaluru (Bangalore),BMTC,32944,Horamavu Agara,7,3
Bengaluru (Bangalore),BMTC,32945,Horamavu Agara,11,5
Bengaluru (Bangalore),BMTC,20838,Horamavu Signal,936,91
Bengaluru (Bangalore),BMTC,20839,Horamavu Signal,963,93
Bengaluru (Bangalore),BMTC,25949,Horamavu Signal,79,16
Bengaluru (Bangalore),BMTC,32947,Horamavu Signal,84,16
Bengaluru (Bangalore),BMTC,23550,Hosa Doddy Gate,184,34
Bengaluru (Bangalore),BMTC,23628,Hosa Doddy Gate,184,34
Bengaluru (Bangalore),BMTC,25953,Hosa Hudya,265,23
Bengaluru (Bangalore),BMTC,32950,Hosa Hudya,258,26
Bengaluru (Bangalore),BMTC,35788,Hosa Road FLY,91,11
Bengaluru (Bangalore),BMTC,35789,Hosa Road FLY,96,13
Bengaluru (Bangalore),BMTC,20840,Hosa Road Metro Station,1077,141
Bengaluru (Bangalore),BMTC,20841,Hosa Road Metro Station,1059,141
Bengaluru (Bangalore),BMTC,32951,Hosa Road Metro Station,97,19
Bengaluru (Bangalore),BMTC,38357,Hosa Road Metro Station,85,14
Bengaluru (Bangalore),BMTC,40020,Hosa Road Metro Station Arrival (MF-22E),25,1
Bengaluru (Bangalore),BMTC,40014,Hosa Road Metro Station Arrival (MF-22EA),25,1
Bengaluru (Bangalore),BMTC,25960,Hosahalli,53,6
Bengaluru (Bangalore),BMTC,32955,Hosahalli,52,6
Bengaluru (Bangalore),BMTC,35146,Hosahalli,108,36
Bengaluru (Bangalore),BMTC,35260,Hosahalli,112,40
Bengaluru (Bangalore),BMTC,32953,Hosahalli,15,5
Bengaluru (Bangalore),BMTC,32954,Hosahalli,14,6
Bengaluru (Bangalore),BMTC,22040,Hosahalli,34,10
Bengaluru (Bangalore),BMTC,22041,Hosahalli,40,10
Bengaluru (Bangalore),BMTC,29559,Hosahalli Aralimara,3,2
Bengaluru (Bangalore),BMTC,35444,Hosahalli Aralimara,7,2
Bengaluru (Bangalore),BMTC,40598,Hosahalli Cross,1,1
Bengaluru (Bangalore),BMTC,40601,Hosahalli Cross,1,1
Bengaluru (Bangalore),BMTC,25966,Hosahalli Cross Devanagondi,20,17
Bengaluru (Bangalore),BMTC,32957,Hosahalli Cross Devanagondi,3,2
Bengaluru (Bangalore),BMTC,32958,Hosahalli Cross Devanagondi,28,16
Bengaluru (Bangalore),BMTC,32959,Hosahalli Cross Devanagondi,41,26
Bengaluru (Bangalore),BMTC,38577,Hosahalli Gate (Rathnam Hotel),26,4
Bengaluru (Bangalore),BMTC,38578,Hosahalli Gate (Rathnam Hotel),27,4
Bengaluru (Bangalore),BMTC,25968,Hosahalli Kodagalahatti,9,3
Bengaluru (Bangalore),BMTC,32960,Hosahalli Kodagalahatti,5,4
Bengaluru (Bangalore),BMTC,30375,Hosahalli Road Junction,14,4
Bengaluru (Bangalore),BMTC,25972,Hosahallipalya,1,1
Bengaluru (Bangalore),BMTC,32962,Hosahallipalya,1,1
Bengaluru (Bangalore),BMTC,20842,Hosakerehalli  Junction,807,52
Bengaluru (Bangalore),BMTC,20843,Hosakerehalli  Junction,574,40
Bengaluru (Bangalore),BMTC,35951,Hosakerehalli  Junction,69,10
Bengaluru (Bangalore),BMTC,29088,Hosakerehalli Kerekodi,23,5
Bengaluru (Bangalore),BMTC,33976,Hosakerehalli Kerekodi,18,3
Bengaluru (Bangalore),BMTC,20844,Hosakerehalli Petrol Bunk,576,38
Bengaluru (Bangalore),BMTC,20845,Hosakerehalli Petrol Bunk,653,48
Bengaluru (Bangalore),BMTC,25990,Hosakote Ayyappa Temple,22,16
Bengaluru (Bangalore),BMTC,32974,Hosakote Ayyappa Temple,24,15
Bengaluru (Bangalore),BMTC,37604,Hosakote BEO office,634,59
Bengaluru (Bangalore),BMTC,22046,Hosakote Bus Stand (Old),991,80
Bengaluru (Bangalore),BMTC,37685,Hosakote Bus Stand (Old),125,7
Bengaluru (Bangalore),BMTC,36152,Hosakote Bus Station (TTMC),858,94
Bengaluru (Bangalore),BMTC,22048,Hosakote Flower Market,545,66
Bengaluru (Bangalore),BMTC,22049,Hosakote Flower Market,392,58
Bengaluru (Bangalore),BMTC,32975,Hosakote Govt Hospital,33,9
Bengaluru (Bangalore),BMTC,32976,Hosakote Govt Hospital,113,29
Bengaluru (Bangalore),BMTC,32977,Hosakote Govt Hospital,57,15
Bengaluru (Bangalore),BMTC,22050,Hosakote High School,917,100
Bengaluru (Bangalore),BMTC,22051,Hosakote High School,344,44
Bengaluru (Bangalore),BMTC,25997,Hosakote K E B Circle,467,87
Bengaluru (Bangalore),BMTC,32978,Hosakote K E B Circle,206,31
Bengaluru (Bangalore),BMTC,37686,Hosakote K E B Circle,95,10
Bengaluru (Bangalore),BMTC,22054,Hosakote Kodi,564,95
Bengaluru (Bangalore),BMTC,22055,Hosakote Kodi,455,88
Bengaluru (Bangalore),BMTC,22056,Hosakote Toll,704,95
Bengaluru (Bangalore),BMTC,22057,Hosakote Toll,595,88
Bengaluru (Bangalore),BMTC,38560,Hosakote Toll (Volvo),6,2
Bengaluru (Bangalore),BMTC,38561,Hosakote Toll (Volvo),6,2
Bengaluru (Bangalore),BMTC,25980,Hosapalya,20,6
Bengaluru (Bangalore),BMTC,32966,Hosapalya,22,6
Bengaluru (Bangalore),BMTC,32963,Hosapalya,22,8
Bengaluru (Bangalore),BMTC,32964,Hosapalya,21,7
Bengaluru (Bangalore),BMTC,32968,Hosapalya,5,2
Bengaluru (Bangalore),BMTC,32969,Hosapalya,1,1
Bengaluru (Bangalore),BMTC,32965,Hosapalya,4,1
Bengaluru (Bangalore),BMTC,32967,Hosapalya,4,2
Bengaluru (Bangalore),BMTC,25982,Hosapalya Colony,22,7
Bengaluru (Bangalore),BMTC,32970,Hosapalya Colony,22,6
Bengaluru (Bangalore),BMTC,23924,Hosapalya Kudlu Gate,22,4
Bengaluru (Bangalore),BMTC,36134,Hosapalya Kudlu Gate,4,2
Bengaluru (Bangalore),BMTC,25984,Hosapete,8,1
Bengaluru (Bangalore),BMTC,32971,Hosapete,33,2
Bengaluru (Bangalore),BMTC,25987,Hosapete Gate,3,1
Bengaluru (Bangalore),BMTC,32972,Hosapete Gate,127,15
Bengaluru (Bangalore),BMTC,32973,Hosapete Gate,111,14
Bengaluru (Bangalore),BMTC,22042,Hoskerehalli,76,6
Bengaluru (Bangalore),BMTC,22043,Hoskerehalli,66,3
Bengaluru (Bangalore),BMTC,22044,Hoskerehalli Cross,408,40
Bengaluru (Bangalore),BMTC,22045,Hoskerehalli Cross,158,19
Bengaluru (Bangalore),BMTC,22058,Hosmat Hospital,480,84
Bengaluru (Bangalore),BMTC,20846,Hosmat Hospital (DIG Office),475,146
Bengaluru (Bangalore),BMTC,20880,Hosur Road Junction,944,164
Bengaluru (Bangalore),BMTC,20881,Hosur Road junction,936,164
Bengaluru (Bangalore),BMTC,23817,Hosur Road junction,176,19
Bengaluru (Bangalore),BMTC,24356,Hosur Road junction 1,186,15
Bengaluru (Bangalore),BMTC,26002,Hosuru,20,8
Bengaluru (Bangalore),BMTC,32980,Hosuru,13,6
Bengaluru (Bangalore),BMTC,22059,Hosuru Bande,187,48
Bengaluru (Bangalore),BMTC,22060,Hosuru Bande,174,44
Bengaluru (Bangalore),BMTC,26004,Hotel Emerald,25,8
Bengaluru (Bangalore),BMTC,32981,Hotel Emerald,25,8
Bengaluru (Bangalore),BMTC,26006,Hoysala Nagara,65,10
Bengaluru (Bangalore),BMTC,32982,Hoysala Nagara,65,10
Bengaluru (Bangalore),BMTC,39379,Huchammanadoddi,1,1
Bengaluru (Bangalore),BMTC,39380,Huchammanadoddi,1,1
Bengaluru (Bangalore),BMTC,26033,Hugarapalya,5,2
Bengaluru (Bangalore),BMTC,32989,Hugarapalya,4,2
Bengaluru (Bangalore),BMTC,26036,Hulimangala,26,11
Bengaluru (Bangalore),BMTC,35216,Hulimangala,17,7
Bengaluru (Bangalore),BMTC,37896,Hulimangala,1,1
Bengaluru (Bangalore),BMTC,37897,Hulimangala,1,1
Bengaluru (Bangalore),BMTC,26040,Hulimangala Cross,25,3
Bengaluru (Bangalore),BMTC,32991,Hulimangala Cross,25,3
Bengaluru (Bangalore),BMTC,32992,Hulimangala Cross,12,7
Bengaluru (Bangalore),BMTC,32993,Hulimangala Cross,12,6
Bengaluru (Bangalore),BMTC,36228,Hulimangala Hosakote,2,1
Bengaluru (Bangalore),BMTC,26042,Hulimavu,21,4
Bengaluru (Bangalore),BMTC,32994,Hulimavu,50,7
Bengaluru (Bangalore),BMTC,22749,Hulimavu Gate,783,96
Bengaluru (Bangalore),BMTC,22763,Hulimavu Gate,779,103
Bengaluru (Bangalore),BMTC,39768,Hulimavu Gate 80 Feet Road,32,2
Bengaluru (Bangalore),BMTC,39771,Hulimavu Gate 80 Feet Road,32,2
Bengaluru (Bangalore),BMTC,24146,Hullahalli Cross,46,11
Bengaluru (Bangalore),BMTC,24156,Hullahalli Cross,47,12
Bengaluru (Bangalore),BMTC,24155,Hullahalli Village,5,2
Bengaluru (Bangalore),BMTC,24167,Hullahalli Village,5,1
Bengaluru (Bangalore),BMTC,26045,Hullegowdanahalli,10,3
Bengaluru (Bangalore),BMTC,32995,Hullegowdanahalli,15,5
Bengaluru (Bangalore),BMTC,26035,Hullegowdanahalli Cross,93,15
Bengaluru (Bangalore),BMTC,32990,Hullegowdanahalli Cross,93,17
Bengaluru (Bangalore),BMTC,26051,Huluvenahalli,1,1
Bengaluru (Bangalore),BMTC,32997,Huluvenahalli,2,2
Bengaluru (Bangalore),BMTC,32998,Huluvenahalli,12,3
Bengaluru (Bangalore),BMTC,26053,Huluvenahalli Gate,20,10
Bengaluru (Bangalore),BMTC,33000,Huluvenahalli Gate,22,12
Bengaluru (Bangalore),BMTC,26056,Hunasamaranahalli,8,4
Bengaluru (Bangalore),BMTC,33001,Hunasamaranahalli,516,90
Bengaluru (Bangalore),BMTC,33002,Hunasamaranahalli,519,92
Bengaluru (Bangalore),BMTC,39280,Hunasamaranahalli FLY,363,17
Bengaluru (Bangalore),BMTC,39281,Hunasamaranahalli FLY,379,17
Bengaluru (Bangalore),BMTC,26058,Hunaseghattapalya,4,3
Bengaluru (Bangalore),BMTC,33003,Hunaseghattapalya,4,3
Bengaluru (Bangalore),BMTC,21534,Hunasemara,362,62
Bengaluru (Bangalore),BMTC,21535,Hunasemara,354,60
Bengaluru (Bangalore),BMTC,22061,Hunasemara,425,97
Bengaluru (Bangalore),BMTC,26060,Hunasemaradapalya,6,2
Bengaluru (Bangalore),BMTC,33004,Hunasemaradapalya,7,2
Bengaluru (Bangalore),BMTC,26062,Hunasenahalli,12,9
Bengaluru (Bangalore),BMTC,33005,Hunasenahalli,14,11
Bengaluru (Bangalore),BMTC,26064,Hunasuru,25,12
Bengaluru (Bangalore),BMTC,33006,Hunasuru,25,11
Bengaluru (Bangalore),BMTC,38623,Hunasuru Junction,48,10
Bengaluru (Bangalore),BMTC,38624,Hunasuru Junction,37,11
Bengaluru (Bangalore),BMTC,33007,Hunnigere,6,2
Bengaluru (Bangalore),BMTC,33009,Hunnigere,6,3
Bengaluru (Bangalore),BMTC,26068,Hunnigere,21,9
Bengaluru (Bangalore),BMTC,33008,Hunnigere,13,9
Bengaluru (Bangalore),BMTC,26070,Hunnigere Cross,93,15
Bengaluru (Bangalore),BMTC,33010,Hunnigere Cross,94,18
Bengaluru (Bangalore),BMTC,37329,Huralagere,1,1
Bengaluru (Bangalore),BMTC,37330,Huralagere,1,1
Bengaluru (Bangalore),BMTC,40392,Huralagurki Cross,44,1
Bengaluru (Bangalore),BMTC,40393,Huralagurki Cross,17,1
Bengaluru (Bangalore),BMTC,20847,Hurali Chikkanahalli,212,46
Bengaluru (Bangalore),BMTC,21536,Hurali Chikkanahalli,204,53
Bengaluru (Bangalore),BMTC,26076,Huskur,2,1
Bengaluru (Bangalore),BMTC,33012,Huskur,2,1
Bengaluru (Bangalore),BMTC,33013,Huskur,31,10
Bengaluru (Bangalore),BMTC,33014,Huskur,25,10
Bengaluru (Bangalore),BMTC,26078,Huskur Bare,54,7
Bengaluru (Bangalore),BMTC,33015,Huskur Bare,24,5
Bengaluru (Bangalore),BMTC,26080,Huskur Cross,22,5
Bengaluru (Bangalore),BMTC,33016,Huskur Cross,27,9
Bengaluru (Bangalore),BMTC,22063,Huskur Gate,834,116
Bengaluru (Bangalore),BMTC,22064,Huskur Gate,818,102
Bengaluru (Bangalore),BMTC,23499,Huskur Gate,117,36
Bengaluru (Bangalore),BMTC,39789,Huskur Gate,82,28
Bengaluru (Bangalore),BMTC,26082,Huskur Village,9,3
Bengaluru (Bangalore),BMTC,33017,Huskur Village,9,3
Bengaluru (Bangalore),BMTC,31518,Huttanahalli,15,6
Bengaluru (Bangalore),BMTC,34940,Huttanahalli,17,9
Bengaluru (Bangalore),BMTC,37947,Huttanahalli Basaveshwara Circle,7,4
Bengaluru (Bangalore),BMTC,39463,Huttanahalli Basaveshwara Circle,12,8
Bengaluru (Bangalore),BMTC,39464,Huttanahalli Dinne,10,7
Bengaluru (Bangalore),BMTC,39465,Huttanahalli Dinne,7,4
Bengaluru (Bangalore),BMTC,26084,Hyadalu,78,25
Bengaluru (Bangalore),BMTC,33018,Hyadalu,82,22
Bengaluru (Bangalore),BMTC,26008,Hysalanagara Ganapathi Temple,1,1
Bengaluru (Bangalore),BMTC,32983,Hysalanagara Ganapathi Temple,1,1
Bengaluru (Bangalore),BMTC,38975,Hyundai Showroom Mysore Road,90,7
Bengaluru (Bangalore),BMTC,38976,Hyundai Showroom Mysore Road,91,11
Bengaluru (Bangalore),BMTC,26088,I Basapura,1,1
Bengaluru (Bangalore),BMTC,33019,I Basapura,9,1
Bengaluru (Bangalore),BMTC,33020,I Basapura,8,1
Bengaluru (Bangalore),BMTC,26089,I Basapura Gate(Theneyuru),24,1
Bengaluru (Bangalore),BMTC,20848,I Gate,595,25
Bengaluru (Bangalore),BMTC,20849,I Gate,579,25
Bengaluru (Bangalore),BMTC,22065,IAF Jalahalli,410,36
Bengaluru (Bangalore),BMTC,22066,IAF Jalahalli,330,33
Bengaluru (Bangalore),BMTC,26093,IBM Gate,20,5
Bengaluru (Bangalore),BMTC,33022,IBM Gate,21,5
Bengaluru (Bangalore),BMTC,38828,IGNOU Singena Agrahara,1,1
Bengaluru (Bangalore),BMTC,38829,IGNOU Singena Agrahara,1,1
Bengaluru (Bangalore),BMTC,39016,IIHS Bettanapalya,2,1
Bengaluru (Bangalore),BMTC,39018,IIHS Sadashivanagara,3,3
Bengaluru (Bangalore),BMTC,38887,ISHA FOUNDATION,3,3
Bengaluru (Bangalore),BMTC,38914,ISKCON Temple Maruthinagara,13,1
Bengaluru (Bangalore),BMTC,22080,ISRO Layout,54,16
Bengaluru (Bangalore),BMTC,22081,ISRO Layout,95,14
Bengaluru (Bangalore),BMTC,26164,ISRO Layout CRPF,3,2
Bengaluru (Bangalore),BMTC,33050,ISRO Layout CRPF,4,2
Bengaluru (Bangalore),BMTC,36395,ISRO Murugeshpalya,4,2
Bengaluru (Bangalore),BMTC,26166,ISRO Quarters Jalahalli,3,3
Bengaluru (Bangalore),BMTC,33051,ISRO Quarters Jalahalli,3,3
Bengaluru (Bangalore),BMTC,26174,IT Park Bagalur,5,3
Bengaluru (Bangalore),BMTC,26175,IT Park ಭagalur,8,4
Bengaluru (Bangalore),BMTC,22082,ITC Factory,588,41
Bengaluru (Bangalore),BMTC,22083,ITC Factory,615,48
Bengaluru (Bangalore),BMTC,36721,ITC Factory,3,1
Bengaluru (Bangalore),BMTC,26177,ITC Factory,266,55
Bengaluru (Bangalore),BMTC,33055,ITC Factory,263,50
Bengaluru (Bangalore),BMTC,38562,ITC Factory Fly,21,6
Bengaluru (Bangalore),BMTC,22084,ITI Circle,383,19
Bengaluru (Bangalore),BMTC,22085,ITI Circle,440,24
Bengaluru (Bangalore),BMTC,20863,ITI Colony Gate,1212,173
Bengaluru (Bangalore),BMTC,20864,ITI Colony Gate,1225,172
Bengaluru (Bangalore),BMTC,22086,ITI Colony Gate,488,26
Bengaluru (Bangalore),BMTC,33056,ITI Layout,297,24
Bengaluru (Bangalore),BMTC,33061,ITI Layout,151,15
Bengaluru (Bangalore),BMTC,33057,ITI Layout,11,3
Bengaluru (Bangalore),BMTC,33060,ITI Layout,14,4
Bengaluru (Bangalore),BMTC,33058,ITI Layout,248,22
Bengaluru (Bangalore),BMTC,33059,ITI Layout,239,19
Bengaluru (Bangalore),BMTC,26192,ITI Layout Cross,13,1
Bengaluru (Bangalore),BMTC,33064,ITI Layout Cross,13,2
Bengaluru (Bangalore),BMTC,20865,ITPL,916,120
Bengaluru (Bangalore),BMTC,20866,ITPL,913,127
Bengaluru (Bangalore),BMTC,36250,ITPL Back Gate Big Bazzar,87,5
Bengaluru (Bangalore),BMTC,36251,ITPL Back Gate Big Bazzar,587,23
Bengaluru (Bangalore),BMTC,38121,ITPL Metro Station,90,5
Bengaluru (Bangalore),BMTC,38122,ITPL Metro Station,43,3
Bengaluru (Bangalore),BMTC,20850,Ibbaluru,1106,61
Bengaluru (Bangalore),BMTC,20851,Ibbaluru,1392,116
Bengaluru (Bangalore),BMTC,35771,Ibbaluru,317,53
Bengaluru (Bangalore),BMTC,26094,Ice Factory Veerananjipura,1,1
Bengaluru (Bangalore),BMTC,26097,Ichangur,3,2
Bengaluru (Bangalore),BMTC,33023,Ichangur,3,2
Bengaluru (Bangalore),BMTC,26103,Ideal Homes,261,18
Bengaluru (Bangalore),BMTC,33024,Ideal Homes,271,26
Bengaluru (Bangalore),BMTC,23835,Iggluru,250,44
Bengaluru (Bangalore),BMTC,23983,Iggluru,285,46
Bengaluru (Bangalore),BMTC,30986,Ilathore,5,3
Bengaluru (Bangalore),BMTC,33442,Ilathore,5,3
Bengaluru (Bangalore),BMTC,26105,Ilathore Cross,5,3
Bengaluru (Bangalore),BMTC,33025,Ilathore Cross,5,3
Bengaluru (Bangalore),BMTC,26111,Ilyas Nagara,2,1
Bengaluru (Bangalore),BMTC,26110,Ilyas Nagara Junction,2,1
Bengaluru (Bangalore),BMTC,23559,Immadihalli,20,3
Bengaluru (Bangalore),BMTC,23562,Immadihalli,31,3
Bengaluru (Bangalore),BMTC,23687,Immadihalli,11,3
Bengaluru (Bangalore),BMTC,27559,Inchara Hotel JP Nagar,172,15
Bengaluru (Bangalore),BMTC,37836,Inchara Hotel JP Nagar,231,13
Bengaluru (Bangalore),BMTC,38510,Inchara Hotel/Zaitoon,88,3
Bengaluru (Bangalore),BMTC,20852,Income Tax Layout,270,34
Bengaluru (Bangalore),BMTC,20853,Income Tax Layout,144,36
Bengaluru (Bangalore),BMTC,26090,Indian Air Force,520,93
Bengaluru (Bangalore),BMTC,33030,Indian Air Force,524,94
Bengaluru (Bangalore),BMTC,39276,Indian Air Force FLY,363,17
Bengaluru (Bangalore),BMTC,39277,Indian Air Force FLY,379,17
Bengaluru (Bangalore),BMTC,20855,Indian Express,1384,219
Bengaluru (Bangalore),BMTC,20857,Indian Express,938,142
Bengaluru (Bangalore),BMTC,22068,Indian Express,1168,152
Bengaluru (Bangalore),BMTC,26121,Indian Express,709,92
Bengaluru (Bangalore),BMTC,35138,Indian Express,1005,140
Bengaluru (Bangalore),BMTC,35192,Indian Express,52,9
Bengaluru (Bangalore),BMTC,33033,Indian Institute of Horticultural Research,76,18
Bengaluru (Bangalore),BMTC,26123,Indian Institute of Horticultural Research TB,73,18
Bengaluru (Bangalore),BMTC,22070,Indian Oil,297,27
Bengaluru (Bangalore),BMTC,22071,Indian Oil,398,43
Bengaluru (Bangalore),BMTC,27947,Indian Oil,80,12
Bengaluru (Bangalore),BMTC,40478,Indian Oil Petrol Bunk,51,9
Bengaluru (Bangalore),BMTC,40479,Indian Oil Petrol Bunk,55,11
Bengaluru (Bangalore),BMTC,38581,Indira Canteen (DESI MASALA),41,8
Bengaluru (Bangalore),BMTC,38582,Indira Canteen (DESI MASALA),43,8
Bengaluru (Bangalore),BMTC,23681,Indira Nursing Home,269,31
Bengaluru (Bangalore),BMTC,23733,Indira Nursing Home,268,28
Bengaluru (Bangalore),BMTC,33034,Indira Priyadarshini Nagara,5,1
Bengaluru (Bangalore),BMTC,24040,Indiragandhi Circle,33,2
Bengaluru (Bangalore),BMTC,35193,Indiragandhi Circle,131,11
Bengaluru (Bangalore),BMTC,39136,Indiranagar Grama,29,5
Bengaluru (Bangalore),BMTC,39137,Indiranagar Grama,29,6
Bengaluru (Bangalore),BMTC,26129,Indiranagara,314,16
Bengaluru (Bangalore),BMTC,33035,Indiranagara,297,19
Bengaluru (Bangalore),BMTC,22072,Indiranagara 100ft Road,307,25
Bengaluru (Bangalore),BMTC,22073,Indiranagara 100ft Road,315,24
Bengaluru (Bangalore),BMTC,26131,Indiranagara 12th Main,318,25
Bengaluru (Bangalore),BMTC,33036,Indiranagara 12th Main,307,25
Bengaluru (Bangalore),BMTC,21999,Indiranagara 6th Main,307,25
Bengaluru (Bangalore),BMTC,22000,Indiranagara 6th Main,318,25
Bengaluru (Bangalore),BMTC,26134,Indiranagara Metro Station,181,21
Bengaluru (Bangalore),BMTC,33037,Indiranagara Metro Station,176,25
Bengaluru (Bangalore),BMTC,22387,Indiranagara Police Station/KFC,307,25
Bengaluru (Bangalore),BMTC,22388,Indiranagara Police Station/KFC,208,23
Bengaluru (Bangalore),BMTC,22389,Indiranagara Police Station/KFC,247,29
Bengaluru (Bangalore),BMTC,22390,Indiranagara Police Station/KFC,254,34
Bengaluru (Bangalore),BMTC,26136,Indlavadi,6,2
Bengaluru (Bangalore),BMTC,33038,Indlavadi,11,3
Bengaluru (Bangalore),BMTC,24092,Indlavadi Cross,148,18
Bengaluru (Bangalore),BMTC,24217,Indlavadi Cross,121,13
Bengaluru (Bangalore),BMTC,22074,Indlubele,95,24
Bengaluru (Bangalore),BMTC,22075,Indlubele,167,26
Bengaluru (Bangalore),BMTC,22076,Indo American Hybrid Farm,578,20
Bengaluru (Bangalore),BMTC,22077,Indo American Hybrid Farm,548,20
Bengaluru (Bangalore),BMTC,26140,Indo Dyanish Farm,12,6
Bengaluru (Bangalore),BMTC,33040,Indo Dyanish Farm,12,6
Bengaluru (Bangalore),BMTC,23935,Indoor Stadium,144,17
Bengaluru (Bangalore),BMTC,23946,Indoor Stadium,152,19
Bengaluru (Bangalore),BMTC,26142,Indrasanahalli,2,2
Bengaluru (Bangalore),BMTC,33041,Indrasanahalli,1,1
Bengaluru (Bangalore),BMTC,22079,Industrial Area Rajajinagara,18,1
Bengaluru (Bangalore),BMTC,23876,Industrial Area Water Tank Bommasandra,165,23
Bengaluru (Bangalore),BMTC,23890,Industrial Area Water Tank Bommasandra,141,15
Bengaluru (Bangalore),BMTC,21538,Industrial Town Rajajinagara,75,11
Bengaluru (Bangalore),BMTC,24068,Industrial Town Rajajinagara,27,7
Bengaluru (Bangalore),BMTC,20858,Infosys Parking Lot,411,39
Bengaluru (Bangalore),BMTC,26149,Injanahalli,1,1
Bengaluru (Bangalore),BMTC,33044,Injanahalli,2,1
Bengaluru (Bangalore),BMTC,26152,InoorDoddy,3,1
Bengaluru (Bangalore),BMTC,39288,Inorapalya,294,38
Bengaluru (Bangalore),BMTC,20859,Iskcon Temple,603,39
Bengaluru (Bangalore),BMTC,20860,Iskcon Temple,611,43
Bengaluru (Bangalore),BMTC,40633,Iskcon Temple Kacharakanahalli,194,52
Bengaluru (Bangalore),BMTC,39584,Iskcon Vaikunta Temple (Vasanthapura),1,1
Bengaluru (Bangalore),BMTC,26159,Islampura,3,2
Bengaluru (Bangalore),BMTC,33048,Islampura,3,1
Bengaluru (Bangalore),BMTC,26161,Islampura Cross,91,33
Bengaluru (Bangalore),BMTC,33049,Islampura Cross,90,25
Bengaluru (Bangalore),BMTC,26171,Isthurmatti,13,2
Bengaluru (Bangalore),BMTC,33053,Isthurmatti,13,3
Bengaluru (Bangalore),BMTC,38842,Isturu Cross,10,2
Bengaluru (Bangalore),BMTC,38843,Isturu Cross,13,2
Bengaluru (Bangalore),BMTC,26173,Isuvanahalli,1,1
Bengaluru (Bangalore),BMTC,33054,Isuvanahalli,1,1
Bengaluru (Bangalore),BMTC,26194,Ittagalpura,7,4
Bengaluru (Bangalore),BMTC,33065,Ittagalpura,3,2
Bengaluru (Bangalore),BMTC,26196,Ittagalpura Cross,6,4
Bengaluru (Bangalore),BMTC,33066,Ittagalpura Cross,10,8
Bengaluru (Bangalore),BMTC,26198,Ittagalpura Gate,50,28
Bengaluru (Bangalore),BMTC,33067,Ittagalpura Gate,40,28
Bengaluru (Bangalore),BMTC,26200,Ittamadu,8,7
Bengaluru (Bangalore),BMTC,33068,Ittamadu,5,5
Bengaluru (Bangalore),BMTC,35090,Ittamadu,157,12
Bengaluru (Bangalore),BMTC,24343,Ittamadu 1,160,15
Bengaluru (Bangalore),BMTC,26202,Ittanguru,12,6
Bengaluru (Bangalore),BMTC,33069,Ittanguru,12,6
Bengaluru (Bangalore),BMTC,33071,Ittige Factory,2,1
Bengaluru (Bangalore),BMTC,33072,Ittige Factory,2,2
Bengaluru (Bangalore),BMTC,33073,Ittige Factory,12,4
Bengaluru (Bangalore),BMTC,33074,Ittige Factory,13,5
Bengaluru (Bangalore),BMTC,22087,Ittige Factory,540,41
Bengaluru (Bangalore),BMTC,22088,Ittige Factory,522,41
Bengaluru (Bangalore),BMTC,26212,Ivarukandapura,80,20
Bengaluru (Bangalore),BMTC,33076,Ivarukandapura,75,17
Bengaluru (Bangalore),BMTC,26214,J Srinivasa Reddy Layout,24,2
Bengaluru (Bangalore),BMTC,35941,JBN Petrol Bunk,127,14
Bengaluru (Bangalore),BMTC,33125,JC Nagara,22,3
Bengaluru (Bangalore),BMTC,33123,JC Nagara,120,5
Bengaluru (Bangalore),BMTC,34811,JC Nagara Kurubarahalli,24,4
Bengaluru (Bangalore),BMTC,26329,JHBCS Layout,3,1
Bengaluru (Bangalore),BMTC,33130,JHBCS Layout,3,1
Bengaluru (Bangalore),BMTC,38429,JK Basavanna Nagara,10,2
Bengaluru (Bangalore),BMTC,30456,JP Nagara 15th Cross,38,6
Bengaluru (Bangalore),BMTC,33177,JP Nagara 15th Cross,183,16
Bengaluru (Bangalore),BMTC,35347,JP Nagara 15th Cross,247,22
Bengaluru (Bangalore),BMTC,31378,JP Nagara 15th Cross 1,35,5
Bengaluru (Bangalore),BMTC,23665,JP Nagara 1st Phase,101,9
Bengaluru (Bangalore),BMTC,24039,JP Nagara 1st Phase,2,1
Bengaluru (Bangalore),BMTC,23663,JP Nagara 24th Main 9th Cross,68,5
Bengaluru (Bangalore),BMTC,24041,JP Nagara 24th Main 9th Cross,33,2
Bengaluru (Bangalore),BMTC,30457,JP Nagara 3rd Phase,36,6
Bengaluru (Bangalore),BMTC,35076,JP Nagara 3rd Phase,818,102
Bengaluru (Bangalore),BMTC,35126,JP Nagara 3rd Phase,143,29
Bengaluru (Bangalore),BMTC,35233,JP Nagara 3rd Phase,720,88
Bengaluru (Bangalore),BMTC,36198,JP Nagara 3rd Phase,2,1
Bengaluru (Bangalore),BMTC,30461,JP Nagara 5th Phase,38,6
Bengaluru (Bangalore),BMTC,33179,JP Nagara 5th Phase,38,6
Bengaluru (Bangalore),BMTC,30463,JP Nagara 6th Phase,6,4
Bengaluru (Bangalore),BMTC,33180,JP Nagara 6th Phase,104,12
Bengaluru (Bangalore),BMTC,35926,JP Nagara Metro Station,632,118
Bengaluru (Bangalore),BMTC,38795,JP Nagara Metro Station,467,110
Bengaluru (Bangalore),BMTC,35203,JP Nagara Water Tank,104,23
Bengaluru (Bangalore),BMTC,22121,JSS College,493,17
Bengaluru (Bangalore),BMTC,22122,JSS College,461,15
Bengaluru (Bangalore),BMTC,26216,Jadenahalli,3,2
Bengaluru (Bangalore),BMTC,33078,Jadenahalli,3,2
Bengaluru (Bangalore),BMTC,26218,Jadigenahalli,6,3
Bengaluru (Bangalore),BMTC,33079,Jadigenahalli,4,3
Bengaluru (Bangalore),BMTC,26220,Jadigenahalli Hospital,6,3
Bengaluru (Bangalore),BMTC,33080,Jadigenahalli Hospital,4,3
Bengaluru (Bangalore),BMTC,39802,Jagadenahalli,1,1
Bengaluru (Bangalore),BMTC,39803,Jagadenahalli,2,2
Bengaluru (Bangalore),BMTC,33081,Jagajeevanram Nagara,179,6
Bengaluru (Bangalore),BMTC,22089,Jai Bharath Nagara,609,47
Bengaluru (Bangalore),BMTC,22090,Jai Bharath Nagara,618,49
Bengaluru (Bangalore),BMTC,21100,Jai Bheem Circle (Poornima Theatre),138,13
Bengaluru (Bangalore),BMTC,22676,Jai Bheem Circle (Poornima Theatre),548,63
Bengaluru (Bangalore),BMTC,29447,Jai Bheem nagara (Ado Sonnahatti),5,4
Bengaluru (Bangalore),BMTC,35547,Jai Bheem nagara (Ado Sonnahatti),2,1
Bengaluru (Bangalore),BMTC,26230,Jai Bheema Nagara,4,1
Bengaluru (Bangalore),BMTC,35287,Jai Bheema Nagara,16,4
Bengaluru (Bangalore),BMTC,26232,Jai Bhuvaneshwari Nagara,45,4
Bengaluru (Bangalore),BMTC,33085,Jai Bhuvaneshwari Nagara,9,2
Bengaluru (Bangalore),BMTC,33087,Jai Maruthi Nagara,4,3
Bengaluru (Bangalore),BMTC,33088,Jai Maruthi Nagara,3,3
Bengaluru (Bangalore),BMTC,26236,Jai Maruthi Nagara,37,6
Bengaluru (Bangalore),BMTC,33086,Jai Maruthi Nagara,17,5
Bengaluru (Bangalore),BMTC,26238,Jai Maruthi Nagara Circle,17,4
Bengaluru (Bangalore),BMTC,33089,Jai Maruthi Nagara Circle,29,7
Bengaluru (Bangalore),BMTC,39936,Jain University Gate,48,4
Bengaluru (Bangalore),BMTC,39937,Jain University Gate,47,4
Bengaluru (Bangalore),BMTC,26242,Jakkanahalli,4,3
Bengaluru (Bangalore),BMTC,33091,Jakkanahalli,3,3
Bengaluru (Bangalore),BMTC,26244,Jakkanahalli Cross,20,8
Bengaluru (Bangalore),BMTC,33092,Jakkanahalli Cross,13,6
Bengaluru (Bangalore),BMTC,23895,Jakkasandra,347,59
Bengaluru (Bangalore),BMTC,23920,Jakkasandra,354,57
Bengaluru (Bangalore),BMTC,26246,Jakkur,15,6
Bengaluru (Bangalore),BMTC,33093,Jakkur,19,8
Bengaluru (Bangalore),BMTC,26249,Jakkur 18th Cross,41,10
Bengaluru (Bangalore),BMTC,33094,Jakkur 18th Cross,33,11
Bengaluru (Bangalore),BMTC,35272,Jakkur 18th Cross,85,28
Bengaluru (Bangalore),BMTC,26250,Jakkur Aerodrum,744,171
Bengaluru (Bangalore),BMTC,35376,Jakkur Aerodrum,787,187
Bengaluru (Bangalore),BMTC,26251,Jakkur Double Road,44,12
Bengaluru (Bangalore),BMTC,26255,Jakkur Layout,27,6
Bengaluru (Bangalore),BMTC,33096,Jakkur Layout,18,5
Bengaluru (Bangalore),BMTC,35094,Jakkur Layout 3rd Cross,51,15
Bengaluru (Bangalore),BMTC,24105,Jakkur Layout 3rd Cross.,87,21
Bengaluru (Bangalore),BMTC,26257,Jakkur Layout Double Road,23,8
Bengaluru (Bangalore),BMTC,33097,Jakkur Layout Double Road,17,7
Bengaluru (Bangalore),BMTC,35834,Jakkur Layout Double Road,22,3
Bengaluru (Bangalore),BMTC,26252,Jakkur Layout Shanimahatma Temple,17,8
Bengaluru (Bangalore),BMTC,26253,Jakkur Layout Shanimahatma Temple,17,9
Bengaluru (Bangalore),BMTC,35767,Jalabhavan,629,79
Bengaluru (Bangalore),BMTC,21461,Jalahalli Bakery,414,35
Bengaluru (Bangalore),BMTC,21539,Jalahalli Bakery,411,39
Bengaluru (Bangalore),BMTC,20867,Jalahalli Cross,1001,207
Bengaluru (Bangalore),BMTC,20869,Jalahalli Cross,1157,234
Bengaluru (Bangalore),BMTC,20870,Jalahalli Cross,1769,95
Bengaluru (Bangalore),BMTC,22091,Jalahalli Cross,332,34
Bengaluru (Bangalore),BMTC,39179,Jalahalli Cross,48,3
Bengaluru (Bangalore),BMTC,39856,Jalahalli Cross,322,15
Bengaluru (Bangalore),BMTC,40332,Jalahalli Cross,21,2
Bengaluru (Bangalore),BMTC,36453,Jalahalli Cross Metro Station Arrival,87,7
Bengaluru (Bangalore),BMTC,35866,Jalahalli Cross Metro Station Departure,152,12
Bengaluru (Bangalore),BMTC,22092,Jalahalli East,444,48
Bengaluru (Bangalore),BMTC,22093,Jalahalli East,424,41
Bengaluru (Bangalore),BMTC,26259,Jalahalli East 7th Camp,60,14
Bengaluru (Bangalore),BMTC,33098,Jalahalli East 7th Camp,67,11
Bengaluru (Bangalore),BMTC,22707,Jalahalli Police Station,101,12
Bengaluru (Bangalore),BMTC,37103,Jalahalli Police Station,72,6
Bengaluru (Bangalore),BMTC,21540,Jalahalli Village,358,33
Bengaluru (Bangalore),BMTC,21541,Jalahalli Village,411,39
Bengaluru (Bangalore),BMTC,26268,Jalahalli West Shettyhalli Road,10,5
Bengaluru (Bangalore),BMTC,33102,Jalahalli West Shettyhalli Road,4,1
Bengaluru (Bangalore),BMTC,22659,Jalavayu Vihara,79,11
Bengaluru (Bangalore),BMTC,22663,Jalavayu Vihara,85,13
Bengaluru (Bangalore),BMTC,26269,Jalige,9,7
Bengaluru (Bangalore),BMTC,36099,Jalige,7,5
Bengaluru (Bangalore),BMTC,24145,Jalli Machine,285,29
Bengaluru (Bangalore),BMTC,24157,Jalli Machine,259,28
Bengaluru (Bangalore),BMTC,22096,Jalli Machine,390,40
Bengaluru (Bangalore),BMTC,22097,Jalli Machine,358,29
Bengaluru (Bangalore),BMTC,22098,Jalli Machine,317,32
Bengaluru (Bangalore),BMTC,22099,Jalli Machine,295,22
Bengaluru (Bangalore),BMTC,26271,Jalli Machine,4,4
Bengaluru (Bangalore),BMTC,33103,Jalli Machine,4,4
Bengaluru (Bangalore),BMTC,35063,Jambu Savari Dinne,237,20
Bengaluru (Bangalore),BMTC,35091,Jambu Savari Dinne,198,21
Bengaluru (Bangalore),BMTC,35343,Jambu Savari Dinne,217,13
Bengaluru (Bangalore),BMTC,35804,Jambu Savari Dinne,240,19
Bengaluru (Bangalore),BMTC,22100,Janaki Rama Layout,263,78
Bengaluru (Bangalore),BMTC,24048,Janaki Rama Layout,280,83
Bengaluru (Bangalore),BMTC,20872,Janapriya Apartment,689,84
Bengaluru (Bangalore),BMTC,20873,Janapriya Apartment,732,98
Bengaluru (Bangalore),BMTC,33104,Janapriya Apartment,68,6
Bengaluru (Bangalore),BMTC,20874,Janapriya Apartment,1341,154
Bengaluru (Bangalore),BMTC,26277,Janapriya Apartment,1138,146
Bengaluru (Bangalore),BMTC,26276,Janapriya Greenwood Apartment,13,3
Bengaluru (Bangalore),BMTC,33105,Janapriya Greenwood Apartment,13,3
Bengaluru (Bangalore),BMTC,26279,Janapriya Township,226,24
Bengaluru (Bangalore),BMTC,33106,Janapriya Township,225,24
Bengaluru (Bangalore),BMTC,23965,Janatabazar Junction,301,13
Bengaluru (Bangalore),BMTC,20875,Janatha Bazar Banashankari,674,47
Bengaluru (Bangalore),BMTC,20876,Janatha Bazar Banashankari,600,45
Bengaluru (Bangalore),BMTC,35105,Janatha Colony,96,10
Bengaluru (Bangalore),BMTC,35247,Janatha Colony,241,22
Bengaluru (Bangalore),BMTC,26283,Janatha Colony Byalalu,5,3
Bengaluru (Bangalore),BMTC,33108,Janatha Colony Byalalu,5,4
Bengaluru (Bangalore),BMTC,26286,Jandemara,4,2
Bengaluru (Bangalore),BMTC,33109,Jandemara,6,4
Bengaluru (Bangalore),BMTC,26288,Jangamakote,33,2
Bengaluru (Bangalore),BMTC,33110,Jangamakote,32,2
Bengaluru (Bangalore),BMTC,33112,Jangamakote Cross,24,1
Bengaluru (Bangalore),BMTC,26291,Jangamakote Cross,32,2
Bengaluru (Bangalore),BMTC,33111,Jangamakote Cross,9,1
Bengaluru (Bangalore),BMTC,24322,Janthagundanahalli,27,11
Bengaluru (Bangalore),BMTC,24328,Janthagundanahalli,27,13
Bengaluru (Bangalore),BMTC,24321,Janthagundanahalli Cross,21,8
Bengaluru (Bangalore),BMTC,24329,Janthagundanahalli Cross,28,11
Bengaluru (Bangalore),BMTC,24199,Janthamane,65,18
Bengaluru (Bangalore),BMTC,24211,Janthamane,64,17
Bengaluru (Bangalore),BMTC,22101,Jaraganahalli Cross,574,127
Bengaluru (Bangalore),BMTC,22102,Jaraganahalli Cross,586,132
Bengaluru (Bangalore),BMTC,39435,Jataka Stand,5,1
Bengaluru (Bangalore),BMTC,26295,Javaregowda Nagara,3,3
Bengaluru (Bangalore),BMTC,33114,Javaregowda Nagara,3,2
Bengaluru (Bangalore),BMTC,23792,Jayamahal,635,81
Bengaluru (Bangalore),BMTC,24018,Jayamahal,681,78
Bengaluru (Bangalore),BMTC,26299,Jayamahal Extension,89,7
Bengaluru (Bangalore),BMTC,31376,Jayamahal Extension1,92,2
Bengaluru (Bangalore),BMTC,26301,Jayamangala,2,2
Bengaluru (Bangalore),BMTC,37081,Jayanagar 6 block,50,2
Bengaluru (Bangalore),BMTC,21635,Jayanagar 6th block,92,23
Bengaluru (Bangalore),BMTC,21636,Jayanagar 6th block,104,12
Bengaluru (Bangalore),BMTC,37085,Jayanagar 6th block,57,3
Bengaluru (Bangalore),BMTC,23428,Jayanagara 18th Main,116,7
Bengaluru (Bangalore),BMTC,21444,Jayanagara 38th Cross,547,60
Bengaluru (Bangalore),BMTC,21445,Jayanagara 38th Cross,230,37
Bengaluru (Bangalore),BMTC,21448,Jayanagara 40th Cross,316,40
Bengaluru (Bangalore),BMTC,21449,Jayanagara 40th Cross,314,40
Bengaluru (Bangalore),BMTC,23691,Jayanagara 4th Block,190,32
Bengaluru (Bangalore),BMTC,22918,Jayanagara 4th T Block,113,7
Bengaluru (Bangalore),BMTC,24180,Jayanagara 4th T Block,115,9
Bengaluru (Bangalore),BMTC,20582,Jayanagara 5th Block,908,71
Bengaluru (Bangalore),BMTC,20583,Jayanagara 5th Block,901,70
Bengaluru (Bangalore),BMTC,22920,Jayanagara 5th Block,231,20
Bengaluru (Bangalore),BMTC,21637,Jayanagara 8th Block,2,2
Bengaluru (Bangalore),BMTC,21638,Jayanagara 8th Block,3,1
Bengaluru (Bangalore),BMTC,22949,Jayanagara 9th Block (22nd Main),3,2
Bengaluru (Bangalore),BMTC,22950,Jayanagara 9th Block (40th Cross),222,9
Bengaluru (Bangalore),BMTC,37131,Jayanagara 9th block,4,1
Bengaluru (Bangalore),BMTC,37132,Jayanagara 9th block,5,2
Bengaluru (Bangalore),BMTC,21544_ST,Jayanagara Bus Station,0,0
Bengaluru (Bangalore),BMTC,21544,Jayanagara Bus Station,129,34
Bengaluru (Bangalore),BMTC,21545,Jayanagara Bus Station,78,17
Bengaluru (Bangalore),BMTC,23374,Jayanagara Bus Station,176,17
Bengaluru (Bangalore),BMTC,39129,Jayanagara Bus Station,24,2
Bengaluru (Bangalore),BMTC,21544_PF1,Jayanagara Bus Station - Platform 1,901,44
Bengaluru (Bangalore),BMTC,21544_PF2,Jayanagara Bus Station - Platform 2,473,23
Bengaluru (Bangalore),BMTC,23427,Jayanagara Church,155,14
Bengaluru (Bangalore),BMTC,23702,Jayanagara Church,467,52
Bengaluru (Bangalore),BMTC,39127,Jayanagara Metro Station,24,2
Bengaluru (Bangalore),BMTC,39128,Jayanagara Metro Station,24,2
Bengaluru (Bangalore),BMTC,23463,Jayanagara Metro Station Arrival,36,4
Bengaluru (Bangalore),BMTC,23449,Jayanagara Metro Station Depature,30,3
Bengaluru (Bangalore),BMTC,23653,Jayanagara Pump House,250,36
Bengaluru (Bangalore),BMTC,23694,Jayanagara Pump House,248,34
Bengaluru (Bangalore),BMTC,21542,Jayanagara Telephone Exchange,547,60
Bengaluru (Bangalore),BMTC,21543,Jayanagara Telephone Exchange,315,41
Bengaluru (Bangalore),BMTC,39972,Jayanagara Telephone Exchange,232,19
Bengaluru (Bangalore),BMTC,26306,Jayanthinagara,78,12
Bengaluru (Bangalore),BMTC,33117,Jayanthinagara,11,3
Bengaluru (Bangalore),BMTC,33119,Jayanthinagara,6,3
Bengaluru (Bangalore),BMTC,33120,Jayanthinagara,74,13
Bengaluru (Bangalore),BMTC,20878,Jayaram Das Factory,649,145
Bengaluru (Bangalore),BMTC,20879,Jayaram Das Factory,658,161
Bengaluru (Bangalore),BMTC,33121,Jayaram Layout (Hale Sampigehalli),4,1
Bengaluru (Bangalore),BMTC,26312,Jayasuryanagara Kogilu,2,2
Bengaluru (Bangalore),BMTC,33122,Jayasuryanagara Kogilu,3,3
Bengaluru (Bangalore),BMTC,26313,Jaypura Doddy,6,4
Bengaluru (Bangalore),BMTC,35325,Jaypura Doddy,8,5
Bengaluru (Bangalore),BMTC,26323,Jeevan Bheemanagara Cross,139,22
Bengaluru (Bangalore),BMTC,35810,Jeevan Bheemanagara Cross1,40,11
Bengaluru (Bangalore),BMTC,39166,Jeevan Circle,21,5
Bengaluru (Bangalore),BMTC,39167,Jeevan Circle,3,2
Bengaluru (Bangalore),BMTC,27670,Jeevan bhima nagar Petrol Bunk,218,28
Bengaluru (Bangalore),BMTC,23435,Jeevanahalli,12,2
Bengaluru (Bangalore),BMTC,23756,Jeevanahalli,12,2
Bengaluru (Bangalore),BMTC,26319,Jeevanahalli Cross,33,7
Bengaluru (Bangalore),BMTC,35213,Jeevanahalli Cross,33,8
Bengaluru (Bangalore),BMTC,26320,Jeevanahalli Graveyard,21,5
Bengaluru (Bangalore),BMTC,35361,Jeevanahalli Graveyard,21,6
Bengaluru (Bangalore),BMTC,23436,Jeevanahalli Water Tank,33,8
Bengaluru (Bangalore),BMTC,23754,Jeevanahalli Water Tank,33,7
Bengaluru (Bangalore),BMTC,26321,Jeevanbheema Nagara,247,14
Bengaluru (Bangalore),BMTC,33126,Jeevanbheema Nagara Cross,26,10
Bengaluru (Bangalore),BMTC,39824,Jettigena Halli,46,3
Bengaluru (Bangalore),BMTC,39825,Jettigena Halli,46,3
Bengaluru (Bangalore),BMTC,26327,Jettipalya,5,2
Bengaluru (Bangalore),BMTC,33129,Jettipalya,5,2
Bengaluru (Bangalore),BMTC,33127,Jettipalya,97,15
Bengaluru (Bangalore),BMTC,33128,Jettipalya,96,16
Bengaluru (Bangalore),BMTC,26333,Jigala,4,2
Bengaluru (Bangalore),BMTC,33132,Jigala,3,2
Bengaluru (Bangalore),BMTC,26335,Jigala Colony,3,2
Bengaluru (Bangalore),BMTC,33133,Jigala Colony,4,2
Bengaluru (Bangalore),BMTC,22105,Jigala Cross,99,26
Bengaluru (Bangalore),BMTC,22106,Jigala Cross,170,28
Bengaluru (Bangalore),BMTC,36347,Jigani APC CIrcle,81,15
Bengaluru (Bangalore),BMTC,22785,Jigani APC Circle,503,63
Bengaluru (Bangalore),BMTC,22786,Jigani APC Circle,194,26
Bengaluru (Bangalore),BMTC,35167,Jigani APC Circle,222,35
Bengaluru (Bangalore),BMTC,35298,Jigani APC Circle,66,15
Bengaluru (Bangalore),BMTC,40467,Jigani APC Circle,5,2
Bengaluru (Bangalore),BMTC,24085,Jigani Bus Stand,325,52
Bengaluru (Bangalore),BMTC,24225,Jigani Bus Stand,327,57
Bengaluru (Bangalore),BMTC,39290,Jigani DLF Cloub House,19,4
Bengaluru (Bangalore),BMTC,26338,Jigani Double Road,3,2
Bengaluru (Bangalore),BMTC,33134,Jigani Double Road,1,1
Bengaluru (Bangalore),BMTC,35116,Jigani Double Road,33,7
Bengaluru (Bangalore),BMTC,35299,Jigani Double Road,618,61
Bengaluru (Bangalore),BMTC,35118,Jigani KEB,169,26
Bengaluru (Bangalore),BMTC,35297,Jigani KEB,145,22
Bengaluru (Bangalore),BMTC,24084,Jigani Tent,325,52
Bengaluru (Bangalore),BMTC,24226,Jigani Tent,326,56
Bengaluru (Bangalore),BMTC,22107,Jindal,531,120
Bengaluru (Bangalore),BMTC,26340,Jindal,509,108
Bengaluru (Bangalore),BMTC,40328,Jindal Aluminium Dabaspete,20,2
Bengaluru (Bangalore),BMTC,40329,Jindal Aluminium Dabaspete,3,1
Bengaluru (Bangalore),BMTC,26342,Jinke Bachahalli,2,1
Bengaluru (Bangalore),BMTC,33135,Jinke Bachahalli,2,1
Bengaluru (Bangalore),BMTC,26344,Jinke Bachahalli Gate,276,28
Bengaluru (Bangalore),BMTC,33136,Jinke Bachahalli Gate,267,31
Bengaluru (Bangalore),BMTC,26347,Jinnagara,5,5
Bengaluru (Bangalore),BMTC,33137,Jinnagara,7,5
Bengaluru (Bangalore),BMTC,26350,Jinnagara Cross,6,4
Bengaluru (Bangalore),BMTC,26351,Jinnagara Cross,5,4
Bengaluru (Bangalore),BMTC,33139,Jinnagara Cross,3,1
Bengaluru (Bangalore),BMTC,33161,Jnana Bharathi West Side Hospital,4,2
Bengaluru (Bangalore),BMTC,30425,Jnana Shrushti School,1,1
Bengaluru (Bangalore),BMTC,40639,Jnana Sweekar Public School,344,89
Bengaluru (Bangalore),BMTC,40640,Jnana Sweekar Public School,335,83
Bengaluru (Bangalore),BMTC,37867,Jnanabharathi Metro Station (BUC Gate),116,3
Bengaluru (Bangalore),BMTC,30429,Jnanakshi Layout,93,9
Bengaluru (Bangalore),BMTC,33165,Jnanakshi Layout,98,11
Bengaluru (Bangalore),BMTC,36741,Jnanakshi Vidyaniketan School,10,5
Bengaluru (Bangalore),BMTC,36742,Jnanakshi Vidyaniketan School,75,5
Bengaluru (Bangalore),BMTC,33166,Jnanashakthi Nagara,4,1
Bengaluru (Bangalore),BMTC,33167,Jodadakatte,3,1
Bengaluru (Bangalore),BMTC,35844,Jodadakatte,2,1
Bengaluru (Bangalore),BMTC,30435,Jodi Aladamara,22,6
Bengaluru (Bangalore),BMTC,33168,Jodi Aladamara,6,3
Bengaluru (Bangalore),BMTC,33169,Jodi Ragi Thimmasandra,3,1
Bengaluru (Bangalore),BMTC,30441,Jogahalli,5,3
Bengaluru (Bangalore),BMTC,33171,Jogahalli,5,3
Bengaluru (Bangalore),BMTC,30444,Jogera Doddy,36,8
Bengaluru (Bangalore),BMTC,31377,Jogera Doddy 1,32,4
Bengaluru (Bangalore),BMTC,30446,Jogerahalli,4,2
Bengaluru (Bangalore),BMTC,33173,Jogerahalli,4,2
Bengaluru (Bangalore),BMTC,30448,Jogipalya Gate,2,2
Bengaluru (Bangalore),BMTC,33174,Jogipalya Gate,3,1
Bengaluru (Bangalore),BMTC,23671,Johnson Market,328,24
Bengaluru (Bangalore),BMTC,23798,Johnson Market,231,18
Bengaluru (Bangalore),BMTC,22120,Jonnahalli Gate,12,5
Bengaluru (Bangalore),BMTC,30453,Jonnahalli Gate,15,5
Bengaluru (Bangalore),BMTC,30469,Judical Layout Jn of 14th Cross,6,3
Bengaluru (Bangalore),BMTC,33181,Judical Layout Jn of 14th Cross,5,3
Bengaluru (Bangalore),BMTC,40388,Judicial Layout,1,1
Bengaluru (Bangalore),BMTC,39286,Judicial Layout 26th Main,3,3
Bengaluru (Bangalore),BMTC,30471,Judicial Layout 8th Main,2,1
Bengaluru (Bangalore),BMTC,30472,Judicial Layout 8th Main,2,2
Bengaluru (Bangalore),BMTC,39235,Judicial Layout 8th Main 3rd Cross,6,3
Bengaluru (Bangalore),BMTC,39236,Judicial Layout 8th Main 3rd Cross,4,3
Bengaluru (Bangalore),BMTC,30473,Judicial Layout Water Tank,6,3
Bengaluru (Bangalore),BMTC,30474,Judicial Layout Water Tank,6,4
Bengaluru (Bangalore),BMTC,30475,Judicial Layout YHK,19,8
Bengaluru (Bangalore),BMTC,30476,Juggath Pharma,422,104
Bengaluru (Bangalore),BMTC,30477,Juggath Pharma,471,113
Bengaluru (Bangalore),BMTC,24077,Junglepalya Gate,330,68
Bengaluru (Bangalore),BMTC,24233,Junglepalya Gate,327,69
Bengaluru (Bangalore),BMTC,39882,Junjappa Aladamara,88,3
Bengaluru (Bangalore),BMTC,39883,Junjappa Aladamara,89,4
Bengaluru (Bangalore),BMTC,30479,Junnasandra,3,3
Bengaluru (Bangalore),BMTC,33182,Junnasandra,20,8
Bengaluru (Bangalore),BMTC,30481,Junnasandra Cross,10,7
Bengaluru (Bangalore),BMTC,33183,Junnasandra Cross,13,6
Bengaluru (Bangalore),BMTC,23898,Junnasandra Gate Wipro Regional Office,384,62
Bengaluru (Bangalore),BMTC,23916,Junnasandra Gate Wipro Regional Office,381,60
Bengaluru (Bangalore),BMTC,30483,Juttanahalli,1,1
Bengaluru (Bangalore),BMTC,33184,Juttanahalli,1,1
Bengaluru (Bangalore),BMTC,30485,Juttanapalya,28,11
Bengaluru (Bangalore),BMTC,33185,Juttanapalya,28,14
Bengaluru (Bangalore),BMTC,23600,Jyothi Farm,322,84
Bengaluru (Bangalore),BMTC,23638,Jyothi Farm,338,91
Bengaluru (Bangalore),BMTC,35430,Jyothi Nagara,95,21
Bengaluru (Bangalore),BMTC,35431,Jyothi Nagara,91,21
Bengaluru (Bangalore),BMTC,23596,Jyothi Nivas College,138,10
Bengaluru (Bangalore),BMTC,24071,Jyothi Nivas College,132,15
Bengaluru (Bangalore),BMTC,22123,Jyothi School,308,87
Bengaluru (Bangalore),BMTC,22124,Jyothi School,284,85
Bengaluru (Bangalore),BMTC,30489,Jyothinagara,3,2
Bengaluru (Bangalore),BMTC,33187,Jyothinagara,3,1
Bengaluru (Bangalore),BMTC,33188,Jyothipura,91,12
Bengaluru (Bangalore),BMTC,33189,Jyothipura,80,12
Bengaluru (Bangalore),BMTC,30492,Jyothipura,12,2
Bengaluru (Bangalore),BMTC,30494,Jyothipura Gate,104,21
Bengaluru (Bangalore),BMTC,33190,Jyothipura Gate,98,20
Bengaluru (Bangalore),BMTC,30496,Jyothipura Koyara,3,2
Bengaluru (Bangalore),BMTC,33191,Jyothipura Koyara,3,2
Bengaluru (Bangalore),BMTC,30498,K Channasandra,51,8
Bengaluru (Bangalore),BMTC,33192,K Channasandra,52,7
Bengaluru (Bangalore),BMTC,37591,K Dommasandra,34,4
Bengaluru (Bangalore),BMTC,37592,K Dommasandra,47,6
Bengaluru (Bangalore),BMTC,30503,K Gollahalli,46,20
Bengaluru (Bangalore),BMTC,33194,K Gollahalli,40,12
Bengaluru (Bangalore),BMTC,30505,K Gollahalli Gate,5,5
Bengaluru (Bangalore),BMTC,33195,K Gollahalli Gate,6,5
Bengaluru (Bangalore),BMTC,33480,K H B Colony,6,3
Bengaluru (Bangalore),BMTC,39780,K H Chikkagollarahatti,70,10
Bengaluru (Bangalore),BMTC,39781,K H Chikkagollarahatti,71,11
Bengaluru (Bangalore),BMTC,30507,K Karenahalli Cross,23,12
Bengaluru (Bangalore),BMTC,33196,K Karenahalli Cross,25,10
Bengaluru (Bangalore),BMTC,30509,K Narayanapura,23,5
Bengaluru (Bangalore),BMTC,33197,K Narayanapura,16,6
Bengaluru (Bangalore),BMTC,22125,K Narayanapura Cross,509,46
Bengaluru (Bangalore),BMTC,22126,K Narayanapura Cross,514,44
Bengaluru (Bangalore),BMTC,22127,K Narayanapura Cross,276,82
Bengaluru (Bangalore),BMTC,22128,K Narayanapura Cross,263,78
Bengaluru (Bangalore),BMTC,33198,K Narayanapura Cross,27,5
Bengaluru (Bangalore),BMTC,35269,K Narayanapura Cross,24,4
Bengaluru (Bangalore),BMTC,39178,K Narayanapura Cross,2,1
Bengaluru (Bangalore),BMTC,30514,K Narayanapura Main Bus Stand,9,4
Bengaluru (Bangalore),BMTC,33199,K Narayanapura Main Bus Stand,46,11
Bengaluru (Bangalore),BMTC,33200,K Narayanapura Main Bus Stand,26,5
Bengaluru (Bangalore),BMTC,35268,K Narayanapura Main Bus Stand,41,4
Bengaluru (Bangalore),BMTC,30516,K Sathyavara Gate,23,2
Bengaluru (Bangalore),BMTC,33201,K Sathyavara Gate,23,2
Bengaluru (Bangalore),BMTC,38883,KANIVE BASAVANNA TEMPLE,3,3
Bengaluru (Bangalore),BMTC,30916,KBD Factory,51,15
Bengaluru (Bangalore),BMTC,33402,KBD Factory,44,14
Bengaluru (Bangalore),BMTC,30918,KCP Kalyana Mantapa,6,2
Bengaluru (Bangalore),BMTC,33403,KCP Kalyana Mantapa,7,3
Bengaluru (Bangalore),BMTC,40561,KEB Byregowdana Doddi,2,1
Bengaluru (Bangalore),BMTC,40562,KEB Byregowdana Doddi,2,1
Bengaluru (Bangalore),BMTC,39559,KEB Power House,231,49
Bengaluru (Bangalore),BMTC,39560,KEB Power House,237,52
Bengaluru (Bangalore),BMTC,31054,KG Halli Post Office,150,24
Bengaluru (Bangalore),BMTC,33474,KG Halli Post Office,152,23
Bengaluru (Bangalore),BMTC,31056,KG Lakkenahalli,2,1
Bengaluru (Bangalore),BMTC,33475,KG Lakkenahalli,2,1
Bengaluru (Bangalore),BMTC,31058,KG Lakkenahalli Cross,23,7
Bengaluru (Bangalore),BMTC,33476,KG Lakkenahalli Cross,25,7
Bengaluru (Bangalore),BMTC,31061,KG Srinivasapura Cross,73,28
Bengaluru (Bangalore),BMTC,33477,KG Srinivasapura Cross,86,23
Bengaluru (Bangalore),BMTC,20927,KH Road,1292,155
Bengaluru (Bangalore),BMTC,20928,KH Road,1310,170
Bengaluru (Bangalore),BMTC,20929,KHB Colony,1095,158
Bengaluru (Bangalore),BMTC,20930,KHB Colony,1092,156
Bengaluru (Bangalore),BMTC,33481,KHB Colony,3,2
Bengaluru (Bangalore),BMTC,31069,KHB Colony Dodda Aladamara,35,8
Bengaluru (Bangalore),BMTC,33482,KHB Colony Dodda Aladamara,38,9
Bengaluru (Bangalore),BMTC,31071,KHB Colony Sultanpalya,25,3
Bengaluru (Bangalore),BMTC,31073,KHB Surya Nagara,4,2
Bengaluru (Bangalore),BMTC,33484,KHB Surya Nagara,3,2
Bengaluru (Bangalore),BMTC,38417,KIA Terminal 2,551,23
Bengaluru (Bangalore),BMTC,33486,KIADB Area,1,1
Bengaluru (Bangalore),BMTC,31077,KIADB Area,1,1
Bengaluru (Bangalore),BMTC,31079,KIADB Circle Bagalur,13,7
Bengaluru (Bangalore),BMTC,33487,KIADB Circle Bagalur,8,4
Bengaluru (Bangalore),BMTC,31081,KIADB Hoovinayakanahalli Gate,95,35
Bengaluru (Bangalore),BMTC,33488,KIADB Hoovinayakanahalli Gate,62,25
Bengaluru (Bangalore),BMTC,31082,KIDB CIrcle Bagaluru,8,5
Bengaluru (Bangalore),BMTC,31083,KIDB Circle Bagaluru,7,5
Bengaluru (Bangalore),BMTC,23680,KIMS College,268,30
Bengaluru (Bangalore),BMTC,23734,KIMS College,268,28
Bengaluru (Bangalore),BMTC,38044,KK School,59,14
Bengaluru (Bangalore),BMTC,38045,KK School,137,17
Bengaluru (Bangalore),BMTC,31104,KLE Society College,200,10
Bengaluru (Bangalore),BMTC,33498,KLE Society College,209,16
Bengaluru (Bangalore),BMTC,31106,KLE Society College Cross,100,5
Bengaluru (Bangalore),BMTC,33499,KLE Society College Cross,105,7
Bengaluru (Bangalore),BMTC,31110,KMF,29,20
Bengaluru (Bangalore),BMTC,33500,KMF,1,1
Bengaluru (Bangalore),BMTC,33501,KMF,33,17
Bengaluru (Bangalore),BMTC,20938,KPCC Office,729,146
Bengaluru (Bangalore),BMTC,38592,KPWD Quaters,1,1
Bengaluru (Bangalore),BMTC,20939,KR Circle,3516,544
Bengaluru (Bangalore),BMTC,21556,KR Circle,6,5
Bengaluru (Bangalore),BMTC,22197,KR Circle,219,58
Bengaluru (Bangalore),BMTC,20940,KR Market,947,57
Bengaluru (Bangalore),BMTC,20941,KR Market,5,5
Bengaluru (Bangalore),BMTC,20942,KR Market,154,30
Bengaluru (Bangalore),BMTC,20943,KR Market,106,25
Bengaluru (Bangalore),BMTC,21557,KR Market,25,15
Bengaluru (Bangalore),BMTC,22199,KR Market,1706,345
Bengaluru (Bangalore),BMTC,20944_ST,KR Market (Kalasipalya),0,0
Bengaluru (Bangalore),BMTC,20944,KR Market (Kalasipalya),711,151
Bengaluru (Bangalore),BMTC,20945,KR Market (Kalasipalya),766,167
Bengaluru (Bangalore),BMTC,20944_PF3,KR Market (Kalasipalya) - Platform 3,163,22
Bengaluru (Bangalore),BMTC,20944_PF3A,KR Market (Kalasipalya) - Platform 3A,275,26
Bengaluru (Bangalore),BMTC,20944_PF3B,KR Market (Kalasipalya) - Platform 3B,100,18
Bengaluru (Bangalore),BMTC,20944_PF4,KR Market (Kalasipalya) - Platform 4,349,31
Bengaluru (Bangalore),BMTC,20944_PF5,KR Market (Kalasipalya) - Platform 5,271,24
Bengaluru (Bangalore),BMTC,20944_PF5A,KR Market (Kalasipalya) - Platform 5A,220,40
Bengaluru (Bangalore),BMTC,20944_PF5B,KR Market (Kalasipalya) - Platform 5B,420,11
Bengaluru (Bangalore),BMTC,20944_PF6,KR Market (Kalasipalya) - Platform 6,96,10
Bengaluru (Bangalore),BMTC,20944_PF6A,KR Market (Kalasipalya) - Platform 6A,108,14
Bengaluru (Bangalore),BMTC,20944_PF6B,KR Market (Kalasipalya) - Platform 6B,148,18
Bengaluru (Bangalore),BMTC,20944_PF6C,KR Market (Kalasipalya) - Platform 6C,484,28
Bengaluru (Bangalore),BMTC,20944_PFMain_Jn.,KR Market (Kalasipalya) - Platform Main Jn.,1743,86
Bengaluru (Bangalore),BMTC,31256,KR Market Flyover,78,34
Bengaluru (Bangalore),BMTC,36229,KR Market Flyover,11,5
Bengaluru (Bangalore),BMTC,31258,KR Palya,3,3
Bengaluru (Bangalore),BMTC,33582,KR Palya,4,3
Bengaluru (Bangalore),BMTC,20946,KR Pura Bus Stand,718,38
Bengaluru (Bangalore),BMTC,22205,KR Pura Bus Stand,313,48
Bengaluru (Bangalore),BMTC,22204,KR Pura Bus Stand 1,626,134
Bengaluru (Bangalore),BMTC,22202,KR Pura Extension,476,107
Bengaluru (Bangalore),BMTC,22203,KR Pura Extension,506,115
Bengaluru (Bangalore),BMTC,22206,KR Pura Market,666,119
Bengaluru (Bangalore),BMTC,22207,KR Pura Market,1178,170
Bengaluru (Bangalore),BMTC,37688,KR Pura Metro Station,107,6
Bengaluru (Bangalore),BMTC,38391,KR Pura Metro Station,87,5
Bengaluru (Bangalore),BMTC,21112,KR Pura Railway Station,1392,191
Bengaluru (Bangalore),BMTC,21113,KR Pura Railway Station,1367,187
Bengaluru (Bangalore),BMTC,35933,KR Pura Railway Station,537,48
Bengaluru (Bangalore),BMTC,23361,KRB Indian Oil Petrol Bunk Kembathalli,27,10
Bengaluru (Bangalore),BMTC,23366,KRB Indian Oil Petrol Bunk Kembathalli,26,8
Bengaluru (Bangalore),BMTC,23379,KSRP Training Centre,76,11
Bengaluru (Bangalore),BMTC,23388,KSRP Training Centre,71,10
Bengaluru (Bangalore),BMTC,40302,KSRTC-ACHALU BUS STAND,10,1
Bengaluru (Bangalore),BMTC,40160,KSRTC-ALAMATTI BUS STAND,12,1
Bengaluru (Bangalore),BMTC,40442,KSRTC-ALDUR BUS STAND,4,1
Bengaluru (Bangalore),BMTC,40141,KSRTC-ALURU BUS STAND,12,2
Bengaluru (Bangalore),BMTC,40165,KSRTC-AMEENAGAD BUS STAND,10,1
Bengaluru (Bangalore),BMTC,40208,KSRTC-ARAKALAGUDU BUS STAND,8,1
Bengaluru (Bangalore),BMTC,40225,KSRTC-ARSIKERE BUS STAND,26,2
Bengaluru (Bangalore),BMTC,40166,KSRTC-BAGALAKOTE BUS STAND,10,1
Bengaluru (Bangalore),BMTC,40446,KSRTC-BALEHONNURU BUS STAND,4,1
Bengaluru (Bangalore),BMTC,40174,KSRTC-BALLARI BUS STAND,26,5
Bengaluru (Bangalore),BMTC,40142,KSRTC-BALUPETE BUS STAND,6,2
Bengaluru (Bangalore),BMTC,40143,KSRTC-BALUPETE BUS STAND,6,2
Bengaluru (Bangalore),BMTC,40451,KSRTC-BALURU H P BUS STAND,6,1
Bengaluru (Bangalore),BMTC,40449,KSRTC-BANAKAL BUS STAND,6,1
Bengaluru (Bangalore),BMTC,40101,KSRTC-BANASHANKRI BUS STAND,7,2
Bengaluru (Bangalore),BMTC,40102,KSRTC-BANASHANKRI BUS STAND,7,2
Bengaluru (Bangalore),BMTC,40227,KSRTC-BANAVARA BUS STAND,26,2
Bengaluru (Bangalore),BMTC,40114,KSRTC-BANKAPURA BUS STAND,4,1
Bengaluru (Bangalore),BMTC,40129,KSRTC-BELLUR CROSS BUS STAND,19,7
Bengaluru (Bangalore),BMTC,40130,KSRTC-BELLUR CROSS BUS STAND,19,7
Bengaluru (Bangalore),BMTC,40154,KSRTC-BELUR BUS STAND,14,3
Bengaluru (Bangalore),BMTC,38880,KSRTC-BENGALURU BUS STATION,151,39
Bengaluru (Bangalore),BMTC,38888,KSRTC-BENGALURU BUS STATION,145,38
Bengaluru (Bangalore),BMTC,40342,KSRTC-BG KERE Bus Stand,8,1
Bengaluru (Bangalore),BMTC,40231,KSRTC-BHADRAVATHI BUS STAND,26,2
Bengaluru (Bangalore),BMTC,40082,KSRTC-BHARAMSAGARA BUS STAND,18,5
Bengaluru (Bangalore),BMTC,40169,KSRTC-BHARAMSAGARA BUS STAND,18,5
Bengaluru (Bangalore),BMTC,40047,KSRTC-BIDADI BUS STAND,10,4
Bengaluru (Bangalore),BMTC,40048,KSRTC-BIDADI BUS STAND,10,4
Bengaluru (Bangalore),BMTC,40229,KSRTC-BIRURU BUS STAND,26,2
Bengaluru (Bangalore),BMTC,40116,KSRTC-CHALLAKERE BUS STAND,26,5
Bengaluru (Bangalore),BMTC,40198,KSRTC-CHANDRABAVI BUS STAND,8,1
Bengaluru (Bangalore),BMTC,40105,KSRTC-CHANNAGIRI BUS STAND,11,1
Bengaluru (Bangalore),BMTC,40226,KSRTC-CHANNAGIRI BUS STAND,11,1
Bengaluru (Bangalore),BMTC,40052,KSRTC-CHANNAPATTANA BUS STAND,10,4
Bengaluru (Bangalore),BMTC,40156,KSRTC-CHANNAPATTANA BUS STAND,10,4
Bengaluru (Bangalore),BMTC,40135,KSRTC-CHANNARAYAPATTANA BUS STAND,60,8
Bengaluru (Bangalore),BMTC,40155,KSRTC-CHIKKAMAGALURU BUS STAND,8,2
Bengaluru (Bangalore),BMTC,40212,KSRTC-CHIKKANAYAKANAHALLI BUS STAND,6,1
Bengaluru (Bangalore),BMTC,40250,KSRTC-CHINTAMANI BUS STAND,2,1
Bengaluru (Bangalore),BMTC,40080,KSRTC-CHITRADURGA BUS STAND,98,11
Bengaluru (Bangalore),BMTC,40304,KSRTC-D KODIHALLI BUS STAND,10,1
Bengaluru (Bangalore),BMTC,40054,KSRTC-DABASPET BUS STAND,34,4
Bengaluru (Bangalore),BMTC,40051,KSRTC-DABASPET BUS STAND,6,2
Bengaluru (Bangalore),BMTC,40086,KSRTC-DAVANAGERE BUS STAND,36,5
Bengaluru (Bangalore),BMTC,40314,KSRTC-DAYANANDA SAGARA BUS STAND,5,1
Bengaluru (Bangalore),BMTC,40315,KSRTC-DAYANANDA SAGARA BUS STAND,5,1
Bengaluru (Bangalore),BMTC,40178,KSRTC-DHADESUGUR BUS STAND,14,3
Bengaluru (Bangalore),BMTC,40149,KSRTC-DHARMASTHALA BUS STAND,12,2
Bengaluru (Bangalore),BMTC,40352,KSRTC-DODDEBAGILU BUS STAND,4,1
Bengaluru (Bangalore),BMTC,40185,KSRTC-EK COLONY BUS STAND,8,1
Bengaluru (Bangalore),BMTC,40125,KSRTC-GADAGA BUS STAND,4,1
Bengaluru (Bangalore),BMTC,40206,KSRTC-GUBBI BUS STAND,32,3
Bengaluru (Bangalore),BMTC,40145,KSRTC-GUNDYA BUS STAND,6,2
Bengaluru (Bangalore),BMTC,40146,KSRTC-GUNDYA BUS STAND,6,2
Bengaluru (Bangalore),BMTC,40248,KSRTC-H CROSS BUS STAND,2,1
Bengaluru (Bangalore),BMTC,40152,KSRTC-HAGARE BUS STAND,4,2
Bengaluru (Bangalore),BMTC,40153,KSRTC-HAGARE BUS STAND,4,2
Bengaluru (Bangalore),BMTC,40305,KSRTC-HALAGURU BUS STAND,14,2
Bengaluru (Bangalore),BMTC,40344,KSRTC-HANAGAL Cross BUS STAND,4,1
Bengaluru (Bangalore),BMTC,40345,KSRTC-HANAGAL Cross BUS STAND,4,1
Bengaluru (Bangalore),BMTC,40088,KSRTC-HANURU BUS STAND,4,1
Bengaluru (Bangalore),BMTC,40307,KSRTC-HARDI CIRCLE BUS STAND,10,1
Bengaluru (Bangalore),BMTC,40089,KSRTC-HARIHARA BUS STAND,14,3
Bengaluru (Bangalore),BMTC,40106,KSRTC-HAROHALLI BUS STAND,14,2
Bengaluru (Bangalore),BMTC,40140,KSRTC-HASSANA BUS STAND,52,7
Bengaluru (Bangalore),BMTC,40191,KSRTC-HATTIGUDUR BUS STAND,4,1
Bengaluru (Bangalore),BMTC,40093,KSRTC-HAVERI BUS STAND,3,1
Bengaluru (Bangalore),BMTC,40171,KSRTC-HAVERI BUS STAND,11,3
Bengaluru (Bangalore),BMTC,40453,KSRTC-HIREBAYALU BUS STAND,6,1
Bengaluru (Bangalore),BMTC,40133,KSRTC-HIRISAVE BUS STAND,19,7
Bengaluru (Bangalore),BMTC,40134,KSRTC-HIRISAVE BUS STAND,19,7
Bengaluru (Bangalore),BMTC,40069,KSRTC-HIRIYURU BUS STAND,124,16
Bengaluru (Bangalore),BMTC,40221,KSRTC-HOLALKERE BUS STAND,11,1
Bengaluru (Bangalore),BMTC,40222,KSRTC-HOLALKERE BUS STAND,11,1
Bengaluru (Bangalore),BMTC,40113,KSRTC-HOLEHONNUR BUS STAND,22,1
Bengaluru (Bangalore),BMTC,40205,KSRTC-HOLENARASIPURA BUS STAND,8,1
Bengaluru (Bangalore),BMTC,40303,KSRTC-HONAGALLI BUS STAND,10,1
Bengaluru (Bangalore),BMTC,40455,KSRTC-HORANADU BUS STATION,6,1
Bengaluru (Bangalore),BMTC,40220,KSRTC-HOSADURGA BUS STAND,6,1
Bengaluru (Bangalore),BMTC,40192,KSRTC-HOSAKERE BUS STAND,8,1
Bengaluru (Bangalore),BMTC,40240,KSRTC-HOSAKOTE BUS STAND,4,2
Bengaluru (Bangalore),BMTC,40241,KSRTC-HOSAKOTE BUS STAND,4,2
Bengaluru (Bangalore),BMTC,40083,KSRTC-HOSAPETE BUS STAND,40,5
Bengaluru (Bangalore),BMTC,40098,KSRTC-HUBBALLI BUS STAND,6,1
Bengaluru (Bangalore),BMTC,40216,KSRTC-HULIYAR BUS STAND,6,1
Bengaluru (Bangalore),BMTC,40280,KSRTC-HUMNABAD BUS STAND,2,1
Bengaluru (Bangalore),BMTC,40159,KSRTC-HUNAGUND BUS STAND,26,3
Bengaluru (Bangalore),BMTC,40158,KSRTC-ILAKAL BUS STAND,26,3
Bengaluru (Bangalore),BMTC,40316,KSRTC-JAIN COLLEGE BUS STAND,5,1
Bengaluru (Bangalore),BMTC,40317,KSRTC-JAIN COLLEGE BUS STAND,5,1
Bengaluru (Bangalore),BMTC,40251,KSRTC-JALAHALLI CROSS BUS STAND,80,25
Bengaluru (Bangalore),BMTC,40252,KSRTC-JALAHALLI CROSS BUS STAND,86,26
Bengaluru (Bangalore),BMTC,40295,KSRTC-JAVAGONDANAHALLI BUS STAND,1,1
Bengaluru (Bangalore),BMTC,40296,KSRTC-JAVAGONDANAHALLI BUS STAND,1,1
Bengaluru (Bangalore),BMTC,40447,KSRTC-JAYAPURA BUS STAND,4,1
Bengaluru (Bangalore),BMTC,40197,KSRTC-JEVARAGI BUS STAND,10,2
Bengaluru (Bangalore),BMTC,40452,KSRTC-JIVALA BUS STAND,6,1
Bengaluru (Bangalore),BMTC,40210,KSRTC-K B CROSS BUS STAND,32,3
Bengaluru (Bangalore),BMTC,40445,KSRTC-KADABAGERE BUS STAND,4,1
Bengaluru (Bangalore),BMTC,40131,KSRTC-KADABALLI BUS STAND,19,7
Bengaluru (Bangalore),BMTC,40132,KSRTC-KADABALLI BUS STAND,19,7
Bengaluru (Bangalore),BMTC,40228,KSRTC-KADUR BUS STAND,26,2
Bengaluru (Bangalore),BMTC,40103,KSRTC-KAGGALIPURA BUS STAND,7,2
Bengaluru (Bangalore),BMTC,40104,KSRTC-KAGGALIPURA BUS STAND,7,2
Bengaluru (Bangalore),BMTC,40249,KSRTC-KAIVARA CROSS BUS STAND,2,1
Bengaluru (Bangalore),BMTC,40200,KSRTC-KALABURAGI BUS STAND,10,2
Bengaluru (Bangalore),BMTC,40454,KSRTC-KALASA BUS STAND,6,1
Bengaluru (Bangalore),BMTC,40150,KSRTC-KALKERE BUS STAND,4,2
Bengaluru (Bangalore),BMTC,40151,KSRTC-KALKERE BUS STAND,2,1
Bengaluru (Bangalore),BMTC,40084,KSRTC-KAMAGERE BUS STAND,4,1
Bengaluru (Bangalore),BMTC,40291,KSRTC-KAMALAPUR BUS STAND,2,1
Bengaluru (Bangalore),BMTC,40108,KSRTC-KANAKAPURA BUS STAND,14,2
Bengaluru (Bangalore),BMTC,40443,KSRTC-KANATI BUS STAND,4,1
Bengaluru (Bangalore),BMTC,40043,KSRTC-KENGERI BUS STAND,10,4
Bengaluru (Bangalore),BMTC,40044,KSRTC-KENGERI BUS STAND,10,4
Bengaluru (Bangalore),BMTC,40076,KSRTC-KHANAHOSAHALLI BUS STAND,11,3
Bengaluru (Bangalore),BMTC,40077,KSRTC-KHANAHOSAHALLI BUS STAND,29,5
Bengaluru (Bangalore),BMTC,40058,KSRTC-KM DODDY BUS STAND,6,3
Bengaluru (Bangalore),BMTC,40061,KSRTC-KM DODDY BUS STAND,6,3
Bengaluru (Bangalore),BMTC,40147,KSRTC-KOKKADA BUS STAND,4,1
Bengaluru (Bangalore),BMTC,40148,KSRTC-KOKKADA BUS STAND,4,1
Bengaluru (Bangalore),BMTC,40242,KSRTC-KOLAR BUS STAND,6,1
Bengaluru (Bangalore),BMTC,40078,KSRTC-KOLLEGALA BUS STAND,22,4
Bengaluru (Bangalore),BMTC,40311,KSRTC-KONANAKUNTE BUS STAND,5,1
Bengaluru (Bangalore),BMTC,40310,KSRTC-KONANAKUNTE CROSS BUS STAND,5,1
Bengaluru (Bangalore),BMTC,40087,KSRTC-KOPPALA BUS STAND,6,1
Bengaluru (Bangalore),BMTC,40188,KSRTC-KORATAGERE BUS  STAND,8,1
Bengaluru (Bangalore),BMTC,40450,KSRTC-KOTTIGEHARA BUS STAND,6,1
Bengaluru (Bangalore),BMTC,40094,KSRTC-KOWDAHALLI BUS STAND,8,2
Bengaluru (Bangalore),BMTC,40238,KSRTC-KR PURA BUS STAND,4,2
Bengaluru (Bangalore),BMTC,40239,KSRTC-KR PURA BUS STAND,4,2
Bengaluru (Bangalore),BMTC,40079,KSRTC-KUDLAGI BUS STAND,40,5
Bengaluru (Bangalore),BMTC,40320,KSRTC-KUKKE SUBRAMANYA,8,2
Bengaluru (Bangalore),BMTC,40045,KSRTC-KUMBALAGODU BUS STAND,10,4
Bengaluru (Bangalore),BMTC,40046,KSRTC-KUMBALAGODU BUS STAND,10,4
Bengaluru (Bangalore),BMTC,40126,KSRTC-KUNIGAL BUS STAND,68,9
Bengaluru (Bangalore),BMTC,40157,KSRTC-KUSHTAGI BUS STAND,26,3
Bengaluru (Bangalore),BMTC,40119,KSRTC-LAXMESHWAR BUS STAND,4,1
Bengaluru (Bangalore),BMTC,40183,KSRTC-LINGASUGURU BUS STAND,14,3
Bengaluru (Bangalore),BMTC,40199,KSRTC-MADAKASIRA BUS STAND,8,1
Bengaluru (Bangalore),BMTC,40060,KSRTC-MADDURU BUS STAND,10,4
Bengaluru (Bangalore),BMTC,40062,KSRTC-MADDURU BUS STAND,10,4
Bengaluru (Bangalore),BMTC,40190,KSRTC-MADHUGIRI BUS STAND,8,1
Bengaluru (Bangalore),BMTC,40121,KSRTC-MAGADI BUS STAND  STAND,4,1
Bengaluru (Bangalore),BMTC,40067,KSRTC-MALAVALLI BUS STAND,20,5
Bengaluru (Bangalore),BMTC,40072,KSRTC-MALAVALLI BUS STAND,6,3
Bengaluru (Bangalore),BMTC,40111,KSRTC-MALLADIHALLI BUS STAND,11,1
Bengaluru (Bangalore),BMTC,40224,KSRTC-MALLADIHALLI BUS STAND,11,1
Bengaluru (Bangalore),BMTC,40354,KSRTC-MALLINATHAPURA BUS STAND,4,1
Bengaluru (Bangalore),BMTC,40211,KSRTC-MALLIPATNA BUS STAND,8,1
Bengaluru (Bangalore),BMTC,40064,KSRTC-MANDYA BUS STAND,4,1
Bengaluru (Bangalore),BMTC,40075,KSRTC-MANDYA BUS STAND,4,1
Bengaluru (Bangalore),BMTC,40085,KSRTC-MANGALA BUS STAND,8,2
Bengaluru (Bangalore),BMTC,40203,KSRTC-MANVI BUS STAND,4,1
Bengaluru (Bangalore),BMTC,40081,KSRTC-MARIYAMMANAHALLI BUS STAND,8,1
Bengaluru (Bangalore),BMTC,40180,KSRTC-MASKI BUS STAND,14,3
Bengaluru (Bangalore),BMTC,40341,KSRTC-MATTANAVILE,14,4
Bengaluru (Bangalore),BMTC,40410,KSRTC-MATTANAVILE,4,2
Bengaluru (Bangalore),BMTC,40297,KSRTC-MAYASANDRA BUS STAND,4,1
Bengaluru (Bangalore),BMTC,40298,KSRTC-MAYASANDRA BUS STAND,4,1
Bengaluru (Bangalore),BMTC,40195,KSRTC-MIDIGESHI BUS STAND,8,1
Bengaluru (Bangalore),BMTC,40099,KSRTC-MM HILS BUS STAND,8,2
Bengaluru (Bangalore),BMTC,40091,KSRTC-MOTEBENNUR BUS STAND,7,3
Bengaluru (Bangalore),BMTC,40170,KSRTC-MOTEBENNUR BUS STAND,7,3
Bengaluru (Bangalore),BMTC,40167,KSRTC-MUDDEBIHAL BUS STAND,4,1
Bengaluru (Bangalore),BMTC,40448,KSRTC-MUDIGERE BUS STAND,6,1
Bengaluru (Bangalore),BMTC,40243,KSRTC-MULABAGILU BUS STAND,6,1
Bengaluru (Bangalore),BMTC,40124,KSRTC-MULGUND BUS STAND,4,1
Bengaluru (Bangalore),BMTC,40162,KSRTC-MUTTAGI BUS STAND,6,1
Bengaluru (Bangalore),BMTC,40163,KSRTC-MUTTAGI BUS STAND,6,1
Bengaluru (Bangalore),BMTC,40073,KSRTC-MYSORE BUS STAND,30,3
Bengaluru (Bangalore),BMTC,40041,KSRTC-MYSORE ROAD BUS STATION,21,6
Bengaluru (Bangalore),BMTC,40042,KSRTC-MYSORE ROAD BUS STATION,21,6
Bengaluru (Bangalore),BMTC,40193,KSRTC-NAIKAL BUS STAND,4,1
Bengaluru (Bangalore),BMTC,40247,KSRTC-NANDAGUDI BUS STAND,2,1
Bengaluru (Bangalore),BMTC,40253,KSRTC-NELAMANGALA BUS STAND,57,17
Bengaluru (Bangalore),BMTC,40254,KSRTC-NELAMANGALA BUS STAND,61,19
Bengaluru (Bangalore),BMTC,40318,KSRTC-NELAMANGALA BUS STAND,23,8
Bengaluru (Bangalore),BMTC,40319,KSRTC-NELAMANGALA BUS STAND,25,7
Bengaluru (Bangalore),BMTC,40055,KSRTC-NIDAGHATTA BUS STAND,10,4
Bengaluru (Bangalore),BMTC,40056,KSRTC-NIDAGHATTA BUS STAND,10,4
Bengaluru (Bangalore),BMTC,40161,KSRTC-NIDAGUNDI BUS STAND,6,1
Bengaluru (Bangalore),BMTC,40255,KSRTC-NIDAGUNDI BUS STAND,6,1
Bengaluru (Bangalore),BMTC,40207,KSRTC-NITTUR BUS STAND,13,2
Bengaluru (Bangalore),BMTC,40209,KSRTC-NITTUR BUS STAND,19,3
Bengaluru (Bangalore),BMTC,40308,KSRTC-PANDITHALLI BUS STAND,10,1
Bengaluru (Bangalore),BMTC,40202,KSRTC-PAVAGADA BUS STAND,8,1
Bengaluru (Bangalore),BMTC,40353,KSRTC-PURIGALI BUS STAND,4,1
Bengaluru (Bangalore),BMTC,40204,KSRTC-RAICHUR BUS STAND,4,1
Bengaluru (Bangalore),BMTC,40201,KSRTC-RAJAVANTHI BUS STAND,8,1
Bengaluru (Bangalore),BMTC,40049,KSRTC-RAMANAGARA BUS STAND,10,4
Bengaluru (Bangalore),BMTC,40050,KSRTC-RAMANAGARA BUS STAND,10,4
Bengaluru (Bangalore),BMTC,40118,KSRTC-RAMPURA BUS STAND,13,5
Bengaluru (Bangalore),BMTC,40173,KSRTC-RAMPURA BUS STAND,13,5
Bengaluru (Bangalore),BMTC,40090,KSRTC-RANEBENNUR BUS STAND,14,3
Bengaluru (Bangalore),BMTC,40355,KSRTC-RAVANI BUS STAND,4,1
Bengaluru (Bangalore),BMTC,40309,KSRTC-ROTTIKATTE BUS STAND,10,1
Bengaluru (Bangalore),BMTC,40144,KSRTC-SAKALESHAPURA BUS STAND,12,2
Bengaluru (Bangalore),BMTC,40444,KSRTC-SANGAMESHWARA PETE,4,1
Bengaluru (Bangalore),BMTC,40110,KSRTC-SATHANURU BUS STAND,14,2
Bengaluru (Bangalore),BMTC,40074,KSRTC-SATHYAGALA BUS STAND,18,3
Bengaluru (Bangalore),BMTC,40115,KSRTC-SAVANUR BUS STAND,4,1
Bengaluru (Bangalore),BMTC,40196,KSRTC-SHAHAPURA BUS STAND,10,2
Bengaluru (Bangalore),BMTC,40214,KSRTC-SHANIVARA SANTE BUS STAND,8,1
Bengaluru (Bangalore),BMTC,40138,KSRTC-SHANTHIGRAMA BUS STAND,15,6
Bengaluru (Bangalore),BMTC,40139,KSRTC-SHANTHIGRAMA BUS STAND,15,6
Bengaluru (Bangalore),BMTC,40109,KSRTC-SHIVAMOGGA BUS STAND,48,3
Bengaluru (Bangalore),BMTC,40441,KSRTC-SHRUNGERI BUS STAND,4,1
Bengaluru (Bangalore),BMTC,40096,KSRTC-SIGGAVI BUS STAND,3,1
Bengaluru (Bangalore),BMTC,40172,KSRTC-SIGGAVI BUS STAND,3,1
Bengaluru (Bangalore),BMTC,40179,KSRTC-SINDHANOOR BUS STAND,18,4
Bengaluru (Bangalore),BMTC,40066,KSRTC-SIRA BUS STAND,92,16
Bengaluru (Bangalore),BMTC,40263,KSRTC-SIRA BUS STAND,32,8
Bengaluru (Bangalore),BMTC,40177,KSRTC-SIRGUPPA BUS STAND,18,4
Bengaluru (Bangalore),BMTC,40321,KSRTC-SOLUR BUS STAND,13,5
Bengaluru (Bangalore),BMTC,40322,KSRTC-SOLUR BUS STAND,13,5
Bengaluru (Bangalore),BMTC,40217,KSRTC-SOMAVARAPETE BUS STAND,8,1
Bengaluru (Bangalore),BMTC,40351,KSRTC-SOSALE BUS STAND,4,1
Bengaluru (Bangalore),BMTC,40219,KSRTC-SRIRAMAPURA BUS STAND,6,1
Bengaluru (Bangalore),BMTC,40070,KSRTC-SRIRANGAPATTAN BUS STAND,4,1
Bengaluru (Bangalore),BMTC,40071,KSRTC-SRIRANGAPATTAN BUS STAND,4,1
Bengaluru (Bangalore),BMTC,40189,KSRTC-SURAPURA BUS STAND,14,3
Bengaluru (Bangalore),BMTC,40306,KSRTC-T K HALLI BUS STAND,10,1
Bengaluru (Bangalore),BMTC,40350,KSRTC-T NARASIPURA BUS STAND,4,1
Bengaluru (Bangalore),BMTC,40097,KSRTC-TALABETTA BUS STAND,4,1
Bengaluru (Bangalore),BMTC,40312,KSRTC-TALAGHATTAPURA BUS STAND,5,1
Bengaluru (Bangalore),BMTC,40313,KSRTC-TALAGHATTAPURA BUS STAND,5,1
Bengaluru (Bangalore),BMTC,40168,KSRTC-TALIKOTE BUS STAND,4,1
Bengaluru (Bangalore),BMTC,40230,KSRTC-TARIKERE BUS STAND,26,2
Bengaluru (Bangalore),BMTC,40175,KSRTC-TEKKALKOTE BUS STAND,14,3
Bengaluru (Bangalore),BMTC,40176,KSRTC-TEKKALKOTE BUS STAND,2,1
Bengaluru (Bangalore),BMTC,40065,KSRTC-THUMBINAKERE BUS STAND,4,1
Bengaluru (Bangalore),BMTC,40068,KSRTC-THUMBINAKERE BUS STAND,4,1
Bengaluru (Bangalore),BMTC,40236,KSRTC-TIN FACTORY BUS STAND,4,2
Bengaluru (Bangalore),BMTC,40237,KSRTC-TIN FACTORY BUS STAND,4,2
Bengaluru (Bangalore),BMTC,40187,KSRTC-TINTHANI BRIDGE BUS STAND,14,3
Bengaluru (Bangalore),BMTC,40223,KSRTC-TIPTUR BUS STAND,26,2
Bengaluru (Bangalore),BMTC,40059,KSRTC-TUMAKURU BUS STAND,81,19
Bengaluru (Bangalore),BMTC,40264,KSRTC-TUMAKURU BUS STAND,75,18
Bengaluru (Bangalore),BMTC,40299,KSRTC-TURUVEKERE BUS STAND,8,1
Bengaluru (Bangalore),BMTC,40136,KSRTC-UDAYAPURA BUS STAND,15,6
Bengaluru (Bangalore),BMTC,40137,KSRTC-UDAYAPURA BUS STAND,15,6
Bengaluru (Bangalore),BMTC,40182,KSRTC-URDIGERE BUS STAND,8,1
Bengaluru (Bangalore),BMTC,40095,KSRTC-VADAKEHALLA BUS STAND,4,1
Bengaluru (Bangalore),BMTC,40164,KSRTC-VIJAYAPURA BUS STAND,12,1
Bengaluru (Bangalore),BMTC,40194,KSRTC-YADGIRI BUS STAND,4,1
Bengaluru (Bangalore),BMTC,40117,KSRTC-YALAVIGI BUS STAND,4,1
Bengaluru (Bangalore),BMTC,40218,KSRTC-YALNADU BUS STAND,6,1
Bengaluru (Bangalore),BMTC,40127,KSRTC-YEDIYURU BUS STAND,34,9
Bengaluru (Bangalore),BMTC,40128,KSRTC-YEDIYURU BUS STAND,34,9
Bengaluru (Bangalore),BMTC,40092,KSRTC-YELEMALA BUS STAND,4,1
Bengaluru (Bangalore),BMTC,31328,KSSEM College,6,1
Bengaluru (Bangalore),BMTC,33613,KSSEM College,6,1
Bengaluru (Bangalore),BMTC,31290,KSWH Gowdon,2,1
Bengaluru (Bangalore),BMTC,33597,KSWH Gowdon,2,2
Bengaluru (Bangalore),BMTC,20948,KTPO,592,24
Bengaluru (Bangalore),BMTC,20949,KTPO,574,23
Bengaluru (Bangalore),BMTC,30520,Kaateramma Devasthana,191,13
Bengaluru (Bangalore),BMTC,33203,Kaateramma Devasthana,194,13
Bengaluru (Bangalore),BMTC,30522,Kaatumariyammana Devasthana,1,1
Bengaluru (Bangalore),BMTC,33204,Kaatumariyammana Devasthana,1,1
Bengaluru (Bangalore),BMTC,33205,Kabir Ashrama,30,3
Bengaluru (Bangalore),BMTC,30524,Kabir Ashrama,30,2
Bengaluru (Bangalore),BMTC,30526,Kachamaranahalli,1,1
Bengaluru (Bangalore),BMTC,33206,Kachamaranahalli,1,1
Bengaluru (Bangalore),BMTC,33207,Kachanahalli Mandigere,2,2
Bengaluru (Bangalore),BMTC,30530,Kachanayakanahalli,8,3
Bengaluru (Bangalore),BMTC,33208,Kachanayakanahalli,21,6
Bengaluru (Bangalore),BMTC,33211,Kacharakanahalli,5,2
Bengaluru (Bangalore),BMTC,22129,Kacharakanahalli,296,83
Bengaluru (Bangalore),BMTC,39173,Kacharakanahalli,296,87
Bengaluru (Bangalore),BMTC,30536,Kacharakanahalli Cross,16,12
Bengaluru (Bangalore),BMTC,33212,Kacharakanahalli Cross,14,11
Bengaluru (Bangalore),BMTC,30538,Kachohalli,73,7
Bengaluru (Bangalore),BMTC,33213,Kachohalli,74,7
Bengaluru (Bangalore),BMTC,21546,Kachohalli Gate,709,100
Bengaluru (Bangalore),BMTC,21547,Kachohalli Gate,674,105
Bengaluru (Bangalore),BMTC,30540,Kada Agarahara Cross,19,9
Bengaluru (Bangalore),BMTC,33214,Kada Agarahara Cross,16,5
Bengaluru (Bangalore),BMTC,33215,Kada Agrahara,1,1
Bengaluru (Bangalore),BMTC,33216,Kada Agrahara,5,3
Bengaluru (Bangalore),BMTC,30544,Kada Agrahara,2,2
Bengaluru (Bangalore),BMTC,30546,Kadabagere,21,7
Bengaluru (Bangalore),BMTC,33218,Kadabagere,22,6
Bengaluru (Bangalore),BMTC,21548,Kadabagere Cross,609,91
Bengaluru (Bangalore),BMTC,21549,Kadabagere Cross,418,71
Bengaluru (Bangalore),BMTC,30547,Kadabagere Cross,248,32
Bengaluru (Bangalore),BMTC,37263,Kadabagere Cross,33,5
Bengaluru (Bangalore),BMTC,30553,Kadanuru,7,3
Bengaluru (Bangalore),BMTC,33220,Kadanuru,7,3
Bengaluru (Bangalore),BMTC,30555,Kadanuru Hand post,24,2
Bengaluru (Bangalore),BMTC,33221,Kadanuru Hand post,28,4
Bengaluru (Bangalore),BMTC,30557,Kadanuru Katte,8,4
Bengaluru (Bangalore),BMTC,33222,Kadanuru Katte,6,2
Bengaluru (Bangalore),BMTC,30559,Kadasikoppa,4,3
Bengaluru (Bangalore),BMTC,33223,Kadasikoppa,1,1
Bengaluru (Bangalore),BMTC,22131,Kadasonnappanahalli Gate,197,50
Bengaluru (Bangalore),BMTC,22132,Kadasonnappanahalli Gate,172,46
Bengaluru (Bangalore),BMTC,30565,Kadayarappanahalli,20,12
Bengaluru (Bangalore),BMTC,33226,Kadayarappanahalli,56,13
Bengaluru (Bangalore),BMTC,30567,Kadayarappanahalli Cross,24,9
Bengaluru (Bangalore),BMTC,33227,Kadayarappanahalli Cross,34,8
Bengaluru (Bangalore),BMTC,30568,Kadiganahalli Gate,319,62
Bengaluru (Bangalore),BMTC,30570,Kadirenahalli,5,4
Bengaluru (Bangalore),BMTC,33228,Kadirenahalli,6,5
Bengaluru (Bangalore),BMTC,20896,Kadirenahalli Cross,1162,90
Bengaluru (Bangalore),BMTC,20897,Kadirenahalli Cross,1110,91
Bengaluru (Bangalore),BMTC,20898,Kadirenahalli Park,609,41
Bengaluru (Bangalore),BMTC,20899,Kadirenahalli Park,576,41
Bengaluru (Bangalore),BMTC,22133,Kadirenahalli Village,394,29
Bengaluru (Bangalore),BMTC,22134,Kadirenahalli Village,371,26
Bengaluru (Bangalore),BMTC,30518,Kadu Jakkasandra,3,1
Bengaluru (Bangalore),BMTC,33202,Kadu Jakkasandra,3,1
Bengaluru (Bangalore),BMTC,35206,Kadu bisanahalli,6,3
Bengaluru (Bangalore),BMTC,36276,Kadu bisanahalli,8,3
Bengaluru (Bangalore),BMTC,20894,Kadubisanahalli,1420,88
Bengaluru (Bangalore),BMTC,20895,Kadubisanahalli,1383,89
Bengaluru (Bangalore),BMTC,30572,Kadugenahalli Gate,55,11
Bengaluru (Bangalore),BMTC,30575,Kadugodi Bapuji Circle,12,3
Bengaluru (Bangalore),BMTC,20900,Kadugodi Bridge,853,73
Bengaluru (Bangalore),BMTC,20901,Kadugodi Bridge,1087,87
Bengaluru (Bangalore),BMTC,20902,Kadugodi Bus Station,1500,64
Bengaluru (Bangalore),BMTC,38642,Kadugodi Bus Station Arrival,53,3
Bengaluru (Bangalore),BMTC,30577,Kadugodi Govt Hospital,3,1
Bengaluru (Bangalore),BMTC,33230,Kadugodi Govt Hospital,3,1
Bengaluru (Bangalore),BMTC,36763,Kadugodi Metro Station,150,10
Bengaluru (Bangalore),BMTC,22135,Kadugondanahalli Police Station,484,55
Bengaluru (Bangalore),BMTC,22136,Kadugondanahalli Police Station,499,59
Bengaluru (Bangalore),BMTC,22172,Kadugondanahalli Railway Gate,500,58
Bengaluru (Bangalore),BMTC,22173,Kadugondanahalli Railway Gate,468,51
Bengaluru (Bangalore),BMTC,30583,Kadukarenahalli,4,4
Bengaluru (Bangalore),BMTC,33232,Kadukarenahalli,4,4
Bengaluru (Bangalore),BMTC,21551,Kadumane Hotel,320,37
Bengaluru (Bangalore),BMTC,35402,Kadumane Hotel,315,31
Bengaluru (Bangalore),BMTC,35765,Kadumane Hotel1,18,8
Bengaluru (Bangalore),BMTC,33234,Kadusonnappanahalli,5,3
Bengaluru (Bangalore),BMTC,39623,Kadusonnappanahalli,3,2
Bengaluru (Bangalore),BMTC,39624,Kadusonnappanahalli Hospital,6,2
Bengaluru (Bangalore),BMTC,33236,Kaggadasapura Main Road,1,1
Bengaluru (Bangalore),BMTC,35077,Kaggalahalli,145,18
Bengaluru (Bangalore),BMTC,35186,Kaggalahalli,152,20
Bengaluru (Bangalore),BMTC,33238,Kaggalahalli,7,2
Bengaluru (Bangalore),BMTC,30598,Kaggalahalli,11,4
Bengaluru (Bangalore),BMTC,39575,Kaggalahalli Gate,39,6
Bengaluru (Bangalore),BMTC,39576,Kaggalahalli Gate,40,6
Bengaluru (Bangalore),BMTC,30600,Kaggalahalli Gate,18,6
Bengaluru (Bangalore),BMTC,33241,Kaggalahalli Gate,20,9
Bengaluru (Bangalore),BMTC,33243,Kaggalipura,2,2
Bengaluru (Bangalore),BMTC,33244,Kaggalipura,15,3
Bengaluru (Bangalore),BMTC,22137,Kaggalipura,373,78
Bengaluru (Bangalore),BMTC,22138,Kaggalipura,394,85
Bengaluru (Bangalore),BMTC,30607,Kaggalipura Colony,11,4
Bengaluru (Bangalore),BMTC,33245,Kaggalipura Colony,15,6
Bengaluru (Bangalore),BMTC,30609,Kaggalipura Cross,38,9
Bengaluru (Bangalore),BMTC,33246,Kaggalipura Cross,37,9
Bengaluru (Bangalore),BMTC,38670,Kaggalipura Junction,8,4
Bengaluru (Bangalore),BMTC,38671,Kaggalipura Junction,6,3
Bengaluru (Bangalore),BMTC,23385,Kaikondrahalli,7,4
Bengaluru (Bangalore),BMTC,23897,Kaikondrahalli,420,68
Bengaluru (Bangalore),BMTC,23917,Kaikondrahalli,420,65
Bengaluru (Bangalore),BMTC,30611,Kaka Ramanahalli,12,6
Bengaluru (Bangalore),BMTC,33247,Kaka Ramanahalli,8,3
Bengaluru (Bangalore),BMTC,38729,Kaka ramanahalli Cross,11,6
Bengaluru (Bangalore),BMTC,38730,Kaka ramanahalli Cross,13,7
Bengaluru (Bangalore),BMTC,33248,Kakkehalli,1,1
Bengaluru (Bangalore),BMTC,30615,Kakkepalya,1,1
Bengaluru (Bangalore),BMTC,30617,Kakolu,30,21
Bengaluru (Bangalore),BMTC,33250,Kakolu,32,17
Bengaluru (Bangalore),BMTC,30619,Kakolu Village,4,3
Bengaluru (Bangalore),BMTC,33251,Kakolu Village,3,2
Bengaluru (Bangalore),BMTC,30622,Kalalughatta,16,5
Bengaluru (Bangalore),BMTC,33252,Kalalughatta,11,4
Bengaluru (Bangalore),BMTC,22670,Kalamandira Marathahalli Bridge,1432,98
Bengaluru (Bangalore),BMTC,23194,Kalamandira Marathahalli Bridge,1071,79
Bengaluru (Bangalore),BMTC,30624,Kalathammanahalli,3,1
Bengaluru (Bangalore),BMTC,33253,Kalathammanahalli,3,1
Bengaluru (Bangalore),BMTC,23586,Kalena Agrahara,620,92
Bengaluru (Bangalore),BMTC,23865,Kalena Agrahara,616,94
Bengaluru (Bangalore),BMTC,30626,Kalenahalli,11,3
Bengaluru (Bangalore),BMTC,33254,Kalenahalli,7,2
Bengaluru (Bangalore),BMTC,30630,Kalenahalli Gate,4,3
Bengaluru (Bangalore),BMTC,33257,Kalenahalli Gate,1,1
Bengaluru (Bangalore),BMTC,33255,Kalenahalli Gate,12,5
Bengaluru (Bangalore),BMTC,33256,Kalenahalli Gate,13,6
Bengaluru (Bangalore),BMTC,30632,Kaleri,1,1
Bengaluru (Bangalore),BMTC,30633,Kaleshwari Bannerughatta Road,14,8
Bengaluru (Bangalore),BMTC,35319,Kaleshwari Bannerughatta Road,16,10
Bengaluru (Bangalore),BMTC,33259,Kalidasa Layout,20,2
Bengaluru (Bangalore),BMTC,30639,Kalikanagara Shiva Temple,70,6
Bengaluru (Bangalore),BMTC,33262,Kalikanagara Shiva Temple,73,7
Bengaluru (Bangalore),BMTC,35062,Kalkere,523,81
Bengaluru (Bangalore),BMTC,35281,Kalkere,515,80
Bengaluru (Bangalore),BMTC,30641,Kalkere,105,12
Bengaluru (Bangalore),BMTC,33263,Kalkere,51,9
Bengaluru (Bangalore),BMTC,30642,Kalkere Cross,126,11
Bengaluru (Bangalore),BMTC,36771,Kalkere Cross,2,2
Bengaluru (Bangalore),BMTC,30644,Kalkere School,76,12
Bengaluru (Bangalore),BMTC,33264,Kalkere School,73,10
Bengaluru (Bangalore),BMTC,30645,Kalkunte Agrahara,58,18
Bengaluru (Bangalore),BMTC,30646,Kalkunte Agrahara,53,17
Bengaluru (Bangalore),BMTC,30648,Kalkunte Agrahara School,2,1
Bengaluru (Bangalore),BMTC,33265,Kalkunte Agrahara School,2,1
Bengaluru (Bangalore),BMTC,33272,Kallahalli,3,1
Bengaluru (Bangalore),BMTC,30661,Kalli Bhimasandra Gate,12,2
Bengaluru (Bangalore),BMTC,33273,Kalli Bhimasandra Gate,16,2
Bengaluru (Bangalore),BMTC,30662,Kallodu,6,4
Bengaluru (Bangalore),BMTC,30650,Kallubalu,27,8
Bengaluru (Bangalore),BMTC,33266,Kallubalu,31,8
Bengaluru (Bangalore),BMTC,30657,Kallubalu Cross,32,9
Bengaluru (Bangalore),BMTC,33270,Kallubalu Cross,14,6
Bengaluru (Bangalore),BMTC,33271,Kallubalu Cross,44,16
Bengaluru (Bangalore),BMTC,33269,Kallubalu Cross,12,2
Bengaluru (Bangalore),BMTC,30664,Kallugopahalli,5,4
Bengaluru (Bangalore),BMTC,33274,Kallugopahalli,4,3
Bengaluru (Bangalore),BMTC,33275,Kallur,12,2
Bengaluru (Bangalore),BMTC,39447,Kalpana Circle,6,1
Bengaluru (Bangalore),BMTC,30670,Kalya,3,1
Bengaluru (Bangalore),BMTC,33277,Kalya,2,1
Bengaluru (Bangalore),BMTC,30672,Kalya Cross (Sripathyhalli Cross),3,2
Bengaluru (Bangalore),BMTC,33278,Kalya Cross (Sripathyhalli Cross),3,1
Bengaluru (Bangalore),BMTC,30674,Kalya Gate Magadi,6,2
Bengaluru (Bangalore),BMTC,24072,Kalyana Mantapa Koramangala,133,16
Bengaluru (Bangalore),BMTC,22109,Kalyana nagara 8th Main 3rd Cross  Junction,82,11
Bengaluru (Bangalore),BMTC,22108,Kalyana nagara 8th Main 3rd Cross Junction,78,10
Bengaluru (Bangalore),BMTC,23847,Kalyanamantapa (Oxford College),200,30
Bengaluru (Bangalore),BMTC,24163,Kalyanamantapa (Oxford College),178,29
Bengaluru (Bangalore),BMTC,21552,Kalyananagara,418,31
Bengaluru (Bangalore),BMTC,22139,Kalyananagara,412,27
Bengaluru (Bangalore),BMTC,33280,Kalyananagara,1,1
Bengaluru (Bangalore),BMTC,20903,Kalyananagara,1150,96
Bengaluru (Bangalore),BMTC,20904,Kalyananagara,1100,110
Bengaluru (Bangalore),BMTC,30679,Kalyananagara 1st Block,32,7
Bengaluru (Bangalore),BMTC,33282,Kalyananagara 1st Block,28,4
Bengaluru (Bangalore),BMTC,37895,Kalyananagara 302,137,9
Bengaluru (Bangalore),BMTC,20588,Kalyananagara 80 feet Road,451,55
Bengaluru (Bangalore),BMTC,21450,Kalyananagara 80 feet Road,289,49
Bengaluru (Bangalore),BMTC,36441,Kalyananagara Bus Stand,147,41
Bengaluru (Bangalore),BMTC,22141,Kalyananagara Junction,17,6
Bengaluru (Bangalore),BMTC,22142,Kalyananagara Junction,14,4
Bengaluru (Bangalore),BMTC,30688,Kamadhenu Kshetra,23,8
Bengaluru (Bangalore),BMTC,33285,Kamadhenu Kshetra,9,5
Bengaluru (Bangalore),BMTC,40734,Kamakshamma Layout,2,1
Bengaluru (Bangalore),BMTC,40735,Kamakshamma Layout,2,1
Bengaluru (Bangalore),BMTC,20905,Kamakshipalya,1126,160
Bengaluru (Bangalore),BMTC,20906,Kamakshipalya,1123,158
Bengaluru (Bangalore),BMTC,30690,Kamakshipura,20,12
Bengaluru (Bangalore),BMTC,33286,Kamakshipura,26,12
Bengaluru (Bangalore),BMTC,35772,Kamakya Talkies,675,52
Bengaluru (Bangalore),BMTC,35773,Kamakya Talkies,880,54
Bengaluru (Bangalore),BMTC,35929,Kamakya Talkies,54,5
Bengaluru (Bangalore),BMTC,39822,Kamal Estate,46,3
Bengaluru (Bangalore),BMTC,39823,Kamal Estate,46,3
Bengaluru (Bangalore),BMTC,30692,Kamalanagara,147,4
Bengaluru (Bangalore),BMTC,33287,Kamalanagara,140,5
Bengaluru (Bangalore),BMTC,20591,Kamalanagara 8th Main,205,17
Bengaluru (Bangalore),BMTC,20592,Kamalanagara 8th Main,257,22
Bengaluru (Bangalore),BMTC,28846,Kamalanagara Market,154,7
Bengaluru (Bangalore),BMTC,33851,Kamalanagara Market,145,6
Bengaluru (Bangalore),BMTC,35264,Kamalanagara Old Stop,70,9
Bengaluru (Bangalore),BMTC,35141,Kamalanagara Old bus Stand,75,10
Bengaluru (Bangalore),BMTC,37923,Kamalanagara Water Tank,1,1
Bengaluru (Bangalore),BMTC,21273,Kamalanagara Water Tank,342,19
Bengaluru (Bangalore),BMTC,39946,Kamalapura,16,2
Bengaluru (Bangalore),BMTC,39947,Kamalapura,12,2
Bengaluru (Bangalore),BMTC,30697,Kamanahalli,11,5
Bengaluru (Bangalore),BMTC,33290,Kamanahalli,12,5
Bengaluru (Bangalore),BMTC,35092,Kamanahalli Circle,43,12
Bengaluru (Bangalore),BMTC,30700,Kamarasanahalli,2,1
Bengaluru (Bangalore),BMTC,33291,Kamarasanahalli,3,2
Bengaluru (Bangalore),BMTC,30702,Kambadakallu,10,4
Bengaluru (Bangalore),BMTC,39150,Kambalipura,114,3
Bengaluru (Bangalore),BMTC,39151,Kambalipura,117,3
Bengaluru (Bangalore),BMTC,30704,Kambalipura,5,3
Bengaluru (Bangalore),BMTC,33293,Kambalipura,3,2
Bengaluru (Bangalore),BMTC,30706,Kambipura,10,4
Bengaluru (Bangalore),BMTC,33294,Kambipura,1,1
Bengaluru (Bangalore),BMTC,30709,Kamblipura Cross,121,4
Bengaluru (Bangalore),BMTC,33295,Kamblipura Cross,118,5
Bengaluru (Bangalore),BMTC,22144,Kammagondanahalli Bridge,458,45
Bengaluru (Bangalore),BMTC,36601,Kammagondanahalli Bridge,132,15
Bengaluru (Bangalore),BMTC,36602,Kammagondanahalli Bridge,62,9
Bengaluru (Bangalore),BMTC,30714,Kammagondanahalli Rama Temple,150,24
Bengaluru (Bangalore),BMTC,33297,Kammagondanahalli Rama Temple,152,23
Bengaluru (Bangalore),BMTC,22143,Kammagonda‌nahalli Bridge,393,43
Bengaluru (Bangalore),BMTC,22146,Kammanahalli,85,13
Bengaluru (Bangalore),BMTC,22147,Kammanahalli,79,11
Bengaluru (Bangalore),BMTC,22148,Kammanahalli Empire Hotel,81,13
Bengaluru (Bangalore),BMTC,22149,Kammanahalli Empire Hotel,75,10
Bengaluru (Bangalore),BMTC,33298,Kammasandra,104,7
Bengaluru (Bangalore),BMTC,33299,Kammasandra,36,3
Bengaluru (Bangalore),BMTC,30720,Kammasandra,24,8
Bengaluru (Bangalore),BMTC,33302,Kammasandra,11,6
Bengaluru (Bangalore),BMTC,33300,Kammasandra,34,10
Bengaluru (Bangalore),BMTC,33301,Kammasandra,28,9
Bengaluru (Bangalore),BMTC,30073,Kammasandra Gate,4,2
Bengaluru (Bangalore),BMTC,30724,Kammasandra Gate,7,4
Bengaluru (Bangalore),BMTC,32071,Kammasandra Gate,6,3
Bengaluru (Bangalore),BMTC,33305,Kammasandra Gate,20,5
Bengaluru (Bangalore),BMTC,30728,Kammasandra Palya,12,6
Bengaluru (Bangalore),BMTC,33307,Kammasandra Palya,9,5
Bengaluru (Bangalore),BMTC,30731,Kanaka Nagara,26,4
Bengaluru (Bangalore),BMTC,30735,Kanakadasa Circle,6,2
Bengaluru (Bangalore),BMTC,33311,Kanakadasa Circle,7,3
Bengaluru (Bangalore),BMTC,30736,Kanakagiri Horamavu,16,2
Bengaluru (Bangalore),BMTC,30733,Kanakanagara Gate,39,5
Bengaluru (Bangalore),BMTC,33310,Kanakanagara Gate,39,8
Bengaluru (Bangalore),BMTC,40000,Kanakapura Bus Stand,63,3
Bengaluru (Bangalore),BMTC,22150,Kanakashree Layout Chikka Gubbi,174,47
Bengaluru (Bangalore),BMTC,30737,Kanakashree Layout Chikka Gubbi,184,52
Bengaluru (Bangalore),BMTC,30739,Kanasawadi,67,19
Bengaluru (Bangalore),BMTC,33312,Kanasawadi,66,15
Bengaluru (Bangalore),BMTC,40575,Kanasawadi,13,2
Bengaluru (Bangalore),BMTC,40576,Kanasawadi,13,3
Bengaluru (Bangalore),BMTC,30741,Kanchugaranahalli,30,2
Bengaluru (Bangalore),BMTC,33313,Kanchugaranahalli,35,3
Bengaluru (Bangalore),BMTC,30742,Kanchugaranahalli Colony,5,1
Bengaluru (Bangalore),BMTC,30744,Kanegowdanahalli,6,2
Bengaluru (Bangalore),BMTC,33349,Kanekal,2,1
Bengaluru (Bangalore),BMTC,33350,Kanekallu Cross,1,1
Bengaluru (Bangalore),BMTC,33351,Kanekallu Cross,2,1
Bengaluru (Bangalore),BMTC,30747,Kanivemadhapura Cross,19,3
Bengaluru (Bangalore),BMTC,33315,Kanivemadhapura Cross,15,3
Bengaluru (Bangalore),BMTC,37782,Kankenahalli,1,1
Bengaluru (Bangalore),BMTC,20908,Kanminake,340,53
Bengaluru (Bangalore),BMTC,20909,Kanminake,338,61
Bengaluru (Bangalore),BMTC,20910,Kanminake Colony,340,53
Bengaluru (Bangalore),BMTC,20911,Kanminake Colony,337,60
Bengaluru (Bangalore),BMTC,40391,Kanminike,1,1
Bengaluru (Bangalore),BMTC,40389,Kanminike BDA Apartment Phase-2,1,1
Bengaluru (Bangalore),BMTC,30750,Kannalli,8,3
Bengaluru (Bangalore),BMTC,33316,Kannalli,73,12
Bengaluru (Bangalore),BMTC,33317,Kannalli,57,8
Bengaluru (Bangalore),BMTC,33318,Kannamangala,3,1
Bengaluru (Bangalore),BMTC,35842,Kannamangala,2,1
Bengaluru (Bangalore),BMTC,33320,Kannamangala,77,4
Bengaluru (Bangalore),BMTC,33323,Kannamangala Gate,236,34
Bengaluru (Bangalore),BMTC,33324,Kannamangala Gate,240,36
Bengaluru (Bangalore),BMTC,33328,Kannamangala Gate,2,1
Bengaluru (Bangalore),BMTC,22151,Kannamangala Gate,229,31
Bengaluru (Bangalore),BMTC,22152,Kannamangala Gate,148,27
Bengaluru (Bangalore),BMTC,33327,Kannamangala Gate,68,3
Bengaluru (Bangalore),BMTC,33325,Kannamangala Gate,56,12
Bengaluru (Bangalore),BMTC,33326,Kannamangala Gate,52,15
Bengaluru (Bangalore),BMTC,34842,Kannamangala Gate 2,6,2
Bengaluru (Bangalore),BMTC,30766,Kannamangala Madhure,2,2
Bengaluru (Bangalore),BMTC,30767,Kannamangala Madhure,3,2
Bengaluru (Bangalore),BMTC,33331,Kannamangalapalya,4,2
Bengaluru (Bangalore),BMTC,33332,Kannamangalapalya,4,2
Bengaluru (Bangalore),BMTC,30773,Kannamangalapalya Cross,4,2
Bengaluru (Bangalore),BMTC,33333,Kannamangalapalya Cross,4,2
Bengaluru (Bangalore),BMTC,30775,Kannamangalapalya Gate,6,3
Bengaluru (Bangalore),BMTC,33334,Kannamangalapalya Gate,2,1
Bengaluru (Bangalore),BMTC,30777,Kannurahalli,9,7
Bengaluru (Bangalore),BMTC,33335,Kannurahalli,11,7
Bengaluru (Bangalore),BMTC,30779,Kannurahalli Cross/Bekary,9,7
Bengaluru (Bangalore),BMTC,33336,Kannurahalli Cross/Bekary,11,7
Bengaluru (Bangalore),BMTC,30781,Kannurahalli Ittige Factory,9,6
Bengaluru (Bangalore),BMTC,33337,Kannurahalli Ittige Factory,7,6
Bengaluru (Bangalore),BMTC,22153,Kannuru,202,57
Bengaluru (Bangalore),BMTC,22154,Kannuru,240,55
Bengaluru (Bangalore),BMTC,30782,Kannuru,56,11
Bengaluru (Bangalore),BMTC,33338,Kannuru Junction,5,2
Bengaluru (Bangalore),BMTC,30786,Kanshiram Nagara,169,37
Bengaluru (Bangalore),BMTC,33339,Kanshiram Nagara,172,31
Bengaluru (Bangalore),BMTC,30788,Kantanakunte,28,7
Bengaluru (Bangalore),BMTC,33340,Kantanakunte,28,7
Bengaluru (Bangalore),BMTC,30792,Kanteerava Studio,257,15
Bengaluru (Bangalore),BMTC,33341,Kanteerava Studio,269,16
Bengaluru (Bangalore),BMTC,33342,Kanteerava Studio,786,55
Bengaluru (Bangalore),BMTC,35056,Kanteerava Studio,27,4
Bengaluru (Bangalore),BMTC,35254,Kanteerava Studio,751,45
Bengaluru (Bangalore),BMTC,22907,Kanteeravanagara,25,4
Bengaluru (Bangalore),BMTC,30796,Kanuvanahalli,2,2
Bengaluru (Bangalore),BMTC,33344,Kanuvanahalli,2,1
Bengaluru (Bangalore),BMTC,23610,Kanyakumari,137,14
Bengaluru (Bangalore),BMTC,23621,Kanyakumari,143,16
Bengaluru (Bangalore),BMTC,30798,Kapayana Doddy,4,3
Bengaluru (Bangalore),BMTC,33345,Kapayana Doddy,5,4
Bengaluru (Bangalore),BMTC,30873,Karabele,28,6
Bengaluru (Bangalore),BMTC,30799,Karadigowdana Doddy,1,1
Bengaluru (Bangalore),BMTC,30800,Karadigowdanahalli,1,1
Bengaluru (Bangalore),BMTC,30802,Karahalli,1,1
Bengaluru (Bangalore),BMTC,33346,Karahalli,1,1
Bengaluru (Bangalore),BMTC,30804,Karahalli Cross,1,1
Bengaluru (Bangalore),BMTC,33347,Karahalli Cross,1,1
Bengaluru (Bangalore),BMTC,30806,Karapanahalli Gate,23,2
Bengaluru (Bangalore),BMTC,33348,Karapanahalli Gate,23,2
Bengaluru (Bangalore),BMTC,30808,Karekal,1,1
Bengaluru (Bangalore),BMTC,21553,Karekal Cross,114,26
Bengaluru (Bangalore),BMTC,21554,Karekal Cross,123,27
Bengaluru (Bangalore),BMTC,30813,Karekal Doddy,1,1
Bengaluru (Bangalore),BMTC,30819,Karekallu Doddi,6,2
Bengaluru (Bangalore),BMTC,33355,Karekallu Doddi,7,2
Bengaluru (Bangalore),BMTC,33356,Karekalpalya,13,5
Bengaluru (Bangalore),BMTC,33357,Karekalpalya,12,4
Bengaluru (Bangalore),BMTC,30823,Karekalpalya,4,1
Bengaluru (Bangalore),BMTC,33359,Karekalpalya Cross,13,5
Bengaluru (Bangalore),BMTC,33360,Karekalpalya Cross,12,4
Bengaluru (Bangalore),BMTC,30827,Karekalpalya Cross,5,3
Bengaluru (Bangalore),BMTC,33361,Karekalpalya Cross,5,3
Bengaluru (Bangalore),BMTC,30829,Karenahalli,24,9
Bengaluru (Bangalore),BMTC,33362,Karenahalli,22,9
Bengaluru (Bangalore),BMTC,30831,Kari Obanahalli,254,13
Bengaluru (Bangalore),BMTC,33363,Kari Obanahalli,270,10
Bengaluru (Bangalore),BMTC,24958,Kariapppana Doddy Devasthana,2,2
Bengaluru (Bangalore),BMTC,30833,Karibeeranahosahalli,3,2
Bengaluru (Bangalore),BMTC,33364,Karibeeranahosahalli,4,2
Bengaluru (Bangalore),BMTC,30835,Karibeeranahosahalli Cross,4,3
Bengaluru (Bangalore),BMTC,33365,Karibeeranahosahalli Cross,6,3
Bengaluru (Bangalore),BMTC,30837,Karishma Hills,29,3
Bengaluru (Bangalore),BMTC,33366,Karishma Hills,29,3
Bengaluru (Bangalore),BMTC,30839,Karishma Hills Cross,8,2
Bengaluru (Bangalore),BMTC,33367,Karishma Hills Cross,8,2
Bengaluru (Bangalore),BMTC,30841,Kariyanapalya,5,1
Bengaluru (Bangalore),BMTC,33369,Kariyanapalya,5,1
Bengaluru (Bangalore),BMTC,40501,Kariyanapalya,24,2
Bengaluru (Bangalore),BMTC,40502,Kariyanapalya,24,2
Bengaluru (Bangalore),BMTC,29418,Kariyanapalya Cross (80ft Road Junction),102,4
Bengaluru (Bangalore),BMTC,39072,Kariyanapalya Cross (80ft Road Junction),73,3
Bengaluru (Bangalore),BMTC,33370,Kariyappana Doddy,2,2
Bengaluru (Bangalore),BMTC,30847,Kariyappana Doddy,7,4
Bengaluru (Bangalore),BMTC,35326,Kariyappana Doddy,7,4
Bengaluru (Bangalore),BMTC,30849,Kariyappanapalya,7,3
Bengaluru (Bangalore),BMTC,33372,Kariyappanapalya,8,7
Bengaluru (Bangalore),BMTC,33373,Karlapura,4,2
Bengaluru (Bangalore),BMTC,30854,Karlapura Colony,2,1
Bengaluru (Bangalore),BMTC,33374,Karlapura Colony,2,2
Bengaluru (Bangalore),BMTC,30857,Karlapura Gate,5,4
Bengaluru (Bangalore),BMTC,33375,Karlapura Gate,23,15
Bengaluru (Bangalore),BMTC,33376,Karlapura Gate,22,9
Bengaluru (Bangalore),BMTC,30859,Karlapura Gate BIT,7,4
Bengaluru (Bangalore),BMTC,33377,Karlapura Gate BIT,5,3
Bengaluru (Bangalore),BMTC,38697,Karnataka High Court Staff Quarters,4,4
Bengaluru (Bangalore),BMTC,30866,Karnataka Slum Board Development Apartment,1,1
Bengaluru (Bangalore),BMTC,30867,Karnataka Slum Board Development Apartment,1,1
Bengaluru (Bangalore),BMTC,30869,Karpura,2,1
Bengaluru (Bangalore),BMTC,33379,Karpura,2,1
Bengaluru (Bangalore),BMTC,35052,Karpura Gate,208,18
Bengaluru (Bangalore),BMTC,35248,Karpura Gate,244,24
Bengaluru (Bangalore),BMTC,30871,Karpura Gate,67,10
Bengaluru (Bangalore),BMTC,33380,Karpura Gate,61,10
Bengaluru (Bangalore),BMTC,38206,Karpura Gate,5,2
Bengaluru (Bangalore),BMTC,20912,Karthik Nagara,940,75
Bengaluru (Bangalore),BMTC,20913,Karthik Nagara,921,78
Bengaluru (Bangalore),BMTC,30875,Kasaba,7,5
Bengaluru (Bangalore),BMTC,33382,Kasaba,7,5
Bengaluru (Bangalore),BMTC,36063,Kasaghatta,2,1
Bengaluru (Bangalore),BMTC,30876,Kasaghattapura,55,4
Bengaluru (Bangalore),BMTC,30878,Kasaghattapura Gate,30,5
Bengaluru (Bangalore),BMTC,33383,Kasaghattapura Gate,32,5
Bengaluru (Bangalore),BMTC,23382,Kasavanahalli,48,9
Bengaluru (Bangalore),BMTC,23386,Kasavanahalli,47,11
Bengaluru (Bangalore),BMTC,30880,Kasavepalya,2,1
Bengaluru (Bangalore),BMTC,33384,Kasavepalya,3,3
Bengaluru (Bangalore),BMTC,30882,Kasthuri Nagara,19,6
Bengaluru (Bangalore),BMTC,33385,Kasthuri Nagara,22,9
Bengaluru (Bangalore),BMTC,20914,Kasthurinagara,966,94
Bengaluru (Bangalore),BMTC,20915,Kasthurinagara,953,99
Bengaluru (Bangalore),BMTC,38902,Kasturiba Road,1,1
Bengaluru (Bangalore),BMTC,23505,Kasuvinakunte,2,1
Bengaluru (Bangalore),BMTC,23506,Kasuvinakunte,2,1
Bengaluru (Bangalore),BMTC,30885,Katamana Doddy,9,3
Bengaluru (Bangalore),BMTC,22155,Katamanallur Gate,556,94
Bengaluru (Bangalore),BMTC,22157,Katamanallur Gate,560,88
Bengaluru (Bangalore),BMTC,36724,Katamanallur Gate,155,29
Bengaluru (Bangalore),BMTC,39144,Kateramma Temple Kambalipura,234,4
Bengaluru (Bangalore),BMTC,30887,Kateramma Temple Makanahalli,4,3
Bengaluru (Bangalore),BMTC,33387,Kateramma Temple Makanahalli,3,3
Bengaluru (Bangalore),BMTC,20916,Kathriguppe,838,60
Bengaluru (Bangalore),BMTC,20917,Kathriguppe,672,51
Bengaluru (Bangalore),BMTC,37075,Kathriguppe,18,3
Bengaluru (Bangalore),BMTC,35165,Kathriguppe,23,10
Bengaluru (Bangalore),BMTC,35259,Kathriguppe,21,7
Bengaluru (Bangalore),BMTC,30892,Kattalepalya,3,1
Bengaluru (Bangalore),BMTC,33390,Kattalepalya,2,1
Bengaluru (Bangalore),BMTC,33389,Kattalepalya,19,4
Bengaluru (Bangalore),BMTC,35362,Kattalepalya,21,6
Bengaluru (Bangalore),BMTC,39314,Kattigenahalli,2,1
Bengaluru (Bangalore),BMTC,30897,Kattigenahalli,5,3
Bengaluru (Bangalore),BMTC,33392,Kattigenahalli,6,4
Bengaluru (Bangalore),BMTC,30899,Kattigenahalli Colony,1,1
Bengaluru (Bangalore),BMTC,33393,Kattigenahalli Colony,2,1
Bengaluru (Bangalore),BMTC,30895,Kattigenahalli Cross,195,41
Bengaluru (Bangalore),BMTC,30900,Kattigenahalli Cross,197,38
Bengaluru (Bangalore),BMTC,39324,Kattigenahalli Cross,2,1
Bengaluru (Bangalore),BMTC,30902,Kattigenahalli Gate,1,1
Bengaluru (Bangalore),BMTC,33394,Kattigenahalli Gate,2,1
Bengaluru (Bangalore),BMTC,39539,Kattihosahalli,2,1
Bengaluru (Bangalore),BMTC,30904,Kattu Gollahalli,3,1
Bengaluru (Bangalore),BMTC,33395,Kattu Gollahalli,2,1
Bengaluru (Bangalore),BMTC,30906,Kattu Gollahalli Gate,100,21
Bengaluru (Bangalore),BMTC,33396,Kattu Gollahalli Gate,107,22
Bengaluru (Bangalore),BMTC,20918,Kaval Byrasandra,628,18
Bengaluru (Bangalore),BMTC,23844,Kavala Hosahalli,205,16
Bengaluru (Bangalore),BMTC,23976,Kavala Hosahalli,241,22
Bengaluru (Bangalore),BMTC,39565,Kaveri Block,3,1
Bengaluru (Bangalore),BMTC,39566,Kaveri Block,3,1
Bengaluru (Bangalore),BMTC,35150,Kaveri Nagara,185,18
Bengaluru (Bangalore),BMTC,35188,Kaveri Nagara,184,16
Bengaluru (Bangalore),BMTC,39778,Kaverinagara Kodichikkanahalli,32,2
Bengaluru (Bangalore),BMTC,39779,Kaverinagara Kodichikkanahalli,32,2
Bengaluru (Bangalore),BMTC,22681,Kebbahala,14,4
Bengaluru (Bangalore),BMTC,22691,Kebbahala,16,5
Bengaluru (Bangalore),BMTC,23612,Kebbedoddi Gate,137,14
Bengaluru (Bangalore),BMTC,23619,Kebbedoddi Gate,143,16
Bengaluru (Bangalore),BMTC,30925,Kebbepalya Gate,26,3
Bengaluru (Bangalore),BMTC,33406,Kebbepalya Gate,24,2
Bengaluru (Bangalore),BMTC,30927,Kembaliganahalli,2,1
Bengaluru (Bangalore),BMTC,33407,Kembaliganahalli,2,1
Bengaluru (Bangalore),BMTC,30929,Kembaliganahalli Gate,3,2
Bengaluru (Bangalore),BMTC,33408,Kembaliganahalli Gate,3,2
Bengaluru (Bangalore),BMTC,30930,Kembathahalli,21,6
Bengaluru (Bangalore),BMTC,31384,Kembathahalli,22,6
Bengaluru (Bangalore),BMTC,30934,Kembathahalli Cross,25,6
Bengaluru (Bangalore),BMTC,33409,Kembathahalli Cross,19,5
Bengaluru (Bangalore),BMTC,33410,Kembathahalli Cross,7,2
Bengaluru (Bangalore),BMTC,33411,Kembathahalli Cross,12,3
Bengaluru (Bangalore),BMTC,30940,Kempa Vaderahalli,2,1
Bengaluru (Bangalore),BMTC,33414,Kempa Vaderahalli,1,1
Bengaluru (Bangalore),BMTC,30942,Kempadyapanahalli,26,11
Bengaluru (Bangalore),BMTC,33415,Kempadyapanahalli,28,12
Bengaluru (Bangalore),BMTC,30944,Kempaiahnagara,110,23
Bengaluru (Bangalore),BMTC,33416,Kempaiahnagara,157,34
Bengaluru (Bangalore),BMTC,33417,Kempaiahnapalya,2,2
Bengaluru (Bangalore),BMTC,33418,Kempaiahnapalya,1,1
Bengaluru (Bangalore),BMTC,30950,Kempaiahnapalya Cross,32,4
Bengaluru (Bangalore),BMTC,33420,Kempaiahnapalya Cross,31,3
Bengaluru (Bangalore),BMTC,30952,Kempalinganahalli,10,5
Bengaluru (Bangalore),BMTC,33421,Kempalinganahalli,11,7
Bengaluru (Bangalore),BMTC,30954,Kempalinganahalli Cross,11,7
Bengaluru (Bangalore),BMTC,33422,Kempalinganahalli Cross,10,5
Bengaluru (Bangalore),BMTC,30938,Kempalingapura,2,1
Bengaluru (Bangalore),BMTC,33413,Kempalingapura,2,1
Bengaluru (Bangalore),BMTC,30956,Kempalingapura Cross,2,1
Bengaluru (Bangalore),BMTC,33423,Kempalingapura Cross,2,1
Bengaluru (Bangalore),BMTC,33424,Kempammadevi Nagara,1,1
Bengaluru (Bangalore),BMTC,33430,Kempapura,5,1
Bengaluru (Bangalore),BMTC,33431,Kempapura,5,2
Bengaluru (Bangalore),BMTC,20919,Kempapura,884,84
Bengaluru (Bangalore),BMTC,20920,Kempapura,935,90
Bengaluru (Bangalore),BMTC,30969,Kempapura,3,2
Bengaluru (Bangalore),BMTC,33432,Kempapura,3,2
Bengaluru (Bangalore),BMTC,33426,Kempapura,16,7
Bengaluru (Bangalore),BMTC,33427,Kempapura,8,4
Bengaluru (Bangalore),BMTC,33428,Kempapura,8,3
Bengaluru (Bangalore),BMTC,33429,Kempapura,10,5
Bengaluru (Bangalore),BMTC,30971,Kempapura Agarahara,24,2
Bengaluru (Bangalore),BMTC,33433,Kempapura Agarahara,24,1
Bengaluru (Bangalore),BMTC,30972,Kempapura Agarahara Railway Gate,24,2
Bengaluru (Bangalore),BMTC,30976,Kempapura Cross,5,2
Bengaluru (Bangalore),BMTC,33436,Kempapura Cross,5,1
Bengaluru (Bangalore),BMTC,30978,Kempashetty Doddy,31,3
Bengaluru (Bangalore),BMTC,33437,Kempashetty Doddy,32,4
Bengaluru (Bangalore),BMTC,30980,Kempashetty Doddy Gate,31,3
Bengaluru (Bangalore),BMTC,33438,Kempashetty Doddy Gate,31,3
Bengaluru (Bangalore),BMTC,30982,Kempathimmanahalli,9,8
Bengaluru (Bangalore),BMTC,33439,Kempathimmanahalli,8,6
Bengaluru (Bangalore),BMTC,33440,Kempathimmanahalli Cross,13,9
Bengaluru (Bangalore),BMTC,33441,Kempathimmanahalli Cross,13,10
Bengaluru (Bangalore),BMTC,30988,Kempegowda Arch,796,60
Bengaluru (Bangalore),BMTC,33443,Kempegowda Arch,796,54
Bengaluru (Bangalore),BMTC,20921_ST,Kempegowda Bus Station,0,0
Bengaluru (Bangalore),BMTC,20921,Kempegowda Bus Station,5061,584
Bengaluru (Bangalore),BMTC,20922,Kempegowda Bus Station,5520,839
Bengaluru (Bangalore),BMTC,20921_PF1,Kempegowda Bus Station - Platform 1,87,3
Bengaluru (Bangalore),BMTC,20921_PF11,Kempegowda Bus Station - Platform 11,58,4
Bengaluru (Bangalore),BMTC,20921_PF11A,Kempegowda Bus Station - Platform 11A,19,4
Bengaluru (Bangalore),BMTC,20921_PF11B,Kempegowda Bus Station - Platform 11B,164,6
Bengaluru (Bangalore),BMTC,20921_PF14,Kempegowda Bus Station - Platform 14,9,2
Bengaluru (Bangalore),BMTC,20921_PF19,Kempegowda Bus Station - Platform 19,247,15
Bengaluru (Bangalore),BMTC,20921_PF19A,Kempegowda Bus Station - Platform 19A,456,16
Bengaluru (Bangalore),BMTC,20921_PF2,Kempegowda Bus Station - Platform 2,22,3
Bengaluru (Bangalore),BMTC,20921_PF20,Kempegowda Bus Station - Platform 20,17,1
Bengaluru (Bangalore),BMTC,20921_PF20B,Kempegowda Bus Station - Platform 20B,53,5
Bengaluru (Bangalore),BMTC,20921_PF21,Kempegowda Bus Station - Platform 21,1,1
Bengaluru (Bangalore),BMTC,20921_PF22,Kempegowda Bus Station - Platform 22,1,1
Bengaluru (Bangalore),BMTC,20921_PF23,Kempegowda Bus Station - Platform 23,82,8
Bengaluru (Bangalore),BMTC,20921_PF23A,Kempegowda Bus Station - Platform 23A,185,3
Bengaluru (Bangalore),BMTC,20921_PF23B,Kempegowda Bus Station - Platform 23B,6,2
Bengaluru (Bangalore),BMTC,20921_PF24,Kempegowda Bus Station - Platform 24,259,4
Bengaluru (Bangalore),BMTC,20921_PF3,Kempegowda Bus Station - Platform 3,130,10
Bengaluru (Bangalore),BMTC,20921_PF30,Kempegowda Bus Station - Platform 30,275,1
Bengaluru (Bangalore),BMTC,20921_PF3A,Kempegowda Bus Station - Platform 3A,84,10
Bengaluru (Bangalore),BMTC,20921_PF4,Kempegowda Bus Station - Platform 4,468,17
Bengaluru (Bangalore),BMTC,20921_PF4A,Kempegowda Bus Station - Platform 4A,89,8
Bengaluru (Bangalore),BMTC,20921_PF4B,Kempegowda Bus Station - Platform 4B,399,5
Bengaluru (Bangalore),BMTC,20921_PF5,Kempegowda Bus Station - Platform 5,1218,34
Bengaluru (Bangalore),BMTC,20921_PF6,Kempegowda Bus Station - Platform 6,167,4
Bengaluru (Bangalore),BMTC,20921_PF6A,Kempegowda Bus Station - Platform 6A,116,6
Bengaluru (Bangalore),BMTC,20921_PF7,Kempegowda Bus Station - Platform 7,368,2
Bengaluru (Bangalore),BMTC,20921_PF8A,Kempegowda Bus Station - Platform 8A,26,1
Bengaluru (Bangalore),BMTC,20921_PF8B,Kempegowda Bus Station - Platform 8B,12,2
Bengaluru (Bangalore),BMTC,35931,Kempegowda Bus Station(Majestic/KBS),67,25
Bengaluru (Bangalore),BMTC,30990,Kempegowda Garden,13,3
Bengaluru (Bangalore),BMTC,33444,Kempegowda Garden,21,5
Bengaluru (Bangalore),BMTC,23485,Kempegowda International Airport,586,23
Bengaluru (Bangalore),BMTC,35805,Kempegowda International Airport,552,23
Bengaluru (Bangalore),BMTC,38069,Kempegowda International Airport,117,8
Bengaluru (Bangalore),BMTC,30992,Kempegowda International Airport Back Gate,30,3
Bengaluru (Bangalore),BMTC,38071,Kempegowda International Airport Back Gate,59,7
Bengaluru (Bangalore),BMTC,38072,Kempegowda International Airport Back Gate,81,8
Bengaluru (Bangalore),BMTC,23746,Kempegowda Swimming Pool,4,3
Bengaluru (Bangalore),BMTC,23762,Kempegowda Swimming Pool,4,3
Bengaluru (Bangalore),BMTC,40683,Kempegowda/Chethan Circle,62,4
Bengaluru (Bangalore),BMTC,40684,Kempegowda/Chethan Circle,62,4
Bengaluru (Bangalore),BMTC,30997,Kempu Dommasandra,2,1
Bengaluru (Bangalore),BMTC,30501,Kempu Dommasandra Cross,2,1
Bengaluru (Bangalore),BMTC,31003,Kenchanakuppe,1,1
Bengaluru (Bangalore),BMTC,33449,Kenchanakuppe,2,2
Bengaluru (Bangalore),BMTC,31005,Kenchanakuppe Colony,5,4
Bengaluru (Bangalore),BMTC,33450,Kenchanakuppe Colony,6,5
Bengaluru (Bangalore),BMTC,31007,Kenchanapalya,3,2
Bengaluru (Bangalore),BMTC,33451,Kenchanapalya,4,2
Bengaluru (Bangalore),BMTC,31009,Kenchanapura,57,6
Bengaluru (Bangalore),BMTC,33452,Kenchanapura,48,5
Bengaluru (Bangalore),BMTC,22161,Kenchanapura Cross,809,43
Bengaluru (Bangalore),BMTC,22162,Kenchanapura Cross,1148,59
Bengaluru (Bangalore),BMTC,23854,Kencharayana Doddy,17,4
Bengaluru (Bangalore),BMTC,24150,Kencharayana Doddy,18,5
Bengaluru (Bangalore),BMTC,35359,Kendriya Sadana Koramangala,329,32
Bengaluru (Bangalore),BMTC,22163,Kendriya Vidyalaya,444,48
Bengaluru (Bangalore),BMTC,22164,Kendriya Vidyalaya,422,39
Bengaluru (Bangalore),BMTC,31011,Kendriya Vidyalaya ASC Center,342,76
Bengaluru (Bangalore),BMTC,31012,Kendriya Vidyalaya DRDO Quarters,2,2
Bengaluru (Bangalore),BMTC,38908,Kendriya Vidyalaya Halasuru (MEGC),4,3
Bengaluru (Bangalore),BMTC,33453,Kendriya Vihara,567,130
Bengaluru (Bangalore),BMTC,33454,Kendriya Vihara,576,134
Bengaluru (Bangalore),BMTC,31017,Kendriya Vihara Yelahanka,3,3
Bengaluru (Bangalore),BMTC,33456,Kengal Dabaspete,1,1
Bengaluru (Bangalore),BMTC,30996,Kengal Kempohalli,27,4
Bengaluru (Bangalore),BMTC,33446,Kengal Kempohalli,27,5
Bengaluru (Bangalore),BMTC,31021,Kenganahalli,12,4
Bengaluru (Bangalore),BMTC,33457,Kenganahalli,13,5
Bengaluru (Bangalore),BMTC,24732,Kenganahalli Cross,17,7
Bengaluru (Bangalore),BMTC,32383,Kenganahalli Cross,14,4
Bengaluru (Bangalore),BMTC,35360,Kengeri,1,1
Bengaluru (Bangalore),BMTC,36259,Kengeri,21,5
Bengaluru (Bangalore),BMTC,20925_ST,Kengeri Bus Station,0,0
Bengaluru (Bangalore),BMTC,20925,Kengeri Bus Station,677,83
Bengaluru (Bangalore),BMTC,20926,Kengeri Bus Station,197,29
Bengaluru (Bangalore),BMTC,20925_PF1,Kengeri Bus Station - Platform 1,1559,158
Bengaluru (Bangalore),BMTC,20925_PF2,Kengeri Bus Station - Platform 2,1421,16
Bengaluru (Bangalore),BMTC,20925_PF3,Kengeri Bus Station - Platform 3,735,109
Bengaluru (Bangalore),BMTC,20923,Kengeri Church,839,48
Bengaluru (Bangalore),BMTC,20924,Kengeri Church,815,46
Bengaluru (Bangalore),BMTC,31024,Kengeri Club,258,21
Bengaluru (Bangalore),BMTC,33458,Kengeri Club,107,17
Bengaluru (Bangalore),BMTC,20781,Kengeri Ganesha Temple,1005,71
Bengaluru (Bangalore),BMTC,20782,Kengeri Ganesha Temple,1027,71
Bengaluru (Bangalore),BMTC,22525,Kengeri Metro Station,549,134
Bengaluru (Bangalore),BMTC,38620,Kengeri Metro Station,558,126
Bengaluru (Bangalore),BMTC,21094,Kengeri Police Station,1623,201
Bengaluru (Bangalore),BMTC,21095,Kengeri Police Station,1604,216
Bengaluru (Bangalore),BMTC,21110,Kengeri Railway Station,845,51
Bengaluru (Bangalore),BMTC,21111,Kengeri Railway Station,819,50
Bengaluru (Bangalore),BMTC,22167,Kengeri Satellite Town,845,51
Bengaluru (Bangalore),BMTC,22168,Kengeri Satellite Town,819,50
Bengaluru (Bangalore),BMTC,21555,Kengunte Circle (IIPM),119,12
Bengaluru (Bangalore),BMTC,22169,Kengunte Circle (IIPM),856,47
Bengaluru (Bangalore),BMTC,22170,Kengunte Circle (IIPM),741,44
Bengaluru (Bangalore),BMTC,22171,Kengunte Circle (IIPM),502,41
Bengaluru (Bangalore),BMTC,31030,Kenjiganahalli,2,2
Bengaluru (Bangalore),BMTC,33461,Kenjiganahalli,2,2
Bengaluru (Bangalore),BMTC,31032,Kere Devasthana,12,6
Bengaluru (Bangalore),BMTC,33462,Kere Devasthana,12,6
Bengaluru (Bangalore),BMTC,31036,Kere Guddadahalli,1,1
Bengaluru (Bangalore),BMTC,33463,Kere Guddadahalli,114,13
Bengaluru (Bangalore),BMTC,33464,Kere Guddadahalli,199,24
Bengaluru (Bangalore),BMTC,33465,Kere Guddadahalli,1,1
Bengaluru (Bangalore),BMTC,31038,Kere Kattiganuru,2,1
Bengaluru (Bangalore),BMTC,33466,Kere Kattiganuru,2,1
Bengaluru (Bangalore),BMTC,30894,Kere Kattiganuru Gate,29,5
Bengaluru (Bangalore),BMTC,33391,Kere Kattiganuru Gate,27,5
Bengaluru (Bangalore),BMTC,39051,Kerekodi Junction,3,2
Bengaluru (Bangalore),BMTC,39052,Kerekodi Junction,1,1
Bengaluru (Bangalore),BMTC,31044,Kerekodi Sondekoppa,99,16
Bengaluru (Bangalore),BMTC,33469,Kerekodi Sondekoppa,98,17
Bengaluru (Bangalore),BMTC,31046,Kerekodi Thyamagondlu,16,5
Bengaluru (Bangalore),BMTC,33470,Kerekodi Thyamagondlu,11,4
Bengaluru (Bangalore),BMTC,31048,Kesaraguppe,18,7
Bengaluru (Bangalore),BMTC,33471,Kesaraguppe,16,6
Bengaluru (Bangalore),BMTC,31050,Kethaganahalli,2,1
Bengaluru (Bangalore),BMTC,33472,Kethaganahalli,5,2
Bengaluru (Bangalore),BMTC,31052,Kethohalli,86,32
Bengaluru (Bangalore),BMTC,33473,Kethohalli,95,36
Bengaluru (Bangalore),BMTC,31063,Khaji Hosahalli,2,2
Bengaluru (Bangalore),BMTC,33478,Khaji Hosahalli,12,6
Bengaluru (Bangalore),BMTC,31065,Khaji Sonnenahalli,14,3
Bengaluru (Bangalore),BMTC,33479,Khaji Sonnenahalli,15,3
Bengaluru (Bangalore),BMTC,22174,Khaji Sonnenahalli Gate,256,34
Bengaluru (Bangalore),BMTC,22175,Khaji Sonnenahalli Gate,177,32
Bengaluru (Bangalore),BMTC,31085,Kidwai Layout,46,5
Bengaluru (Bangalore),BMTC,33489,Kidwai Layout,49,5
Bengaluru (Bangalore),BMTC,39364,Kiranagere Gate,37,6
Bengaluru (Bangalore),BMTC,39365,Kiranagere Gate,37,6
Bengaluru (Bangalore),BMTC,31087,Kirloskar Badavane,2,1
Bengaluru (Bangalore),BMTC,33490,Kirloskar Badavane,4,2
Bengaluru (Bangalore),BMTC,39697,Kirloskar Business Park,1,1
Bengaluru (Bangalore),BMTC,31089,Kirloskar Company,28,2
Bengaluru (Bangalore),BMTC,33491,Kirloskar Company,176,4
Bengaluru (Bangalore),BMTC,31092,Kirloskar Factory,16,5
Bengaluru (Bangalore),BMTC,33492,Kirloskar Factory,10,3
Bengaluru (Bangalore),BMTC,39753,Kithaganur Gram Panchayathi office,25,4
Bengaluru (Bangalore),BMTC,39754,Kithaganur Gram Panchayathi office,23,3
Bengaluru (Bangalore),BMTC,31094,Kithiganahalli,15,5
Bengaluru (Bangalore),BMTC,33493,Kithiganahalli,14,6
Bengaluru (Bangalore),BMTC,39810,Kittaganahalli Aswathakatte,15,5
Bengaluru (Bangalore),BMTC,39811,Kittaganahalli Aswathakatte,14,6
Bengaluru (Bangalore),BMTC,39808,Kittaganahalli Government School,15,5
Bengaluru (Bangalore),BMTC,39809,Kittaganahalli Government School,14,6
Bengaluru (Bangalore),BMTC,31096,Kittaganuru,20,4
Bengaluru (Bangalore),BMTC,33494,Kittaganuru,40,6
Bengaluru (Bangalore),BMTC,31098,Kittaganuru Cross,32,7
Bengaluru (Bangalore),BMTC,33495,Kittaganuru Cross,32,6
Bengaluru (Bangalore),BMTC,31100,Kittanahalli,46,9
Bengaluru (Bangalore),BMTC,33496,Kittanahalli,53,13
Bengaluru (Bangalore),BMTC,39569,Kittanahalli,5,1
Bengaluru (Bangalore),BMTC,39570,Kittanahalli,7,2
Bengaluru (Bangalore),BMTC,31102,Kittanahalli Palya,2,1
Bengaluru (Bangalore),BMTC,33497,Kittanahalli Palya,2,1
Bengaluru (Bangalore),BMTC,31155,KodIhalli,4,2
Bengaluru (Bangalore),BMTC,31112,Kodagalahatti,12,4
Bengaluru (Bangalore),BMTC,33503,Kodagalahatti,8,4
Bengaluru (Bangalore),BMTC,33504,Kodagi Bommanahalli,1,1
Bengaluru (Bangalore),BMTC,31118,Kodalagurki,1,1
Bengaluru (Bangalore),BMTC,33506,Kodalagurki,1,1
Bengaluru (Bangalore),BMTC,31122,Kodalipura,5,1
Bengaluru (Bangalore),BMTC,31124,Kodandarama Temple,33,4
Bengaluru (Bangalore),BMTC,33508,Kodandarama Temple,37,2
Bengaluru (Bangalore),BMTC,31126,Kodandaramanagara,7,2
Bengaluru (Bangalore),BMTC,33509,Kodandaramanagara,7,2
Bengaluru (Bangalore),BMTC,35072,Kodathi Gate,376,60
Bengaluru (Bangalore),BMTC,35239,Kodathi Gate,370,57
Bengaluru (Bangalore),BMTC,31131,Kodathi Village,2,1
Bengaluru (Bangalore),BMTC,33511,Kodathi Village,8,5
Bengaluru (Bangalore),BMTC,34843,Kodathi Wipro,32,2
Bengaluru (Bangalore),BMTC,22698,Kodays Circle,29,21
Bengaluru (Bangalore),BMTC,31134,Kodi Basavanna Temple Banawadi,2,2
Bengaluru (Bangalore),BMTC,33512,Kodi Basavanna Temple Banawadi,3,3
Bengaluru (Bangalore),BMTC,31136,Kodichikkanahalli,37,4
Bengaluru (Bangalore),BMTC,33513,Kodichikkanahalli,39,4
Bengaluru (Bangalore),BMTC,31138,Kodichikkanahalli Cross,6,1
Bengaluru (Bangalore),BMTC,31143,Kodigehalli,2,1
Bengaluru (Bangalore),BMTC,33518,Kodigehalli,3,2
Bengaluru (Bangalore),BMTC,33516,Kodigehalli,45,6
Bengaluru (Bangalore),BMTC,33517,Kodigehalli,4,2
Bengaluru (Bangalore),BMTC,23522,Kodigehalli,84,20
Bengaluru (Bangalore),BMTC,33515,Kodigehalli,80,21
Bengaluru (Bangalore),BMTC,30348,Kodigehalli Canara Bank Colony,9,5
Bengaluru (Bangalore),BMTC,32203,Kodigehalli Canara Bank Colony,8,5
Bengaluru (Bangalore),BMTC,23527,Kodigehalli Gate,10,4
Bengaluru (Bangalore),BMTC,23528,Kodigehalli Gate,929,204
Bengaluru (Bangalore),BMTC,35129,Kodigehalli Gate,978,225
Bengaluru (Bangalore),BMTC,31149,Kodigehalli Gate,2,2
Bengaluru (Bangalore),BMTC,33521,Kodigehalli Gate,3,2
Bengaluru (Bangalore),BMTC,40033,Kodigehalli Gate,46,5
Bengaluru (Bangalore),BMTC,20931,Kodihalli,31,12
Bengaluru (Bangalore),BMTC,33522,Kodihalli,27,9
Bengaluru (Bangalore),BMTC,22180,Kodihalli,221,31
Bengaluru (Bangalore),BMTC,31156,Kodihalli,124,11
Bengaluru (Bangalore),BMTC,22178,Kodihalli,550,103
Bengaluru (Bangalore),BMTC,22179,Kodihalli,521,98
Bengaluru (Bangalore),BMTC,33523,Kodihalli,10,4
Bengaluru (Bangalore),BMTC,33524,Kodihalli,10,5
Bengaluru (Bangalore),BMTC,33525,Kodihalli,6,4
Bengaluru (Bangalore),BMTC,33505,Kodihalli Gate,10,4
Bengaluru (Bangalore),BMTC,39028,Kodihalli Motaganahalli,8,2
Bengaluru (Bangalore),BMTC,31158,Kodimanchanahalli Gate,50,8
Bengaluru (Bangalore),BMTC,33526,Kodimanchanahalli Gate,51,8
Bengaluru (Bangalore),BMTC,33527,Kodipalya,66,18
Bengaluru (Bangalore),BMTC,33528,Kodipalya,61,22
Bengaluru (Bangalore),BMTC,31167,Kodipalya,72,12
Bengaluru (Bangalore),BMTC,33534,Kodipalya,71,10
Bengaluru (Bangalore),BMTC,33532,Kodipalya,2,1
Bengaluru (Bangalore),BMTC,33533,Kodipalya,2,1
Bengaluru (Bangalore),BMTC,20932,Kodipalya,11,5
Bengaluru (Bangalore),BMTC,33529,Kodipalya,25,8
Bengaluru (Bangalore),BMTC,33530,Kodipalya,56,17
Bengaluru (Bangalore),BMTC,33531,Kodipalya,39,8
Bengaluru (Bangalore),BMTC,31169,Kodipalya Cross T Begur,1,1
Bengaluru (Bangalore),BMTC,22112,Kodipalya Gate/Gollahallii Jn,550,23
Bengaluru (Bangalore),BMTC,22113,Kodipalya Gate/Gollahallii Jn,529,27
Bengaluru (Bangalore),BMTC,31171,Kodiyala,19,7
Bengaluru (Bangalore),BMTC,33536,Kodiyala,17,6
Bengaluru (Bangalore),BMTC,36765,Koduru,1,1
Bengaluru (Bangalore),BMTC,36766,Koduru,1,1
Bengaluru (Bangalore),BMTC,22181,Kogilu,550,45
Bengaluru (Bangalore),BMTC,22182,Kogilu,525,43
Bengaluru (Bangalore),BMTC,22183,Kogilu Cross,550,45
Bengaluru (Bangalore),BMTC,22184,Kogilu Cross,769,136
Bengaluru (Bangalore),BMTC,22185,Kogilu Cross,525,43
Bengaluru (Bangalore),BMTC,31172,Kogilu Cross,783,138
Bengaluru (Bangalore),BMTC,39272,Kogilu Cross FLY,379,17
Bengaluru (Bangalore),BMTC,39273,Kogilu Cross FLY,363,17
Bengaluru (Bangalore),BMTC,20933,Kohinoor Ground,267,31
Bengaluru (Bangalore),BMTC,31175,Kolathuru,1,1
Bengaluru (Bangalore),BMTC,33538,Kolathuru Gate,25,8
Bengaluru (Bangalore),BMTC,33539,Kolathuru Gate,25,8
Bengaluru (Bangalore),BMTC,31179,Kolathuru Gate,2,1
Bengaluru (Bangalore),BMTC,33540,Kolathuru Gate,7,2
Bengaluru (Bangalore),BMTC,31183,Koli Farm,2,2
Bengaluru (Bangalore),BMTC,33543,Koli Farm,3,2
Bengaluru (Bangalore),BMTC,22186,Koli Farm,481,43
Bengaluru (Bangalore),BMTC,22187,Koli Farm,471,41
Bengaluru (Bangalore),BMTC,33541,Koli Farm,12,5
Bengaluru (Bangalore),BMTC,33542,Koli Farm,5,2
Bengaluru (Bangalore),BMTC,33544,Koli Farm Gate,2,1
Bengaluru (Bangalore),BMTC,33545,Koli Farm Gate,2,2
Bengaluru (Bangalore),BMTC,35093,Koli Farm Gate,627,93
Bengaluru (Bangalore),BMTC,35133,Koli Farm Gate,620,94
Bengaluru (Bangalore),BMTC,35134,Koli Farm Gate,221,16
Bengaluru (Bangalore),BMTC,35245,Koli Farm Gate,214,18
Bengaluru (Bangalore),BMTC,31189,Kolipura,4,3
Bengaluru (Bangalore),BMTC,33547,Kolipura,5,2
Bengaluru (Bangalore),BMTC,31191,Kolliganahalli,6,5
Bengaluru (Bangalore),BMTC,33548,Kolliganahalli,3,3
Bengaluru (Bangalore),BMTC,31193,Koluru,12,5
Bengaluru (Bangalore),BMTC,33549,Koluru,13,7
Bengaluru (Bangalore),BMTC,31195,Koluvarayanahalli,8,6
Bengaluru (Bangalore),BMTC,33550,Koluvarayanahalli,10,7
Bengaluru (Bangalore),BMTC,31197,Kommaghatta,74,9
Bengaluru (Bangalore),BMTC,33551,Kommaghatta,76,8
Bengaluru (Bangalore),BMTC,39414,Kommaghatta BDA Apartment,9,6
Bengaluru (Bangalore),BMTC,20882,Kommaghatta Junction,1028,72
Bengaluru (Bangalore),BMTC,20883,Kommaghatta Junction,1005,71
Bengaluru (Bangalore),BMTC,31199,Kommasandra,1,1
Bengaluru (Bangalore),BMTC,33552,Kommasandra,2,2
Bengaluru (Bangalore),BMTC,33303,Kommasandra Gate,45,14
Bengaluru (Bangalore),BMTC,33304,Kommasandra Gate,47,12
Bengaluru (Bangalore),BMTC,22188,Konanakunte,430,47
Bengaluru (Bangalore),BMTC,22189,Konanakunte,420,45
Bengaluru (Bangalore),BMTC,22190,Konanakunte Cross,620,126
Bengaluru (Bangalore),BMTC,22191,Konanakunte Cross,662,133
Bengaluru (Bangalore),BMTC,33557,Konanakunte Cross,202,8
Bengaluru (Bangalore),BMTC,35374,Konanakunte Cross,9,6
Bengaluru (Bangalore),BMTC,35993,Konanakunte Cross,9,6
Bengaluru (Bangalore),BMTC,39690,Konanakunte Cross,240,9
Bengaluru (Bangalore),BMTC,38358,Konanakunte Cross Metro Station,364,97
Bengaluru (Bangalore),BMTC,38359,Konanakunte Cross Metro Station,377,103
Bengaluru (Bangalore),BMTC,20934,Konappana Agarhara,271,31
Bengaluru (Bangalore),BMTC,20935,Konappana Agarhara (Electronic City Metro Station),1242,174
Bengaluru (Bangalore),BMTC,22192,Konappana Agarhara (Electronic City Metro Station),949,133
Bengaluru (Bangalore),BMTC,35380,Konappana Agarhara Flyover,59,8
Bengaluru (Bangalore),BMTC,35791,Konappana Agrahara,48,7
Bengaluru (Bangalore),BMTC,35792,Konappana Agrahara Flyover,96,13
Bengaluru (Bangalore),BMTC,33560,Konasandra,6,1
Bengaluru (Bangalore),BMTC,31213,Konasandra,25,7
Bengaluru (Bangalore),BMTC,33561,Konasandra,26,9
Bengaluru (Bangalore),BMTC,33562,Konasandra Cross,2,1
Bengaluru (Bangalore),BMTC,33563,Konasandra Cross,25,6
Bengaluru (Bangalore),BMTC,31217,Konasandra Cross,72,12
Bengaluru (Bangalore),BMTC,33564,Konasandra Cross,71,10
Bengaluru (Bangalore),BMTC,31219,Konasandra Gate,12,2
Bengaluru (Bangalore),BMTC,33565,Konasandra Gate,16,2
Bengaluru (Bangalore),BMTC,31221,Kondappanahalli,1,1
Bengaluru (Bangalore),BMTC,31223,Kondashettyhalli,5,2
Bengaluru (Bangalore),BMTC,33567,Kondashettyhalli,5,2
Bengaluru (Bangalore),BMTC,31225,Kondenahalli,1,1
Bengaluru (Bangalore),BMTC,33568,Kondenahalli,1,1
Bengaluru (Bangalore),BMTC,28389,Kondenahalli Gate,36,4
Bengaluru (Bangalore),BMTC,33624,Kondenahalli Gate,3,2
Bengaluru (Bangalore),BMTC,22193,Konena Agrahara,546,102
Bengaluru (Bangalore),BMTC,22194,Konena Agrahara,518,97
Bengaluru (Bangalore),BMTC,31312,Koodasiddanapalya,6,4
Bengaluru (Bangalore),BMTC,33606,Koodasiddanapalya,8,6
Bengaluru (Bangalore),BMTC,24148,Koppa,25,3
Bengaluru (Bangalore),BMTC,24335,Koppa,25,3
Bengaluru (Bangalore),BMTC,24081,Koppa Gate,330,57
Bengaluru (Bangalore),BMTC,24229,Koppa Gate,311,60
Bengaluru (Bangalore),BMTC,24334,Koppa Gate,32,6
Bengaluru (Bangalore),BMTC,31228,Koraluru,36,19
Bengaluru (Bangalore),BMTC,33569,Koraluru,35,19
Bengaluru (Bangalore),BMTC,31230,Koraluru Railway Gate,35,19
Bengaluru (Bangalore),BMTC,33570,Koraluru Railway Gate,36,20
Bengaluru (Bangalore),BMTC,31234,Koramangala,2,2
Bengaluru (Bangalore),BMTC,33573,Koramangala,1,1
Bengaluru (Bangalore),BMTC,22892,Koramangala 1st Block,468,62
Bengaluru (Bangalore),BMTC,23894,Koramangala 1st Block,447,63
Bengaluru (Bangalore),BMTC,31235,Koramangala Bus Station,160,8
Bengaluru (Bangalore),BMTC,35100,Koramangala Bus Station,298,36
Bengaluru (Bangalore),BMTC,35267,Koramangala Bus Station,281,40
Bengaluru (Bangalore),BMTC,23595,Koramangala Kalyana Mantapa,139,11
Bengaluru (Bangalore),BMTC,23594,Koramangala Police Station,139,11
Bengaluru (Bangalore),BMTC,24073,Koramangala Police Station,133,16
Bengaluru (Bangalore),BMTC,21275,Koramangala Water Tank,1165,182
Bengaluru (Bangalore),BMTC,22616,Koramangala Water Tank,336,38
Bengaluru (Bangalore),BMTC,22617,Koramangala Water Tank,360,36
Bengaluru (Bangalore),BMTC,23383,Koramangala Water Tank,226,44
Bengaluru (Bangalore),BMTC,24309,Koratagere Doddy,11,6
Bengaluru (Bangalore),BMTC,31236,Koratagere Doddy,9,5
Bengaluru (Bangalore),BMTC,31238,KoratagereDoddy Bannerughatta,2,1
Bengaluru (Bangalore),BMTC,33574,KoratagereDoddy Bannerughatta,2,2
Bengaluru (Bangalore),BMTC,31240,Korathi,2,1
Bengaluru (Bangalore),BMTC,33575,Korathi,2,1
Bengaluru (Bangalore),BMTC,31242,Koshys Hospital Kalkere,65,10
Bengaluru (Bangalore),BMTC,33576,Koshys Hospital Kalkere,63,9
Bengaluru (Bangalore),BMTC,31244,Kotalammana Devasthana,1,1
Bengaluru (Bangalore),BMTC,33577,Kotalammana Devasthana,1,1
Bengaluru (Bangalore),BMTC,33578,Kothaganahalli,4,1
Bengaluru (Bangalore),BMTC,23457,Kothanur Dinne Water Tank,220,16
Bengaluru (Bangalore),BMTC,23469,Kothanur Dinne Water Tank,216,17
Bengaluru (Bangalore),BMTC,40634,Kothanur Police Station,205,58
Bengaluru (Bangalore),BMTC,40635,Kothanur Police Station,203,55
Bengaluru (Bangalore),BMTC,22195,Kothanuru,273,66
Bengaluru (Bangalore),BMTC,22196,Kothanuru,271,64
Bengaluru (Bangalore),BMTC,23456,Kothanuru Dinne Ganesha Temple,220,16
Bengaluru (Bangalore),BMTC,23470,Kothanuru Dinne Ganesha Temple,216,17
Bengaluru (Bangalore),BMTC,31248,Kothanuru Hari Nagara,30,5
Bengaluru (Bangalore),BMTC,33579,Kothanuru Hari Nagara,6,2
Bengaluru (Bangalore),BMTC,31250,Kotiganahalli,7,3
Bengaluru (Bangalore),BMTC,33580,Kotiganahalli,7,3
Bengaluru (Bangalore),BMTC,31251,Kottanayakana halli,144,20
Bengaluru (Bangalore),BMTC,20936,Kottigepalya,1514,183
Bengaluru (Bangalore),BMTC,20937,Kottigepalya,1539,198
Bengaluru (Bangalore),BMTC,35292,Kotur,20,3
Bengaluru (Bangalore),BMTC,24205,Kotur Gate,45,11
Bengaluru (Bangalore),BMTC,24207,Kotur Gate,53,13
Bengaluru (Bangalore),BMTC,31254,Koyira,3,2
Bengaluru (Bangalore),BMTC,33581,Koyira,3,2
Bengaluru (Bangalore),BMTC,23446,Kranthiveera Sangolli Rayanna Railway Station,3,1
Bengaluru (Bangalore),BMTC,31264,Krishna Garden BHEL Layout,4,1
Bengaluru (Bangalore),BMTC,33584,Krishna Garden BHEL Layout,4,1
Bengaluru (Bangalore),BMTC,33585,Krishnananda Nagara,277,19
Bengaluru (Bangalore),BMTC,33586,Krishnananda Nagara,287,18
Bengaluru (Bangalore),BMTC,31269,Krishnananda Nagara 2nd Stage,11,3
Bengaluru (Bangalore),BMTC,33587,Krishnananda Nagara 2nd Stage,15,3
Bengaluru (Bangalore),BMTC,33589,Krishnasagara,14,4
Bengaluru (Bangalore),BMTC,33590,Krishnasagara,11,3
Bengaluru (Bangalore),BMTC,39396,Krishnasagara,4,1
Bengaluru (Bangalore),BMTC,31273,Krishnasagara,52,7
Bengaluru (Bangalore),BMTC,33588,Krishnasagara,51,5
Bengaluru (Bangalore),BMTC,31275,Krishnayyana Doddy,22,5
Bengaluru (Bangalore),BMTC,33591,Krishnayyana Doddy,19,6
Bengaluru (Bangalore),BMTC,31277,Krishnayyana Palya NGEF,7,7
Bengaluru (Bangalore),BMTC,33592,Krishnayyana Palya NGEF,3,3
Bengaluru (Bangalore),BMTC,38698,Krishnayyana Palya NGEF,2,2
Bengaluru (Bangalore),BMTC,31279,Kristu Jayanti College,26,7
Bengaluru (Bangalore),BMTC,33593,Kristu Jayanti College,28,7
Bengaluru (Bangalore),BMTC,20947,Krupanidhi College,1257,174
Bengaluru (Bangalore),BMTC,38768,Krupanidhi College Gunjur Road,3,2
Bengaluru (Bangalore),BMTC,38769,Krupanidhi College Gunjur Road,4,2
Bengaluru (Bangalore),BMTC,40340,Kudiyanuru,6,1
Bengaluru (Bangalore),BMTC,31294,Kudlu,7,4
Bengaluru (Bangalore),BMTC,33599,Kudlu,7,2
Bengaluru (Bangalore),BMTC,40480,Kudlu,21,2
Bengaluru (Bangalore),BMTC,40481,Kudlu,22,2
Bengaluru (Bangalore),BMTC,20950,Kudlu Gate,1071,146
Bengaluru (Bangalore),BMTC,20951,Kudlu Gate,1097,157
Bengaluru (Bangalore),BMTC,31295,Kudlu Gate,29,3
Bengaluru (Bangalore),BMTC,36697,Kudlu Gate,38,5
Bengaluru (Bangalore),BMTC,35797,Kudlu Gate Flyover,91,11
Bengaluru (Bangalore),BMTC,35798,Kudlu Gate Flyover,96,13
Bengaluru (Bangalore),BMTC,34816,Kudlu Panchayath Office,59,10
Bengaluru (Bangalore),BMTC,35381,Kudlu Panchayath Office,52,10
Bengaluru (Bangalore),BMTC,36696,Kudlu Slum Board,4,2
Bengaluru (Bangalore),BMTC,20952,Kudure Mukha Colony,1500,219
Bengaluru (Bangalore),BMTC,23333,Kudure Mukha Colony,251,45
Bengaluru (Bangalore),BMTC,31302,Kuduregere Colony,8,4
Bengaluru (Bangalore),BMTC,31304,Kuduregere Cross,6,3
Bengaluru (Bangalore),BMTC,38157,Kuduregere Gate,2,2
Bengaluru (Bangalore),BMTC,38158,Kuduregere Gate,1,1
Bengaluru (Bangalore),BMTC,31308,Kuduregere Madanayakanahalli,13,6
Bengaluru (Bangalore),BMTC,33604,Kuduregere Madanayakanahalli,20,5
Bengaluru (Bangalore),BMTC,31310,Kudurugere Colony,30,6
Bengaluru (Bangalore),BMTC,33605,Kudurugere Colony,38,6
Bengaluru (Bangalore),BMTC,31314,Kuguru,5,2
Bengaluru (Bangalore),BMTC,33607,Kuguru,7,3
Bengaluru (Bangalore),BMTC,31316,Kuguru Gate,8,4
Bengaluru (Bangalore),BMTC,33608,Kuguru Gate,9,4
Bengaluru (Bangalore),BMTC,39830,Kukkanahalli Cross,7,3
Bengaluru (Bangalore),BMTC,39831,Kukkanahalli Cross,7,2
Bengaluru (Bangalore),BMTC,22210,Kullappa Circle,81,10
Bengaluru (Bangalore),BMTC,31318,Kullegowdanapalya,4,3
Bengaluru (Bangalore),BMTC,31387,Kullegowdanapalya 1,3,2
Bengaluru (Bangalore),BMTC,31320,Kullegowdanapalya Cross,3,2
Bengaluru (Bangalore),BMTC,33609,Kullegowdanapalya Cross,2,1
Bengaluru (Bangalore),BMTC,31322,Kulume Kempanahalli,1,1
Bengaluru (Bangalore),BMTC,31324,Kulumepalya,2,1
Bengaluru (Bangalore),BMTC,33611,Kulumepalya,2,1
Bengaluru (Bangalore),BMTC,31326,Kuluvanahalli Tumakur Road,56,7
Bengaluru (Bangalore),BMTC,33612,Kuluvanahalli Tumakur Road,55,7
Bengaluru (Bangalore),BMTC,22211,Kumaraswamy Layout,124,21
Bengaluru (Bangalore),BMTC,22212,Kumaraswamy Layout,120,18
Bengaluru (Bangalore),BMTC,38355,Kumaraswamy Layout 2nd Stage,77,3
Bengaluru (Bangalore),BMTC,22213,Kumaraswamy Layout Police Station,124,21
Bengaluru (Bangalore),BMTC,22214,Kumaraswamy Layout Police Station,119,17
Bengaluru (Bangalore),BMTC,31330,Kumaraswamy Layout West,46,2
Bengaluru (Bangalore),BMTC,20954,Kumbalagodu,446,92
Bengaluru (Bangalore),BMTC,35432,Kumbalagodu,454,77
Bengaluru (Bangalore),BMTC,31334,Kumbalagunte Cross,13,6
Bengaluru (Bangalore),BMTC,33616,Kumbalagunte Cross,10,7
Bengaluru (Bangalore),BMTC,31336,Kumbalahalli,3,1
Bengaluru (Bangalore),BMTC,33617,Kumbalahalli,3,1
Bengaluru (Bangalore),BMTC,31341,Kumbarahalli,13,4
Bengaluru (Bangalore),BMTC,33620,Kumbarahalli Cross,42,10
Bengaluru (Bangalore),BMTC,33622,Kumbarahalli Cross,40,10
Bengaluru (Bangalore),BMTC,31344,Kumbarahalli Cross,5,2
Bengaluru (Bangalore),BMTC,31388,Kumbarahalli Cross,1,1
Bengaluru (Bangalore),BMTC,24090,Kumbaranahalli,146,17
Bengaluru (Bangalore),BMTC,24219,Kumbaranahalli,120,12
Bengaluru (Bangalore),BMTC,20955,Kundalahalli,593,24
Bengaluru (Bangalore),BMTC,20956,Kundalahalli,574,25
Bengaluru (Bangalore),BMTC,20957,Kundalahalli Colony,593,24
Bengaluru (Bangalore),BMTC,20958,Kundalahalli Colony,574,25
Bengaluru (Bangalore),BMTC,20959,Kundalahalli Gate,955,97
Bengaluru (Bangalore),BMTC,20960,Kundalahalli Gate,593,27
Bengaluru (Bangalore),BMTC,22215,Kundalahalli Gate,433,76
Bengaluru (Bangalore),BMTC,38798,Kundalahalli Metro Station,578,24
Bengaluru (Bangalore),BMTC,38799,Kundalahalli Metro Station,589,24
Bengaluru (Bangalore),BMTC,28391,Kundalapura,14,6
Bengaluru (Bangalore),BMTC,33625,Kundalapura,6,4
Bengaluru (Bangalore),BMTC,40614,Kundalapura,5,1
Bengaluru (Bangalore),BMTC,28393,Kundana,2,2
Bengaluru (Bangalore),BMTC,33626,Kundana,2,2
Bengaluru (Bangalore),BMTC,28395,Kundana Circle,6,5
Bengaluru (Bangalore),BMTC,33627,Kundana Circle,4,4
Bengaluru (Bangalore),BMTC,28397,Kundana Cross,2,2
Bengaluru (Bangalore),BMTC,33628,Kundana Cross,6,5
Bengaluru (Bangalore),BMTC,28402,Kuppa SiddanaDoddy,15,3
Bengaluru (Bangalore),BMTC,33630,Kuppa SiddanaDoddy,19,3
Bengaluru (Bangalore),BMTC,22216,Kuppareddy Kere,283,73
Bengaluru (Bangalore),BMTC,22217,Kuppareddy Kere,301,80
Bengaluru (Bangalore),BMTC,28404,Kuppemala,4,3
Bengaluru (Bangalore),BMTC,33631,Kuppemala,6,4
Bengaluru (Bangalore),BMTC,28410,Kurubara Karenahalli,10,8
Bengaluru (Bangalore),BMTC,33634,Kurubara Karenahalli,7,3
Bengaluru (Bangalore),BMTC,33635,Kurubarahalli,183,11
Bengaluru (Bangalore),BMTC,33636,Kurubarahalli,152,10
Bengaluru (Bangalore),BMTC,28414,Kurubarahalli,1,1
Bengaluru (Bangalore),BMTC,33637,Kurubarahalli,1,1
Bengaluru (Bangalore),BMTC,28417,Kurubarahalli Cross,21,11
Bengaluru (Bangalore),BMTC,33638,Kurubarahalli Cross,77,16
Bengaluru (Bangalore),BMTC,33639,Kurubarahalli Cross,92,21
Bengaluru (Bangalore),BMTC,22826,Kurubarakunte Cross (Narsari),49,5
Bengaluru (Bangalore),BMTC,22827,Kurubarakunte Cross (Narsari),49,5
Bengaluru (Bangalore),BMTC,28419,Kurubarapalya,29,12
Bengaluru (Bangalore),BMTC,33640,Kurubarapalya,24,8
Bengaluru (Bangalore),BMTC,28421,Kurubarapalya Cross,31,15
Bengaluru (Bangalore),BMTC,33641,Kurubarapalya Cross,28,13
Bengaluru (Bangalore),BMTC,28423,Kurudu Sonnenahalli,18,2
Bengaluru (Bangalore),BMTC,33642,Kurudu Sonnenahalli,17,2
Bengaluru (Bangalore),BMTC,38672,Kurudu Sonnenahalli Cross,18,2
Bengaluru (Bangalore),BMTC,38673,Kurudu Sonnenahalli Cross,17,2
Bengaluru (Bangalore),BMTC,24028,Kutaganahalli Cross,13,6
Bengaluru (Bangalore),BMTC,24033,Kutaganahalli Cross,17,7
Bengaluru (Bangalore),BMTC,24030,Kuthaganahalli,9,3
Bengaluru (Bangalore),BMTC,24031,Kuthaganahalli,9,3
Bengaluru (Bangalore),BMTC,33643,Kuvempu Circle,236,32
Bengaluru (Bangalore),BMTC,33644,Kuvempu Circle,213,22
Bengaluru (Bangalore),BMTC,20961,Kuvempu Circle,674,73
Bengaluru (Bangalore),BMTC,20962,Kuvempu Circle,713,78
Bengaluru (Bangalore),BMTC,28426,Kuvempu Circle,146,15
Bengaluru (Bangalore),BMTC,31389,Kuvempu Circle,145,12
Bengaluru (Bangalore),BMTC,28428,Kuvempunagara,45,14
Bengaluru (Bangalore),BMTC,33645,Kuvempunagara,42,13
Bengaluru (Bangalore),BMTC,35825,Kuvempunagara,7,2
Bengaluru (Bangalore),BMTC,35826,Kuvempunagara,7,2
Bengaluru (Bangalore),BMTC,20687,Kuvempunagara ( BTM Layout),853,66
Bengaluru (Bangalore),BMTC,29402,Kuvempunagara 2nd stage,42,13
Bengaluru (Bangalore),BMTC,35591,Kuvempunagara 2nd stage,45,14
Bengaluru (Bangalore),BMTC,20686,Kuvempunagara Bus Station(BTM Layout),880,68
Bengaluru (Bangalore),BMTC,35932,Kuvempunagara Bus station (BTM Layout),298,12
Bengaluru (Bangalore),BMTC,35234,Kyalasanahalli,8,2
Bengaluru (Bangalore),BMTC,28432,Kyalasanahalli,67,12
Bengaluru (Bangalore),BMTC,33646,Kyalasanahalli,81,16
Bengaluru (Bangalore),BMTC,28434,Kyalasanahalli Cross,4,2
Bengaluru (Bangalore),BMTC,33647,Kyalasanahalli Cross,4,1
Bengaluru (Bangalore),BMTC,40396,Kyathsandra Bus Stand,36,3
Bengaluru (Bangalore),BMTC,40397,Kyathsandra Bus Stand,33,3
Bengaluru (Bangalore),BMTC,28436,L and T Factory Doddaballapura,43,2
Bengaluru (Bangalore),BMTC,33648,L and T Factory Doddaballapura,42,2
Bengaluru (Bangalore),BMTC,38985,LAKE VIEW appartment near beedi colony,2,1
Bengaluru (Bangalore),BMTC,28523,LG Godown,10,4
Bengaluru (Bangalore),BMTC,33697,LG Godown,14,5
Bengaluru (Bangalore),BMTC,28556,LR Bande,7,3
Bengaluru (Bangalore),BMTC,33711,LR Bande,5,2
Bengaluru (Bangalore),BMTC,39074,LTG Aishwarya,16,6
Bengaluru (Bangalore),BMTC,39075,LTG Aishwarya,15,5
Bengaluru (Bangalore),BMTC,39076,LTG Indraprastha,15,5
Bengaluru (Bangalore),BMTC,39077,LTG Indraprastha,16,6
Bengaluru (Bangalore),BMTC,28439,Laggere Bridge,796,54
Bengaluru (Bangalore),BMTC,33650,Laggere Bridge,796,60
Bengaluru (Bangalore),BMTC,28442,Laggere Cross,251,21
Bengaluru (Bangalore),BMTC,33651,Laggere Cross,366,23
Bengaluru (Bangalore),BMTC,33652,Laggere Cross,264,17
Bengaluru (Bangalore),BMTC,28443,Laggere New Bus Stand,441,21
Bengaluru (Bangalore),BMTC,28445,Lagumenahalli Circle,4,1
Bengaluru (Bangalore),BMTC,28448,Lagumenahalli Cross,23,5
Bengaluru (Bangalore),BMTC,33654,Lagumenahalli Cross,25,5
Bengaluru (Bangalore),BMTC,28452,Lake Side Hospital,1,1
Bengaluru (Bangalore),BMTC,23517,Lakeshore Garden,11,3
Bengaluru (Bangalore),BMTC,24118,Lakeshore Garden,3,2
Bengaluru (Bangalore),BMTC,28455,Lakkaiahana Doddy,3,3
Bengaluru (Bangalore),BMTC,28456,Lakkaiahanapalya,1,1
Bengaluru (Bangalore),BMTC,28458,Lakkaiahnapalya,13,7
Bengaluru (Bangalore),BMTC,33659,Lakkaiahnapalya,12,5
Bengaluru (Bangalore),BMTC,31390,Lakkaiahnapalya 1,1,1
Bengaluru (Bangalore),BMTC,20965,Lakkasandra,1767,252
Bengaluru (Bangalore),BMTC,20966,Lakkasandra,1655,251
Bengaluru (Bangalore),BMTC,38439,Lakkasandra,3,3
Bengaluru (Bangalore),BMTC,28460,Lakkasandra Cross T Beguru,1,1
Bengaluru (Bangalore),BMTC,28462,Lakkenahalli Cross,2,2
Bengaluru (Bangalore),BMTC,33661,Lakkenahalli Cross,1,1
Bengaluru (Bangalore),BMTC,28464,Lakkenahalli Junction Sondekoppa Road,93,15
Bengaluru (Bangalore),BMTC,33662,Lakkenahalli Junction Sondekoppa Road,92,16
Bengaluru (Bangalore),BMTC,28467,Lakkondahalli,6,2
Bengaluru (Bangalore),BMTC,28469,Lakkondahalli Gate,194,13
Bengaluru (Bangalore),BMTC,33664,Lakkondahalli Gate,191,13
Bengaluru (Bangalore),BMTC,28471,Lakkondahalli Temple,194,13
Bengaluru (Bangalore),BMTC,33665,Lakkondahalli Temple,191,13
Bengaluru (Bangalore),BMTC,21558,Lakkuppe,385,65
Bengaluru (Bangalore),BMTC,21559,Lakkuppe,358,56
Bengaluru (Bangalore),BMTC,28475,Lakkur,16,8
Bengaluru (Bangalore),BMTC,33666,Lakkur,7,4
Bengaluru (Bangalore),BMTC,33667,Lakkur,2,2
Bengaluru (Bangalore),BMTC,33668,Lakkur,8,5
Bengaluru (Bangalore),BMTC,33669,Lakshmaiah Badavane,8,2
Bengaluru (Bangalore),BMTC,28480,Lakshman Rao Nagara Anepalya,10,1
Bengaluru (Bangalore),BMTC,33670,Lakshman Rao Nagara Anepalya,10,2
Bengaluru (Bangalore),BMTC,28482,Lakshmi Devastana,93,15
Bengaluru (Bangalore),BMTC,33671,Lakshmi Devastana,93,17
Bengaluru (Bangalore),BMTC,39572,Lakshmi Institution,1415,170
Bengaluru (Bangalore),BMTC,24285,Lakshmi Layout,5,1
Bengaluru (Bangalore),BMTC,24351,Lakshmi Layout,4,1
Bengaluru (Bangalore),BMTC,28484,Lakshmi Temple,49,4
Bengaluru (Bangalore),BMTC,33672,Lakshmi Temple,49,4
Bengaluru (Bangalore),BMTC,22218,Lakshmi Venkateshwara Temple,264,19
Bengaluru (Bangalore),BMTC,22219,Lakshmi Venkateshwara Temple,344,33
Bengaluru (Bangalore),BMTC,24008,Lakshmidevi Nagara,2,2
Bengaluru (Bangalore),BMTC,24009,Lakshmidevi Nagara,2,2
Bengaluru (Bangalore),BMTC,24006,Lakshmidevi Nagara Cross(Sonal Garments),2,2
Bengaluru (Bangalore),BMTC,22220,Lakshmipura,283,73
Bengaluru (Bangalore),BMTC,22221,Lakshmipura,301,80
Bengaluru (Bangalore),BMTC,22222,Lakshmipura,178,25
Bengaluru (Bangalore),BMTC,22223,Lakshmipura,163,19
Bengaluru (Bangalore),BMTC,33673,Lakshmipura,8,2
Bengaluru (Bangalore),BMTC,28496,Lakshmipura,39,2
Bengaluru (Bangalore),BMTC,33683,Lakshmipura,3,1
Bengaluru (Bangalore),BMTC,33679,Lakshmipura,11,4
Bengaluru (Bangalore),BMTC,33680,Lakshmipura,12,6
Bengaluru (Bangalore),BMTC,33674,Lakshmipura,60,16
Bengaluru (Bangalore),BMTC,33675,Lakshmipura,57,14
Bengaluru (Bangalore),BMTC,40631,Lakshmipura,21,1
Bengaluru (Bangalore),BMTC,40632,Lakshmipura,21,1
Bengaluru (Bangalore),BMTC,28500,Lakshmipura Cross,22,3
Bengaluru (Bangalore),BMTC,33684,Lakshmipura Cross,169,37
Bengaluru (Bangalore),BMTC,33685,Lakshmipura Cross,141,26
Bengaluru (Bangalore),BMTC,33686,Lakshmipura Cross,2,1
Bengaluru (Bangalore),BMTC,33687,Lakshmipura Kalkere,10,1
Bengaluru (Bangalore),BMTC,28506,Lakshmisagara,9,3
Bengaluru (Bangalore),BMTC,33690,Lakshmisagara,2,1
Bengaluru (Bangalore),BMTC,33688,Lakshmisagara,3,2
Bengaluru (Bangalore),BMTC,33689,Lakshmisagara,3,2
Bengaluru (Bangalore),BMTC,28511,Lal Bahaddur Shastri Nagara,8,1
Bengaluru (Bangalore),BMTC,33692,Lal Bahaddur Shastri Nagara,19,5
Bengaluru (Bangalore),BMTC,33693,Lal Bahaddur Shastri Nagara,19,5
Bengaluru (Bangalore),BMTC,23825,Lalbagh Hopcoms,934,182
Bengaluru (Bangalore),BMTC,23922,Lalbagh Hopcoms,703,152
Bengaluru (Bangalore),BMTC,36140,Lalbagh Hopcoms,43,8
Bengaluru (Bangalore),BMTC,36141,Lalbagh Hopcoms,4,4
Bengaluru (Bangalore),BMTC,20967,Lalbagh Main Gate,724,155
Bengaluru (Bangalore),BMTC,23666,Lalbagh Main Gate,776,161
Bengaluru (Bangalore),BMTC,23675,Lalbagh Main Gate,429,51
Bengaluru (Bangalore),BMTC,38814,Lalbagh Metro Station,253,36
Bengaluru (Bangalore),BMTC,20968,Lalbagh West Gate,113,22
Bengaluru (Bangalore),BMTC,22225,Lalbagh West Gate,363,45
Bengaluru (Bangalore),BMTC,38846,Lalbagh West Gate,31,4
Bengaluru (Bangalore),BMTC,22224,Lalbagh West Gate (Lalbagh Metro Station),422,50
Bengaluru (Bangalore),BMTC,28514,Lavanya Talkies,12,2
Bengaluru (Bangalore),BMTC,35357,Lavanya Talkies,13,3
Bengaluru (Bangalore),BMTC,28521,Leelavathi Estate,2,2
Bengaluru (Bangalore),BMTC,33696,Leelavathi Estate,2,2
Bengaluru (Bangalore),BMTC,20969,Lido Talkies,596,182
Bengaluru (Bangalore),BMTC,21235,Lido Talkies,393,131
Bengaluru (Bangalore),BMTC,22226,Lido Talkies,185,29
Bengaluru (Bangalore),BMTC,20970,Life Style (Sacred Heart School),993,244
Bengaluru (Bangalore),BMTC,28525,Lingadeera Mallsandra,4,3
Bengaluru (Bangalore),BMTC,28527,Lingadeera Mallsandra Cross,4,4
Bengaluru (Bangalore),BMTC,33698,Lingadeera Mallsandra Cross,6,5
Bengaluru (Bangalore),BMTC,28529,Lingadeeranahalli,28,3
Bengaluru (Bangalore),BMTC,33699,Lingadeeranahalli,67,8
Bengaluru (Bangalore),BMTC,29566,Lingadeeranahalli Arch,288,16
Bengaluru (Bangalore),BMTC,35437,Lingadeeranahalli Arch,320,16
Bengaluru (Bangalore),BMTC,29374,Lingadhiranahalli 10th Cross,20,1
Bengaluru (Bangalore),BMTC,28531,Linganahalli,5,4
Bengaluru (Bangalore),BMTC,33700,Linganahalli,4,4
Bengaluru (Bangalore),BMTC,28533,Linganahalli Gate,7,4
Bengaluru (Bangalore),BMTC,33701,Linganahalli Gate,4,3
Bengaluru (Bangalore),BMTC,36098,Linganahalli Gate,4,2
Bengaluru (Bangalore),BMTC,33702,Lingapura,3,2
Bengaluru (Bangalore),BMTC,33703,Lingapura,3,2
Bengaluru (Bangalore),BMTC,28537,Lingapura,20,8
Bengaluru (Bangalore),BMTC,33704,Lingapura,19,5
Bengaluru (Bangalore),BMTC,28541,Lingarajapura,2,1
Bengaluru (Bangalore),BMTC,33706,Lingarajapura,2,2
Bengaluru (Bangalore),BMTC,22227,Lingarajapura,305,86
Bengaluru (Bangalore),BMTC,22228,Lingarajapura,285,86
Bengaluru (Bangalore),BMTC,22229,Lingarajapura Bridge,308,87
Bengaluru (Bangalore),BMTC,22230,Lingarajapura Bridge,278,84
Bengaluru (Bangalore),BMTC,39334,Lingarajapura Indira Canteen,2,2
Bengaluru (Bangalore),BMTC,28545,Lingenahalli,6,6
Bengaluru (Bangalore),BMTC,33708,Lingenahalli,5,5
Bengaluru (Bangalore),BMTC,20971,Link Road,1763,266
Bengaluru (Bangalore),BMTC,28549,Lohithanagara (Nelamangala),1,1
Bengaluru (Bangalore),BMTC,33709,Lohithanagara (Nelamangala),1,1
Bengaluru (Bangalore),BMTC,28552,Lottegollahalli,5,1
Bengaluru (Bangalore),BMTC,33710,Lottegollahalli,5,1
Bengaluru (Bangalore),BMTC,35161,Loyola School,631,94
Bengaluru (Bangalore),BMTC,35231,Loyola School,627,91
Bengaluru (Bangalore),BMTC,36211,Loyola School,24,10
Bengaluru (Bangalore),BMTC,39317,Lumbini International Public School,2,1
Bengaluru (Bangalore),BMTC,28518,Lurdubayi Samudaya Bhavana,795,59
Bengaluru (Bangalore),BMTC,33695,Lurdubayi Samudaya Bhavana,796,54
Bengaluru (Bangalore),BMTC,28558,M Gopahalli,7,5
Bengaluru (Bangalore),BMTC,33712,M Gopahalli,3,3
Bengaluru (Bangalore),BMTC,28560,M Hosahalli Gate,17,4
Bengaluru (Bangalore),BMTC,33713,M Hosahalli Gate,17,5
Bengaluru (Bangalore),BMTC,28562,M Karenahalli,9,4
Bengaluru (Bangalore),BMTC,33714,M Karenahalli,8,4
Bengaluru (Bangalore),BMTC,38367,M Medahalli,3,2
Bengaluru (Bangalore),BMTC,38787,M S Nagara (Thirumenahalli),193,8
Bengaluru (Bangalore),BMTC,38788,M S Nagara (Thirumenahalli),185,7
Bengaluru (Bangalore),BMTC,28564,M Sathyawara,4,2
Bengaluru (Bangalore),BMTC,33715,M Sathyawara,4,1
Bengaluru (Bangalore),BMTC,28920,MC Donald,112,2
Bengaluru (Bangalore),BMTC,33892,MC Donald,112,2
Bengaluru (Bangalore),BMTC,21013,MC Layout,355,28
Bengaluru (Bangalore),BMTC,28922,MD Block,147,2
Bengaluru (Bangalore),BMTC,33893,MD Block,1,1
Bengaluru (Bangalore),BMTC,33914,MEG Centre,28,3
Bengaluru (Bangalore),BMTC,33915,MEG Centre,35,7
Bengaluru (Bangalore),BMTC,39261,MEG Centre (KIA),17,2
Bengaluru (Bangalore),BMTC,28964,MEI Colony Laggere,252,20
Bengaluru (Bangalore),BMTC,33916,MEI Colony Laggere,254,20
Bengaluru (Bangalore),BMTC,21016,MEI Factory,1279,192
Bengaluru (Bangalore),BMTC,21017,MEI Factory,1328,218
Bengaluru (Bangalore),BMTC,28966,MEI Layout,4,2
Bengaluru (Bangalore),BMTC,33917,MEI Layout,4,2
Bengaluru (Bangalore),BMTC,28968,MEI Layout Arch,168,25
Bengaluru (Bangalore),BMTC,33918,MEI Layout Arch,500,54
Bengaluru (Bangalore),BMTC,28978,MES College Aradeshanahalli Road,11,7
Bengaluru (Bangalore),BMTC,33924,MES College Aradeshanahalli Road,12,9
Bengaluru (Bangalore),BMTC,21570,MES Road,415,36
Bengaluru (Bangalore),BMTC,21571,MES Road,353,27
Bengaluru (Bangalore),BMTC,21572,MG Road,479,65
Bengaluru (Bangalore),BMTC,23821,MG Road Metro Station,78,13
Bengaluru (Bangalore),BMTC,24045,MG Road Metro Station,262,24
Bengaluru (Bangalore),BMTC,21520,MG Statue (Chinnaswamy Stadium),505,55
Bengaluru (Bangalore),BMTC,22231,MG Statue (Chinnaswamy Stadium),111,12
Bengaluru (Bangalore),BMTC,22286,MG Statue (Chinnaswamy Stadium),71,15
Bengaluru (Bangalore),BMTC,28986,MG Statue (Chinnaswamy Stadium),3,3
Bengaluru (Bangalore),BMTC,28988,MGM School,113,42
Bengaluru (Bangalore),BMTC,33928,MGM School,105,38
Bengaluru (Bangalore),BMTC,23852,MICO Factory Junction,68,5
Bengaluru (Bangalore),BMTC,24136,MICO Factory Junction,171,11
Bengaluru (Bangalore),BMTC,24274,MICO Factory Junction,113,9
Bengaluru (Bangalore),BMTC,23598,MICO Gate Adugodi,124,8
Bengaluru (Bangalore),BMTC,24070,MICO Gate Adugodi,113,9
Bengaluru (Bangalore),BMTC,21021,MICO Layout BTM,990,79
Bengaluru (Bangalore),BMTC,21022,MICO Layout BTM,984,78
Bengaluru (Bangalore),BMTC,23575,MICO Layout Checkpost Gopalan mall,820,104
Bengaluru (Bangalore),BMTC,23873,MICO Layout Checkpost Gopalan mall,720,88
Bengaluru (Bangalore),BMTC,28990,MICO Shramajeevi Colony Arakere,8,1
Bengaluru (Bangalore),BMTC,22292,MM Industries,155,18
Bengaluru (Bangalore),BMTC,22293,MM Industries,143,14
Bengaluru (Bangalore),BMTC,29024,MM Medicals,25,3
Bengaluru (Bangalore),BMTC,22294,MN Krishna Rao Park,421,95
Bengaluru (Bangalore),BMTC,39973,MP Office Bangalore South,232,19
Bengaluru (Bangalore),BMTC,22302,MR Nursing College,263,65
Bengaluru (Bangalore),BMTC,22303,MR Nursing College,264,63
Bengaluru (Bangalore),BMTC,39108,MRB Grand Hotel,87,4
Bengaluru (Bangalore),BMTC,39109,MRB Grand Hotel,88,4
Bengaluru (Bangalore),BMTC,29048,MRV Bricks Factory,2,2
Bengaluru (Bangalore),BMTC,33955,MRV Bricks Factory,1,1
Bengaluru (Bangalore),BMTC,38026,MS Building,391,82
Bengaluru (Bangalore),BMTC,22305,MS Palya,397,50
Bengaluru (Bangalore),BMTC,33956,MS Palya,187,37
Bengaluru (Bangalore),BMTC,33957,MS Palya,469,52
Bengaluru (Bangalore),BMTC,36469,MS Palya,42,10
Bengaluru (Bangalore),BMTC,22306,MS Ramaiah College,845,101
Bengaluru (Bangalore),BMTC,22307,MS Ramaiah College,870,100
Bengaluru (Bangalore),BMTC,21029,MS Ramaiah Hospital,295,23
Bengaluru (Bangalore),BMTC,21030,MS Ramaiah Hospital,149,13
Bengaluru (Bangalore),BMTC,29054,MS Ramayya Hospital,2,2
Bengaluru (Bangalore),BMTC,33958,MS Ramayya Hospital,2,1
Bengaluru (Bangalore),BMTC,38149,MTR Hotel,56,1
Bengaluru (Bangalore),BMTC,38150,MTR Hotel,56,1
Bengaluru (Bangalore),BMTC,29152,MV Solar Dabasapete Industrial Area,24,4
Bengaluru (Bangalore),BMTC,34013,MV Solar Dabaspete Industrial Area,45,5
Bengaluru (Bangalore),BMTC,22320,MVJ College Channasandra,297,93
Bengaluru (Bangalore),BMTC,22321,MVJ College Channasandra,279,89
Bengaluru (Bangalore),BMTC,29154,MVJ Medical Hospital,49,5
Bengaluru (Bangalore),BMTC,34014,MVJ Medical Hospital,77,16
Bengaluru (Bangalore),BMTC,33716,Machanahalli Dabaspete,2,1
Bengaluru (Bangalore),BMTC,28566,Machenahalli Dabaspete,2,1
Bengaluru (Bangalore),BMTC,28568,Machohalli,16,6
Bengaluru (Bangalore),BMTC,33717,Machohalli,17,7
Bengaluru (Bangalore),BMTC,28570,Machohalli Colony,16,6
Bengaluru (Bangalore),BMTC,33718,Machohalli Colony,17,7
Bengaluru (Bangalore),BMTC,21561,Machohalli Gate,608,93
Bengaluru (Bangalore),BMTC,21562,Machohalli Gate,629,99
Bengaluru (Bangalore),BMTC,33719,Machonayakanahalli,1,1
Bengaluru (Bangalore),BMTC,28575,Madagondanahalli,7,3
Bengaluru (Bangalore),BMTC,33720,Madagondanahalli,7,3
Bengaluru (Bangalore),BMTC,22232,Madanayakanahalli,580,124
Bengaluru (Bangalore),BMTC,33723,Madanayakanahalli,112,29
Bengaluru (Bangalore),BMTC,33724,Madanayakanahalli,507,98
Bengaluru (Bangalore),BMTC,33725,Madanayakanahalli,45,5
Bengaluru (Bangalore),BMTC,35119,Madapatna,162,25
Bengaluru (Bangalore),BMTC,35296,Madapatna,137,20
Bengaluru (Bangalore),BMTC,28585,Madapatna,15,6
Bengaluru (Bangalore),BMTC,33726,Madapatna,15,5
Bengaluru (Bangalore),BMTC,28587,Madapatna Cross,11,4
Bengaluru (Bangalore),BMTC,33727,Madapatna Cross,13,6
Bengaluru (Bangalore),BMTC,39962,Madappana Doddi Colony,19,3
Bengaluru (Bangalore),BMTC,39963,Madappana Doddi Colony,15,3
Bengaluru (Bangalore),BMTC,33728,Madappanahalli,8,6
Bengaluru (Bangalore),BMTC,33729,Madappanahalli,9,6
Bengaluru (Bangalore),BMTC,28591,Madappanahalli,3,1
Bengaluru (Bangalore),BMTC,33730,Madappanahalli,4,1
Bengaluru (Bangalore),BMTC,28592,Madappanahalli Cross,25,10
Bengaluru (Bangalore),BMTC,35159,Madappanahalli Cross,19,9
Bengaluru (Bangalore),BMTC,28597,Madarasa School,5,3
Bengaluru (Bangalore),BMTC,31391,Madarasa School 1,6,4
Bengaluru (Bangalore),BMTC,39932,Madavanagara (Kempegowdanagara),79,11
Bengaluru (Bangalore),BMTC,39933,Madavanagara (Kempegowdanagara),62,9
Bengaluru (Bangalore),BMTC,28598,Madavara,642,119
Bengaluru (Bangalore),BMTC,28601,Madavara Kodipalya,4,2
Bengaluru (Bangalore),BMTC,39370,Madavara Metro Station,56,4
Bengaluru (Bangalore),BMTC,21563,Madhavan Park,652,76
Bengaluru (Bangalore),BMTC,24044,Madhavan Park,232,34
Bengaluru (Bangalore),BMTC,33735,Madhugirihalli,4,1
Bengaluru (Bangalore),BMTC,24201,Madhura Nagara,68,19
Bengaluru (Bangalore),BMTC,24209,Madhura Nagara,67,18
Bengaluru (Bangalore),BMTC,23478,Madhura Nagara Hostel,3,1
Bengaluru (Bangalore),BMTC,24200,Madhura Nagara Hostel,66,18
Bengaluru (Bangalore),BMTC,24210,Madhura Nagara Hostel,66,17
Bengaluru (Bangalore),BMTC,20606,Madhure Anjaneya Temple,19,10
Bengaluru (Bangalore),BMTC,29531,Madhure Anjaneya Temple,62,16
Bengaluru (Bangalore),BMTC,20972,Madhure Village,39,18
Bengaluru (Bangalore),BMTC,28602,Madhure Village,42,17
Bengaluru (Bangalore),BMTC,39763,Madigondanahalli,2,1
Bengaluru (Bangalore),BMTC,20973,Madivala,1324,176
Bengaluru (Bangalore),BMTC,20974,Madivala,1310,178
Bengaluru (Bangalore),BMTC,22235,Madivala Masidi,331,33
Bengaluru (Bangalore),BMTC,28607,Madugirihalli,6,2
Bengaluru (Bangalore),BMTC,28611,Magadi Bus Stand,236,17
Bengaluru (Bangalore),BMTC,20558,Magadi Road 10th Cross,961,146
Bengaluru (Bangalore),BMTC,20559,Magadi Road 10th Cross,927,140
Bengaluru (Bangalore),BMTC,20577,Magadi Road 1st Cross,895,141
Bengaluru (Bangalore),BMTC,20578,Magadi Road 1st Cross,943,145
Bengaluru (Bangalore),BMTC,20584,Magadi Road 5th Cross,949,148
Bengaluru (Bangalore),BMTC,20585,Magadi Road 5th Cross,941,145
Bengaluru (Bangalore),BMTC,38800,Magadi Road Metro Station,929,139
Bengaluru (Bangalore),BMTC,38801,Magadi Road Metro Station,949,148
Bengaluru (Bangalore),BMTC,20975,Magadi Road TollGate,497,54
Bengaluru (Bangalore),BMTC,20976,Magadi Road TollGate,1358,184
Bengaluru (Bangalore),BMTC,22236,Magadi Road TollGate,440,25
Bengaluru (Bangalore),BMTC,23481,Magadi Road TollGate,414,19
Bengaluru (Bangalore),BMTC,28613,Magadi Road Tollgate,870,133
Bengaluru (Bangalore),BMTC,28614,Mahadeshwara Badavane,18,4
Bengaluru (Bangalore),BMTC,33738,Mahadeshwara Nagara,6,2
Bengaluru (Bangalore),BMTC,33739,Mahadeshwara Nagara,692,49
Bengaluru (Bangalore),BMTC,28617,Mahadeshwara Nagara,13,5
Bengaluru (Bangalore),BMTC,35353,Mahadeshwara Nagara,14,6
Bengaluru (Bangalore),BMTC,28619,Mahadeva Kodigehalli,5,3
Bengaluru (Bangalore),BMTC,33740,Mahadeva Kodigehalli,5,3
Bengaluru (Bangalore),BMTC,22237,Mahadevapura,326,105
Bengaluru (Bangalore),BMTC,22238,Mahadevapura,314,97
Bengaluru (Bangalore),BMTC,28627,Mahadevapura,6,6
Bengaluru (Bangalore),BMTC,33743,Mahadevapura,4,4
Bengaluru (Bangalore),BMTC,33744,Mahadevapura,1,1
Bengaluru (Bangalore),BMTC,20977,Mahadevapura Ring Road,1046,78
Bengaluru (Bangalore),BMTC,20978,Mahadevapura Ring Road,1030,84
Bengaluru (Bangalore),BMTC,23398,Mahal Chowdadenahalli,32,11
Bengaluru (Bangalore),BMTC,23416,Mahal Chowdadenahalli,32,12
Bengaluru (Bangalore),BMTC,39826,Mahalakshmi Bakery Banashankari 9th Block,46,3
Bengaluru (Bangalore),BMTC,39827,Mahalakshmi Bakery Banashankari 9th Block,46,3
Bengaluru (Bangalore),BMTC,24096,Mahalakshmi Layout,361,24
Bengaluru (Bangalore),BMTC,24191,Mahalakshmi Layout,315,22
Bengaluru (Bangalore),BMTC,20979,Mahalakshmi Layout Entrance,969,55
Bengaluru (Bangalore),BMTC,20980,Mahalakshmi Layout Entrance,605,43
Bengaluru (Bangalore),BMTC,24188,Mahalakshmi Layout Entrance,638,43
Bengaluru (Bangalore),BMTC,28630,Mahanthalingapura,25,6
Bengaluru (Bangalore),BMTC,33745,Mahanthalingapura,22,7
Bengaluru (Bangalore),BMTC,23938,Maharaja Signal,161,16
Bengaluru (Bangalore),BMTC,23943,Maharaja Signal,170,14
Bengaluru (Bangalore),BMTC,20981,Maharani College,3705,538
Bengaluru (Bangalore),BMTC,20982,Maharani College,355,56
Bengaluru (Bangalore),BMTC,20983,Maharani College,629,78
Bengaluru (Bangalore),BMTC,20985,Maharani College,250,53
Bengaluru (Bangalore),BMTC,28631,Mahathma Vidhyalaya Muttanalluru,2,1
Bengaluru (Bangalore),BMTC,39484,Mahatma Gandhi Layout,4,1
Bengaluru (Bangalore),BMTC,39485,Mahatma Gandhi Layout,6,1
Bengaluru (Bangalore),BMTC,28633,Mahesh Medicals,5,1
Bengaluru (Bangalore),BMTC,33746,Mahesh Medicals,77,9
Bengaluru (Bangalore),BMTC,22239,Mahila Seva Samaja,597,114
Bengaluru (Bangalore),BMTC,22240,Mahila Seva Samaja,184,18
Bengaluru (Bangalore),BMTC,28635,Mahimapura Temple,55,6
Bengaluru (Bangalore),BMTC,33747,Mahimapura Temple,55,7
Bengaluru (Bangalore),BMTC,33890,Majara Hosahalli,3,2
Bengaluru (Bangalore),BMTC,33891,Majara Hosahalli Cross,3,2
Bengaluru (Bangalore),BMTC,22241,Makali,567,118
Bengaluru (Bangalore),BMTC,33748,Makali,549,112
Bengaluru (Bangalore),BMTC,33750,Makali,11,5
Bengaluru (Bangalore),BMTC,33752,Makali Cross,119,30
Bengaluru (Bangalore),BMTC,28644,Makali Cross Madhure Road,58,22
Bengaluru (Bangalore),BMTC,33753,Makali Cross Madhure Road,73,21
Bengaluru (Bangalore),BMTC,28646,Makali Govt High School,5,3
Bengaluru (Bangalore),BMTC,33754,Makali Govt High School,5,3
Bengaluru (Bangalore),BMTC,28648,Makanahalli,13,9
Bengaluru (Bangalore),BMTC,33755,Makanahalli,12,9
Bengaluru (Bangalore),BMTC,28650,Makanahalli 1st stop,6,6
Bengaluru (Bangalore),BMTC,33756,Makanahalli 1st stop,9,8
Bengaluru (Bangalore),BMTC,28652,Makanahalli Cross,3,3
Bengaluru (Bangalore),BMTC,33757,Makanahalli Cross,4,4
Bengaluru (Bangalore),BMTC,20986,Makkala Koota,1278,180
Bengaluru (Bangalore),BMTC,20987,Makkala Koota,616,142
Bengaluru (Bangalore),BMTC,22242,Makkala Koota,559,107
Bengaluru (Bangalore),BMTC,22243,Makkala Koota,605,53
Bengaluru (Bangalore),BMTC,28656,Malagala,427,28
Bengaluru (Bangalore),BMTC,33758,Malagala,1,1
Bengaluru (Bangalore),BMTC,33759,Malagala,438,30
Bengaluru (Bangalore),BMTC,34820,Malagala 1,5,3
Bengaluru (Bangalore),BMTC,28658,Malenahalli Bidaraguppe,1,1
Bengaluru (Bangalore),BMTC,33760,Malenahalli Bidaraguppe,2,2
Bengaluru (Bangalore),BMTC,28661,Malenallasandra,4,3
Bengaluru (Bangalore),BMTC,33761,Malenallasandra,2,1
Bengaluru (Bangalore),BMTC,33762,Malenallasandra,2,1
Bengaluru (Bangalore),BMTC,35225,Malenallasandra,4,2
Bengaluru (Bangalore),BMTC,23827,Malenallasandra Junction,11,5
Bengaluru (Bangalore),BMTC,24126,Malenallasandra Junction,11,4
Bengaluru (Bangalore),BMTC,39812,Malgudi Layout,14,6
Bengaluru (Bangalore),BMTC,39813,Malgudi Layout,15,5
Bengaluru (Bangalore),BMTC,28664,Maligenahalli Cross,1,1
Bengaluru (Bangalore),BMTC,28666,Maligondanahalli,7,2
Bengaluru (Bangalore),BMTC,33764,Maligondanahalli,7,2
Bengaluru (Bangalore),BMTC,28668,Mallaiahnapalya,5,2
Bengaluru (Bangalore),BMTC,33765,Mallaiahnapalya,5,2
Bengaluru (Bangalore),BMTC,33766,Mallapura,6,2
Bengaluru (Bangalore),BMTC,33767,Mallapura,6,3
Bengaluru (Bangalore),BMTC,28671,Mallapura,13,5
Bengaluru (Bangalore),BMTC,31392,Mallapura 1,12,4
Bengaluru (Bangalore),BMTC,33768,Mallapura Cross,93,15
Bengaluru (Bangalore),BMTC,34821,Mallapura Cross,93,17
Bengaluru (Bangalore),BMTC,28680,Mallarabanavadi Cross,18,14
Bengaluru (Bangalore),BMTC,33771,Mallarabanavadi Cross,16,14
Bengaluru (Bangalore),BMTC,33777,Mallasandra,1,1
Bengaluru (Bangalore),BMTC,33774,Mallasandra,4,2
Bengaluru (Bangalore),BMTC,33775,Mallasandra,33,18
Bengaluru (Bangalore),BMTC,33776,Mallasandra,29,17
Bengaluru (Bangalore),BMTC,33772,Mallasandra,101,16
Bengaluru (Bangalore),BMTC,33773,Mallasandra,96,16
Bengaluru (Bangalore),BMTC,33778,Mallasandra Bagalakunte,15,1
Bengaluru (Bangalore),BMTC,39168,Mallasandra Bus Stand (Charging Point),36,9
Bengaluru (Bangalore),BMTC,28691,Mallasandra Health Center,1,1
Bengaluru (Bangalore),BMTC,33779,Mallasandra Health Center,4,2
Bengaluru (Bangalore),BMTC,33780,Mallasandra Poorvankara Apartment,12,1
Bengaluru (Bangalore),BMTC,28697,Mallathahalli,6,3
Bengaluru (Bangalore),BMTC,33781,Mallathahalli,5,1
Bengaluru (Bangalore),BMTC,33782,Mallathahalli,4,1
Bengaluru (Bangalore),BMTC,28700,Mallathahalli Cross,15,6
Bengaluru (Bangalore),BMTC,33785,Mallathahalli Cross,13,6
Bengaluru (Bangalore),BMTC,22244,Mallathahalli Cross,848,44
Bengaluru (Bangalore),BMTC,22245,Mallathahalli Cross,874,51
Bengaluru (Bangalore),BMTC,33784,Mallathahalli Cross,5,1
Bengaluru (Bangalore),BMTC,28702,Mallayappanahalli,2,1
Bengaluru (Bangalore),BMTC,33786,Mallayappanahalli,2,1
Bengaluru (Bangalore),BMTC,22246,Malleshpalya,95,14
Bengaluru (Bangalore),BMTC,23542,Malleshpalya,96,12
Bengaluru (Bangalore),BMTC,28703,Malleshpalya New Bus Station(Vignananagar),148,15
Bengaluru (Bangalore),BMTC,37193,Malleshpalya New Bus Station(Vignananagar),43,6
Bengaluru (Bangalore),BMTC,22871,Malleshwara 13th Cross (8th Main Road),170,2
Bengaluru (Bangalore),BMTC,20589,Malleshwara 8th Cross,1258,244
Bengaluru (Bangalore),BMTC,22939,Malleshwara 8th Cross (8th Main KBS),170,2
Bengaluru (Bangalore),BMTC,22940,Malleshwara 8th Cross (8th Main),171,3
Bengaluru (Bangalore),BMTC,20590,Malleshwara 8th Cross (Sampige Road),1147,220
Bengaluru (Bangalore),BMTC,22787,Malleshwara Bus Stand,145,11
Bengaluru (Bangalore),BMTC,20989,Malleshwara Circle,1134,234
Bengaluru (Bangalore),BMTC,20990,Malleshwara Circle,622,43
Bengaluru (Bangalore),BMTC,20991,Malleshwara Circle,714,42
Bengaluru (Bangalore),BMTC,28704,Malleshwara Circle,19,3
Bengaluru (Bangalore),BMTC,20988,Malleshwara Circle,1169,214
Bengaluru (Bangalore),BMTC,20736,Malleshwara Dattatreya Temple,109,5
Bengaluru (Bangalore),BMTC,20737,Malleshwara Dattatreya Temple,110,4
Bengaluru (Bangalore),BMTC,27848,Malleshwara Railway Station,2,1
Bengaluru (Bangalore),BMTC,34326,Malleshwara Railway Station,3,2
Bengaluru (Bangalore),BMTC,20562,Malleshwaram 11th Cross,1091,237
Bengaluru (Bangalore),BMTC,20564,Malleshwaram 13th Cross,1188,242
Bengaluru (Bangalore),BMTC,22872,Malleshwaram 13th Cross  (8th Mian),171,3
Bengaluru (Bangalore),BMTC,20570,Malleshwaram 15th Cross,1031,217
Bengaluru (Bangalore),BMTC,29383,Malleshwaram 15th Cross(8th Main),170,2
Bengaluru (Bangalore),BMTC,35424,Malleshwaram 15th Cross(8th Main),175,4
Bengaluru (Bangalore),BMTC,20573,Malleshwaram 18th Cross,1187,236
Bengaluru (Bangalore),BMTC,20574,Malleshwaram 18th Cross,1194,219
Bengaluru (Bangalore),BMTC,35603,Malleshwaram 18th Cross,3,2
Bengaluru (Bangalore),BMTC,35601,Malleshwaram 18th Cross (Malleshwaram 8th Main),175,4
Bengaluru (Bangalore),BMTC,35602,Malleshwaram 18th Cross (Malleshwaram 8th Main),170,2
Bengaluru (Bangalore),BMTC,20561,Malleshwaram11th Cross,1218,223
Bengaluru (Bangalore),BMTC,21564,Mallige Hospital,207,31
Bengaluru (Bangalore),BMTC,21565,Mallige Hospital,204,30
Bengaluru (Bangalore),BMTC,40555,Mallige Metlu,2,1
Bengaluru (Bangalore),BMTC,40556,Mallige Metlu,2,1
Bengaluru (Bangalore),BMTC,40538,Mallige Metlu Circle,2,1
Bengaluru (Bangalore),BMTC,40539,Mallige Metlu Circle,2,1
Bengaluru (Bangalore),BMTC,30306,Malligenahalli Cross,1,1
Bengaluru (Bangalore),BMTC,28711,Mallimakanapura,70,9
Bengaluru (Bangalore),BMTC,33788,Mallimakanapura,73,8
Bengaluru (Bangalore),BMTC,28713,Mallipalya,2,1
Bengaluru (Bangalore),BMTC,33790,Mallipalya,2,1
Bengaluru (Bangalore),BMTC,28715,Mallohalli,8,4
Bengaluru (Bangalore),BMTC,33791,Mallohalli,8,4
Bengaluru (Bangalore),BMTC,28717,Mallohalli Cross,1,1
Bengaluru (Bangalore),BMTC,33792,Mallohalli Cross,1,1
Bengaluru (Bangalore),BMTC,28719,Mallohallipalya,1,1
Bengaluru (Bangalore),BMTC,33793,Mallohallipalya,1,1
Bengaluru (Bangalore),BMTC,28721,Malluru,2,1
Bengaluru (Bangalore),BMTC,33794,Malluru,2,1
Bengaluru (Bangalore),BMTC,33795,Malya Adithi School,16,10
Bengaluru (Bangalore),BMTC,28725,Managal,1,1
Bengaluru (Bangalore),BMTC,33796,Managal,2,2
Bengaluru (Bangalore),BMTC,28727,Managanahalli Kankapura Road,2,1
Bengaluru (Bangalore),BMTC,33797,Managanahalli Kankapura Road,2,1
Bengaluru (Bangalore),BMTC,22248,Manasa Nagara,502,39
Bengaluru (Bangalore),BMTC,22249,Manasa Nagara,501,38
Bengaluru (Bangalore),BMTC,28729,Manchanabele,14,5
Bengaluru (Bangalore),BMTC,33798,Manchanabele,7,3
Bengaluru (Bangalore),BMTC,38917,Manchanabele Colony,1,1
Bengaluru (Bangalore),BMTC,28731,Manchanabele Dam Cross,3,2
Bengaluru (Bangalore),BMTC,33799,Manchanabele Dam Cross,6,4
Bengaluru (Bangalore),BMTC,28732,Manchanabele School,8,3
Bengaluru (Bangalore),BMTC,28736,Manchanahalli,8,3
Bengaluru (Bangalore),BMTC,33803,Manchanahalli Cross,15,4
Bengaluru (Bangalore),BMTC,20992,Manchanayakanahalli Gate,28,8
Bengaluru (Bangalore),BMTC,21284,Manchanayakanahalli Gate,321,39
Bengaluru (Bangalore),BMTC,21566,Manchanayakanahalli Gate,324,35
Bengaluru (Bangalore),BMTC,21162,Manchanayakanahalli School,14,7
Bengaluru (Bangalore),BMTC,21163,Manchanayakanahalli School,14,7
Bengaluru (Bangalore),BMTC,22250,Manchappanahalli Cross,9,5
Bengaluru (Bangalore),BMTC,22251,Manchappanahalli Cross,65,13
Bengaluru (Bangalore),BMTC,28739,Manchappanahalli Gate,87,10
Bengaluru (Bangalore),BMTC,31394,Manchappanahalli Gate,90,11
Bengaluru (Bangalore),BMTC,28741,Manchappanahalli Village,30,4
Bengaluru (Bangalore),BMTC,33804,Manchappanahalli Village,26,5
Bengaluru (Bangalore),BMTC,33805,Manchegowdanapalya,1,1
Bengaluru (Bangalore),BMTC,35840,Manchegowdanapalya,1,1
Bengaluru (Bangalore),BMTC,28745,Manchenahalli,3,1
Bengaluru (Bangalore),BMTC,33806,Manchenahalli,3,1
Bengaluru (Bangalore),BMTC,28750,Mandigere,1,1
Bengaluru (Bangalore),BMTC,33808,Mandigere,1,1
Bengaluru (Bangalore),BMTC,28752,Mandur,191,34
Bengaluru (Bangalore),BMTC,33809,Mandur,185,37
Bengaluru (Bangalore),BMTC,28753,Mangammanapalya,112,2
Bengaluru (Bangalore),BMTC,28755,Manganahalli,27,5
Bengaluru (Bangalore),BMTC,33810,Manganahalli,17,5
Bengaluru (Bangalore),BMTC,20993,Manganahalli Cross,175,12
Bengaluru (Bangalore),BMTC,20994,Manganahalli Cross,188,15
Bengaluru (Bangalore),BMTC,22252,Maniksha Parade Ground,260,65
Bengaluru (Bangalore),BMTC,22253,Maniksha Parade Ground,268,64
Bengaluru (Bangalore),BMTC,22254,Manipal Centre,136,26
Bengaluru (Bangalore),BMTC,28757,Manipal Centre,4,2
Bengaluru (Bangalore),BMTC,22255,Manipal Centre MG Road,277,58
Bengaluru (Bangalore),BMTC,22256,Manipal Centre MG Road,165,39
Bengaluru (Bangalore),BMTC,28759,Manjunatha Kalyana Mantapa,121,6
Bengaluru (Bangalore),BMTC,33811,Manjunatha Kalyana Mantapa,50,5
Bengaluru (Bangalore),BMTC,33813,Manjunatha Nagara,33,8
Bengaluru (Bangalore),BMTC,35132,Manjunatha Nagara,21,2
Bengaluru (Bangalore),BMTC,35315,Manjunatha Nagara,7,4
Bengaluru (Bangalore),BMTC,33812,Manjunatha Nagara,30,2
Bengaluru (Bangalore),BMTC,33814,Manjunatha Nagara,27,1
Bengaluru (Bangalore),BMTC,28764,Manjunatha Nagara,79,13
Bengaluru (Bangalore),BMTC,33815,Manjunatha Nagara,85,15
Bengaluru (Bangalore),BMTC,20995,Manjunatha Nagara,436,22
Bengaluru (Bangalore),BMTC,22257,Manjunatha Nagara,443,26
Bengaluru (Bangalore),BMTC,39975,Manjunathanagara Metro Station,439,104
Bengaluru (Bangalore),BMTC,36491,Manjushree Garments PSS,122,9
Bengaluru (Bangalore),BMTC,28766,Manjushree Hospital,5,2
Bengaluru (Bangalore),BMTC,33816,Manjushree Hospital,5,1
Bengaluru (Bangalore),BMTC,23348,Manorayanapalya,28,4
Bengaluru (Bangalore),BMTC,24177,Manorayanapalya,26,2
Bengaluru (Bangalore),BMTC,39289,Manpho Layout,8,1
Bengaluru (Bangalore),BMTC,28768,Mantanakurchi,6,4
Bengaluru (Bangalore),BMTC,33817,Mantanakurchi,2,2
Bengaluru (Bangalore),BMTC,22779,Mantapa Cross,330,68
Bengaluru (Bangalore),BMTC,22780,Mantapa Cross,327,69
Bengaluru (Bangalore),BMTC,28771,Mantri Alpyne Apartment,487,18
Bengaluru (Bangalore),BMTC,28772,Mantri Alpyne Apartment,468,18
Bengaluru (Bangalore),BMTC,28775,Mantri Layout (M L A LAYOUT),65,25
Bengaluru (Bangalore),BMTC,33819,Mantri Layout (M L A LAYOUT),70,21
Bengaluru (Bangalore),BMTC,39434,Mantri Mall,12,2
Bengaluru (Bangalore),BMTC,20996,Manuvana,921,73
Bengaluru (Bangalore),BMTC,20997,Manuvana,694,68
Bengaluru (Bangalore),BMTC,20998,Manyatha Tech Park,937,90
Bengaluru (Bangalore),BMTC,20999,Manyatha Tech Park,976,98
Bengaluru (Bangalore),BMTC,33820,Maragondanahalli,7,3
Bengaluru (Bangalore),BMTC,33822,Maragondanahalli,7,3
Bengaluru (Bangalore),BMTC,33821,Maragondanahalli,1,1
Bengaluru (Bangalore),BMTC,33824,Maragondanahalli Cross,54,8
Bengaluru (Bangalore),BMTC,33825,Maragondanahalli Cross,53,6
Bengaluru (Bangalore),BMTC,22258,Maralakunte,40,10
Bengaluru (Bangalore),BMTC,22259,Maralakunte,37,12
Bengaluru (Bangalore),BMTC,38067,Maralakunte Colony,3,1
Bengaluru (Bangalore),BMTC,28793,Maralegowdana Doddy,2,2
Bengaluru (Bangalore),BMTC,33827,Maralegowdana Doddy,2,1
Bengaluru (Bangalore),BMTC,28795,Maralugondla Cross,91,12
Bengaluru (Bangalore),BMTC,33828,Maralugondla Cross,80,12
Bengaluru (Bangalore),BMTC,28797,Maramma Temple,92,6
Bengaluru (Bangalore),BMTC,33829,Maramma Temple,87,5
Bengaluru (Bangalore),BMTC,28799,Maramma Temple Halage Vaderahalli,115,13
Bengaluru (Bangalore),BMTC,33830,Maramma Temple Halage Vaderahalli,121,14
Bengaluru (Bangalore),BMTC,21000,Maramma Temple Hegganahalli,36,8
Bengaluru (Bangalore),BMTC,23407,Maranagere,4,2
Bengaluru (Bangalore),BMTC,23410,Maranagere,5,2
Bengaluru (Bangalore),BMTC,28801,Maranayakanahalli,5,2
Bengaluru (Bangalore),BMTC,33831,Maranayakanahalli,5,2
Bengaluru (Bangalore),BMTC,28802,Marappa Garden,18,3
Bengaluru (Bangalore),BMTC,28808,Marasandra,1,1
Bengaluru (Bangalore),BMTC,33836,Marasandra,1,1
Bengaluru (Bangalore),BMTC,33832,Marasandra,27,10
Bengaluru (Bangalore),BMTC,33833,Marasandra,44,11
Bengaluru (Bangalore),BMTC,33835,Marasandra,6,3
Bengaluru (Bangalore),BMTC,28810,Marasandra Circle,281,31
Bengaluru (Bangalore),BMTC,33837,Marasandra Circle,267,31
Bengaluru (Bangalore),BMTC,33838,Marasandra Circle,2,2
Bengaluru (Bangalore),BMTC,28813,Marasandra Gate,4,4
Bengaluru (Bangalore),BMTC,33839,Marasandra Gate,4,4
Bengaluru (Bangalore),BMTC,28815,Marasandra Govt School,258,26
Bengaluru (Bangalore),BMTC,33840,Marasandra Govt School,263,22
Bengaluru (Bangalore),BMTC,23837,Marasur Gate,274,38
Bengaluru (Bangalore),BMTC,28818,Marasur Madivala,2,1
Bengaluru (Bangalore),BMTC,33842,Marasur Madivala,2,1
Bengaluru (Bangalore),BMTC,33841,Marasur Madivala,5,3
Bengaluru (Bangalore),BMTC,22260,Marathahalli,599,93
Bengaluru (Bangalore),BMTC,22261,Marathahalli,561,87
Bengaluru (Bangalore),BMTC,22662,Marathahalli Bridge,573,88
Bengaluru (Bangalore),BMTC,22668,Marathahalli Bridge,982,103
Bengaluru (Bangalore),BMTC,33843,Marathahalli Bridge,377,19
Bengaluru (Bangalore),BMTC,35409,Marathahalli Bridge,390,17
Bengaluru (Bangalore),BMTC,37596,Marathahalli Bridge,66,4
Bengaluru (Bangalore),BMTC,28824,Maregowdana Doddy,2,1
Bengaluru (Bangalore),BMTC,28825,Maregowdana Doddy,2,1
Bengaluru (Bangalore),BMTC,35157,Marenahalli,28,13
Bengaluru (Bangalore),BMTC,35318,Marenahalli,28,13
Bengaluru (Bangalore),BMTC,35074,Marenahalli,234,21
Bengaluru (Bangalore),BMTC,35080,Marenahalli,238,21
Bengaluru (Bangalore),BMTC,28827,Marenahalli,8,2
Bengaluru (Bangalore),BMTC,33845,Marenahalli,4,2
Bengaluru (Bangalore),BMTC,21567,Marenahalli,108,22
Bengaluru (Bangalore),BMTC,21568,Marenahalli,117,24
Bengaluru (Bangalore),BMTC,28828,Marenahalli Bande,2,1
Bengaluru (Bangalore),BMTC,28831,Marenahalli Gate,28,10
Bengaluru (Bangalore),BMTC,33846,Marenahalli Gate,24,11
Bengaluru (Bangalore),BMTC,21005,Marenahalli Petrol Bunk(Ragigudda Metro Station),862,69
Bengaluru (Bangalore),BMTC,21006,Marenahalli Petrol Bunk(Ragigudda Metro Station),843,64
Bengaluru (Bangalore),BMTC,28834,Marigowdanapalya,4,4
Bengaluru (Bangalore),BMTC,33847,Marigowdanapalya,4,4
Bengaluru (Bangalore),BMTC,28838,Marikuppe Cross,1,1
Bengaluru (Bangalore),BMTC,33849,Marikuppe Cross,1,1
Bengaluru (Bangalore),BMTC,22263,Marison Factory,542,124
Bengaluru (Bangalore),BMTC,28839,Marison Factory,518,111
Bengaluru (Bangalore),BMTC,28842,Mariyannanapalya,8,4
Bengaluru (Bangalore),BMTC,33850,Mariyannanapalya,4,2
Bengaluru (Bangalore),BMTC,22264,Mariyappanapalya,967,52
Bengaluru (Bangalore),BMTC,22265,Mariyappanapalya,983,55
Bengaluru (Bangalore),BMTC,21007,Mariyappanapalya,577,41
Bengaluru (Bangalore),BMTC,21008,Mariyappanapalya,640,42
Bengaluru (Bangalore),BMTC,28848,Marnami Doddy,17,6
Bengaluru (Bangalore),BMTC,33852,Marnami Doddy,19,7
Bengaluru (Bangalore),BMTC,28850,Marsuru,16,9
Bengaluru (Bangalore),BMTC,33853,Marsuru,15,8
Bengaluru (Bangalore),BMTC,35249,Marsuru Gate,301,38
Bengaluru (Bangalore),BMTC,28852,Marsuru Madivala,5,3
Bengaluru (Bangalore),BMTC,33854,Maruru,1,1
Bengaluru (Bangalore),BMTC,33855,Maruru Handpost,1,1
Bengaluru (Bangalore),BMTC,35110,Maruthi Badavane,75,10
Bengaluru (Bangalore),BMTC,35229,Maruthi Badavane,74,9
Bengaluru (Bangalore),BMTC,26605,Maruthi Badavane Dasarahalli,8,2
Bengaluru (Bangalore),BMTC,28857,Maruthi Badavane Dasarahalli,8,2
Bengaluru (Bangalore),BMTC,28859,Maruthi Badavane Nelamangala,4,2
Bengaluru (Bangalore),BMTC,21009,Maruthi Circle,454,47
Bengaluru (Bangalore),BMTC,39449,Maruthi Farma,60,16
Bengaluru (Bangalore),BMTC,39450,Maruthi Farma,60,17
Bengaluru (Bangalore),BMTC,21010,Maruthi Mandira,990,88
Bengaluru (Bangalore),BMTC,21011,Maruthi Mandira,1002,88
Bengaluru (Bangalore),BMTC,33857,Maruthi Markandeyanagara,5,2
Bengaluru (Bangalore),BMTC,33860,Maruthi Nagara,80,21
Bengaluru (Bangalore),BMTC,33861,Maruthi Nagara,75,16
Bengaluru (Bangalore),BMTC,22266,Maruthi Nagara,550,45
Bengaluru (Bangalore),BMTC,22267,Maruthi Nagara,525,43
Bengaluru (Bangalore),BMTC,33862,Maruthi Nagara,692,49
Bengaluru (Bangalore),BMTC,33863,Maruthi Nagara,6,2
Bengaluru (Bangalore),BMTC,33864,Maruthi Nagara,95,5
Bengaluru (Bangalore),BMTC,33865,Maruthi Nagara,98,8
Bengaluru (Bangalore),BMTC,21569,Maruthi Nagara,419,32
Bengaluru (Bangalore),BMTC,22268,Maruthi Nagara,430,28
Bengaluru (Bangalore),BMTC,33858,Maruthi Nagara,143,16
Bengaluru (Bangalore),BMTC,33859,Maruthi Nagara,164,22
Bengaluru (Bangalore),BMTC,22269,Maruthi School,264,20
Bengaluru (Bangalore),BMTC,22270,Maruthi School,278,22
Bengaluru (Bangalore),BMTC,22271,Maruthi School,116,19
Bengaluru (Bangalore),BMTC,33869,Maruthi School,29,5
Bengaluru (Bangalore),BMTC,28877,Maruthi School,7,3
Bengaluru (Bangalore),BMTC,33870,Maruthi School,7,3
Bengaluru (Bangalore),BMTC,22272,Maruthi Sevanagara,609,47
Bengaluru (Bangalore),BMTC,22273,Maruthi Sevanagara,617,48
Bengaluru (Bangalore),BMTC,28879,Maruthi Temple Kamalanagara,140,5
Bengaluru (Bangalore),BMTC,33871,Maruthi Temple Kamalanagara,147,5
Bengaluru (Bangalore),BMTC,24380,Maruthinagara,9,4
Bengaluru (Bangalore),BMTC,28872,Maruthinagara Malleshpalya,95,14
Bengaluru (Bangalore),BMTC,33867,Maruthinagara Malleshpalya,69,11
Bengaluru (Bangalore),BMTC,39134,Mary Immaculate School,170,40
Bengaluru (Bangalore),BMTC,39135,Mary Immaculate School,188,49
Bengaluru (Bangalore),BMTC,28882,Masthenahalli,9,3
Bengaluru (Bangalore),BMTC,33872,Masthenahalli,9,4
Bengaluru (Bangalore),BMTC,22274,Mata Mallasandra,57,20
Bengaluru (Bangalore),BMTC,22275,Mata Mallasandra,70,22
Bengaluru (Bangalore),BMTC,23342,Matadahalli,421,37
Bengaluru (Bangalore),BMTC,23789,Matadahalli,475,46
Bengaluru (Bangalore),BMTC,22276,Mathikere,691,62
Bengaluru (Bangalore),BMTC,22277,Mathikere,871,101
Bengaluru (Bangalore),BMTC,28898,Mathikere,52,5
Bengaluru (Bangalore),BMTC,33881,Mathikere,203,44
Bengaluru (Bangalore),BMTC,28900,Mathikere Aralimara,2,2
Bengaluru (Bangalore),BMTC,33882,Mathikere Aralimara,1,1
Bengaluru (Bangalore),BMTC,28901,Mathikere Magadi,1,1
Bengaluru (Bangalore),BMTC,33880,Mathikere Magadi,2,2
Bengaluru (Bangalore),BMTC,23336,Mathikere Post Office,2,1
Bengaluru (Bangalore),BMTC,24271,Mathikere Post Office,1,1
Bengaluru (Bangalore),BMTC,28886,Matta Gate,2,1
Bengaluru (Bangalore),BMTC,33874,Matta Gate,2,1
Bengaluru (Bangalore),BMTC,28888,Matta Village,2,1
Bengaluru (Bangalore),BMTC,33875,Matta Village,2,1
Bengaluru (Bangalore),BMTC,28892,Mattahalli,30,7
Bengaluru (Bangalore),BMTC,33877,Mattahalli,21,10
Bengaluru (Bangalore),BMTC,28895,Mattahalli Cross,46,20
Bengaluru (Bangalore),BMTC,33879,Mattahalli Cross,47,13
Bengaluru (Bangalore),BMTC,28903,Mavallipura,9,4
Bengaluru (Bangalore),BMTC,33883,Mavallipura,10,5
Bengaluru (Bangalore),BMTC,39046,Mavinamara Vanakanahalli,4,1
Bengaluru (Bangalore),BMTC,39047,Mavinamara Vanakanahalli,4,1
Bengaluru (Bangalore),BMTC,28905,Mayaganahalli,5,4
Bengaluru (Bangalore),BMTC,33884,Mayaganahalli,4,3
Bengaluru (Bangalore),BMTC,28909,Mayasandra,1,1
Bengaluru (Bangalore),BMTC,33887,Mayasandra,5,2
Bengaluru (Bangalore),BMTC,33885,Mayasandra,5,4
Bengaluru (Bangalore),BMTC,33886,Mayasandra,5,3
Bengaluru (Bangalore),BMTC,38724,Mayasandra,1,1
Bengaluru (Bangalore),BMTC,38725,Mayasandra,1,1
Bengaluru (Bangalore),BMTC,28911,Mayasandra Gate,64,12
Bengaluru (Bangalore),BMTC,33888,Mayasandra Gate,70,12
Bengaluru (Bangalore),BMTC,28913,Mayasandra Kodi,60,9
Bengaluru (Bangalore),BMTC,33889,Mayasandra Kodi,65,9
Bengaluru (Bangalore),BMTC,22278,Mayohall,730,174
Bengaluru (Bangalore),BMTC,22279,Mayohall,377,65
Bengaluru (Bangalore),BMTC,38574,Mayohall,64,17
Bengaluru (Bangalore),BMTC,37119,Mayohall G-2,303,28
Bengaluru (Bangalore),BMTC,28915,Mazara Hosahalli,3,2
Bengaluru (Bangalore),BMTC,28917,Mazara Hosahalli Cross,3,2
Bengaluru (Bangalore),BMTC,28926,Meda Maranahalli,30,2
Bengaluru (Bangalore),BMTC,33895,Meda Maranahalli,31,3
Bengaluru (Bangalore),BMTC,28928,Meda Maranahalli Cross,3,2
Bengaluru (Bangalore),BMTC,33896,Meda Maranahalli Cross,58,2
Bengaluru (Bangalore),BMTC,33898,Medahalli,10,4
Bengaluru (Bangalore),BMTC,28932,Medahalli,425,96
Bengaluru (Bangalore),BMTC,33899,Medahalli,442,98
Bengaluru (Bangalore),BMTC,38017,Medahalli,18,2
Bengaluru (Bangalore),BMTC,38637,Medahalli,10,2
Bengaluru (Bangalore),BMTC,28936,Medahalli Colony,5,4
Bengaluru (Bangalore),BMTC,33901,Medahalli Colony,12,6
Bengaluru (Bangalore),BMTC,28938,Medahalli Cross,29,21
Bengaluru (Bangalore),BMTC,33902,Medahalli Cross,30,22
Bengaluru (Bangalore),BMTC,28940,Medanahalli,35,7
Bengaluru (Bangalore),BMTC,33903,Medanahalli,32,4
Bengaluru (Bangalore),BMTC,28944,Medarahalli Railway Gate,14,4
Bengaluru (Bangalore),BMTC,33905,Medarahalli Railway Gate,14,5
Bengaluru (Bangalore),BMTC,28946,Medi Agrahara,16,4
Bengaluru (Bangalore),BMTC,28948,Medi Agrahara Cross,108,20
Bengaluru (Bangalore),BMTC,33894,Medi Agrahara Cross,5,2
Bengaluru (Bangalore),BMTC,33907,Medi Agrahara Cross,115,29
Bengaluru (Bangalore),BMTC,22282,Medi Mallasandra,63,23
Bengaluru (Bangalore),BMTC,22283,Medi Mallasandra,69,23
Bengaluru (Bangalore),BMTC,28952,Medur Gate,3,2
Bengaluru (Bangalore),BMTC,33909,Medur Gate,4,2
Bengaluru (Bangalore),BMTC,21014,Meenakshi Layout,39,8
Bengaluru (Bangalore),BMTC,21015,Meenakshi Layout,49,8
Bengaluru (Bangalore),BMTC,23584,Meenakshi Temple,675,94
Bengaluru (Bangalore),BMTC,23867,Meenakshi Temple,665,99
Bengaluru (Bangalore),BMTC,28954,Meenakunte,54,11
Bengaluru (Bangalore),BMTC,33910,Meenakunte,52,11
Bengaluru (Bangalore),BMTC,28956,Meenakunte Hosuru,254,54
Bengaluru (Bangalore),BMTC,33911,Meenakunte Hosuru,217,47
Bengaluru (Bangalore),BMTC,33912,Meesagaanahalli,5,4
Bengaluru (Bangalore),BMTC,28958,Meesaganahalli,6,3
Bengaluru (Bangalore),BMTC,21018,Mekhri Circle,1337,209
Bengaluru (Bangalore),BMTC,21019,Mekhri Circle,1553,200
Bengaluru (Bangalore),BMTC,28975,Mekhri Circle,5,4
Bengaluru (Bangalore),BMTC,33919,Mekhri Circle,274,32
Bengaluru (Bangalore),BMTC,33920,Mekhri Circle,326,46
Bengaluru (Bangalore),BMTC,38438,Menashiganahalli,8,1
Bengaluru (Bangalore),BMTC,28980,Mestripalya,6,2
Bengaluru (Bangalore),BMTC,28981,Mestripalya,30,5
Bengaluru (Bangalore),BMTC,33925,Mestripalya,5,2
Bengaluru (Bangalore),BMTC,28983,Metipalya,96,16
Bengaluru (Bangalore),BMTC,33926,Metipalya,97,15
Bengaluru (Bangalore),BMTC,22284,Metro,546,121
Bengaluru (Bangalore),BMTC,22285,Metro,561,126
Bengaluru (Bangalore),BMTC,38816,Metro Tech Apartment,2,1
Bengaluru (Bangalore),BMTC,28985,Metrocorp Nirvana Layout,7,4
Bengaluru (Bangalore),BMTC,33927,Metrocorp Nirvana Layout,11,8
Bengaluru (Bangalore),BMTC,28992,Mid City,2,1
Bengaluru (Bangalore),BMTC,33930,Mid City,2,1
Bengaluru (Bangalore),BMTC,22287,Military Accounts Office,587,99
Bengaluru (Bangalore),BMTC,22288,Military Accounts Office,522,89
Bengaluru (Bangalore),BMTC,22755,Military Accounts Office,83,10
Bengaluru (Bangalore),BMTC,22289,Military Bridge,299,25
Bengaluru (Bangalore),BMTC,22290,Military Bridge,307,27
Bengaluru (Bangalore),BMTC,28995,Military Dairy Farm (Esteem Mall),991,227
Bengaluru (Bangalore),BMTC,33931,Military Dairy Farm (Esteem Mall),1456,227
Bengaluru (Bangalore),BMTC,39268,Military Dairy Farm FLY (Esteem Mall),520,19
Bengaluru (Bangalore),BMTC,39106,Milk Booth,87,4
Bengaluru (Bangalore),BMTC,39107,Milk Booth,88,4
Bengaluru (Bangalore),BMTC,35202,Milk Booth JP Nagara,105,24
Bengaluru (Bangalore),BMTC,28998,Milk Colony,3,2
Bengaluru (Bangalore),BMTC,31395,Milk Colony,2,1
Bengaluru (Bangalore),BMTC,21023,Milk Dairy Hegganahalli,639,43
Bengaluru (Bangalore),BMTC,21024,Milk Dairy Hegganahalli,683,46
Bengaluru (Bangalore),BMTC,37175,Millers Road,27,2
Bengaluru (Bangalore),BMTC,37177,Millers Road,44,4
Bengaluru (Bangalore),BMTC,29005,Minaznagara,3,1
Bengaluru (Bangalore),BMTC,33936,Minaznagara,3,1
Bengaluru (Bangalore),BMTC,22291,Minerva Circle,402,51
Bengaluru (Bangalore),BMTC,21025,Minerva Mill,614,87
Bengaluru (Bangalore),BMTC,21026,Minerva Mill,611,85
Bengaluru (Bangalore),BMTC,29012,Minnapura,16,5
Bengaluru (Bangalore),BMTC,33939,Minnapura,10,3
Bengaluru (Bangalore),BMTC,29018,Mittaganahalli,3,1
Bengaluru (Bangalore),BMTC,34826,Mittaganahalli 1,3,1
Bengaluru (Bangalore),BMTC,29020,Mittaganahalli Cross,4,2
Bengaluru (Bangalore),BMTC,33943,Mittaganahalli Cross,3,1
Bengaluru (Bangalore),BMTC,33721,Modalakote,5,2
Bengaluru (Bangalore),BMTC,24003,Modern Food Goraguntepalya,738,45
Bengaluru (Bangalore),BMTC,24014,Modern Food Goraguntepalya,751,45
Bengaluru (Bangalore),BMTC,38913,Modi Garden,3,2
Bengaluru (Bangalore),BMTC,21027,Modi Hospital,481,26
Bengaluru (Bangalore),BMTC,21028,Modi Hospital,522,28
Bengaluru (Bangalore),BMTC,29029,Mohankumar Nagara,3,1
Bengaluru (Bangalore),BMTC,33946,Mohankumar Nagara,1,1
Bengaluru (Bangalore),BMTC,22295,Monotype Corporation,261,29
Bengaluru (Bangalore),BMTC,23644,Monotype Corporation,263,27
Bengaluru (Bangalore),BMTC,21573,Moodalapalya,418,31
Bengaluru (Bangalore),BMTC,22296,Moodalapalya,412,27
Bengaluru (Bangalore),BMTC,33948,Mookambika Nagara Circle,8,1
Bengaluru (Bangalore),BMTC,21854,Mosque Road,321,82
Bengaluru (Bangalore),BMTC,22297,Mosque Road,564,39
Bengaluru (Bangalore),BMTC,22298,Mosque Road,572,41
Bengaluru (Bangalore),BMTC,29035,Motaganahalli,12,5
Bengaluru (Bangalore),BMTC,33949,Motaganahalli,12,5
Bengaluru (Bangalore),BMTC,29037,Motaganahalli Bishop Cotton School,2,2
Bengaluru (Bangalore),BMTC,33950,Motaganahalli Bishop Cotton School,2,2
Bengaluru (Bangalore),BMTC,29039,Motaganahalli High School,2,2
Bengaluru (Bangalore),BMTC,33951,Motaganahalli High School,2,2
Bengaluru (Bangalore),BMTC,22299,Mother Dairy Cross Yelahanka,784,56
Bengaluru (Bangalore),BMTC,22301,Mother Dairy Cross Yelahanka,778,55
Bengaluru (Bangalore),BMTC,29041,Mother Dairy Yelahanka,124,4
Bengaluru (Bangalore),BMTC,33952,Mother Dairy Yelahanka,336,21
Bengaluru (Bangalore),BMTC,29043,Motherson Automotive Cross,24,11
Bengaluru (Bangalore),BMTC,33953,Motherson Automotive Cross,24,11
Bengaluru (Bangalore),BMTC,38770,Mount Carmel,4,2
Bengaluru (Bangalore),BMTC,38771,Mount Carmel,5,3
Bengaluru (Bangalore),BMTC,29044,Mount Carmel College,30,3
Bengaluru (Bangalore),BMTC,35379,Mount Carmel College,259,15
Bengaluru (Bangalore),BMTC,37778,Mudalapalya (Banavadi),1,1
Bengaluru (Bangalore),BMTC,37779,Mudalapalya (Banavadi),1,1
Bengaluru (Bangalore),BMTC,29056,Mudalayyana Doddy,2,2
Bengaluru (Bangalore),BMTC,33959,Mudalayyana Doddy,2,1
Bengaluru (Bangalore),BMTC,29059,Muddanahalli,3,2
Bengaluru (Bangalore),BMTC,33960,Muddanahalli,4,2
Bengaluru (Bangalore),BMTC,29061,Muddanahalli Gate,3,2
Bengaluru (Bangalore),BMTC,33961,Muddanahalli Gate,4,2
Bengaluru (Bangalore),BMTC,30384,Muddayanapalya Junction,259,18
Bengaluru (Bangalore),BMTC,33962,Muddayyanapalya,2,1
Bengaluru (Bangalore),BMTC,33963,Muddayyanapalya,2,1
Bengaluru (Bangalore),BMTC,29067,Muddayyanapalya,167,9
Bengaluru (Bangalore),BMTC,33965,Muddayyanapalya,17,6
Bengaluru (Bangalore),BMTC,39651,Muddayyanapalya,9,4
Bengaluru (Bangalore),BMTC,29065,Muddayyanapalya,1,1
Bengaluru (Bangalore),BMTC,33964,Muddayyanapalya,3,2
Bengaluru (Bangalore),BMTC,33149,Muddayyanapalya Junction,366,25
Bengaluru (Bangalore),BMTC,40619,Mudugurki Cross,62,2
Bengaluru (Bangalore),BMTC,40620,Mudugurki Cross,58,2
Bengaluru (Bangalore),BMTC,29069,Mugabala,17,5
Bengaluru (Bangalore),BMTC,33966,Mugabala,17,4
Bengaluru (Bangalore),BMTC,23401,Mugaluru,32,10
Bengaluru (Bangalore),BMTC,23413,Mugaluru,31,12
Bengaluru (Bangalore),BMTC,22308,Mukkodlu,16,7
Bengaluru (Bangalore),BMTC,22309,Mukkodlu,34,11
Bengaluru (Bangalore),BMTC,29071,Mukthi Naga Temple,3,1
Bengaluru (Bangalore),BMTC,33967,Mukthi Naga Temple,3,1
Bengaluru (Bangalore),BMTC,33968,Mulakattamma Temple Mallohalli,8,4
Bengaluru (Bangalore),BMTC,29073,Mulkattamma Temple Mallohalli,8,4
Bengaluru (Bangalore),BMTC,21031,Multiplex Marathahalli,1334,89
Bengaluru (Bangalore),BMTC,21032,Multiplex Marathahalli,1280,88
Bengaluru (Bangalore),BMTC,29079,Mummenahalli,2,1
Bengaluru (Bangalore),BMTC,33971,Mummenahalli,2,1
Bengaluru (Bangalore),BMTC,23777,Muneshwara Block,13,2
Bengaluru (Bangalore),BMTC,22311,Muneshwara Block Cross,85,12
Bengaluru (Bangalore),BMTC,22310,Muneshwara Block‌ Cross,67,10
Bengaluru (Bangalore),BMTC,21033,Muneshwara Devasthana,952,167
Bengaluru (Bangalore),BMTC,21034,Muneshwara Devasthana,947,168
Bengaluru (Bangalore),BMTC,21036,Muneshwara Layout,217,21
Bengaluru (Bangalore),BMTC,35382,Muneshwara Layout,212,18
Bengaluru (Bangalore),BMTC,29083,Muneshwara Layout,14,6
Bengaluru (Bangalore),BMTC,33973,Muneshwara Layout,14,4
Bengaluru (Bangalore),BMTC,39555,Muneshwara Layout Vaderahalli,10,2
Bengaluru (Bangalore),BMTC,29086,Muneshwara Nagara,65,10
Bengaluru (Bangalore),BMTC,33975,Muneshwara Nagara,63,9
Bengaluru (Bangalore),BMTC,39156,Muneshwara Swamy Temple,2,1
Bengaluru (Bangalore),BMTC,39157,Muneshwara Swamy Temple,2,1
Bengaluru (Bangalore),BMTC,33977,Muneshwara Temple,2,2
Bengaluru (Bangalore),BMTC,33978,Muneshwara Temple,2,2
Bengaluru (Bangalore),BMTC,29092,Muneshwara Temple,29,7
Bengaluru (Bangalore),BMTC,33979,Muneshwara Temple,29,6
Bengaluru (Bangalore),BMTC,22682,Muneshwara Temple,14,4
Bengaluru (Bangalore),BMTC,22690,Muneshwara Temple,8,3
Bengaluru (Bangalore),BMTC,35115,Muneshwara Temple,38,7
Bengaluru (Bangalore),BMTC,35228,Muneshwara Temple,37,6
Bengaluru (Bangalore),BMTC,22312,Muni Nagara,11,3
Bengaluru (Bangalore),BMTC,22313,Muni Nagara,7,3
Bengaluru (Bangalore),BMTC,29094,Munikondappa Layout Widia Factory,5,1
Bengaluru (Bangalore),BMTC,23791,Munireddy Palya J C Nagara,835,98
Bengaluru (Bangalore),BMTC,24019,Munireddy Palya J C Nagara,681,78
Bengaluru (Bangalore),BMTC,22314,Munish Singh Hospital,384,54
Bengaluru (Bangalore),BMTC,22315,Munish Singh Hospital,491,60
Bengaluru (Bangalore),BMTC,29096,Muniswamappa Layout,2,1
Bengaluru (Bangalore),BMTC,33980,Muniswamappa Layout,2,1
Bengaluru (Bangalore),BMTC,23321,Munnekolalu,17,5
Bengaluru (Bangalore),BMTC,21037,Munnekolalu Cross (Spice Garden),943,98
Bengaluru (Bangalore),BMTC,21038,Munnekolalu Cross (Spice Garden),951,100
Bengaluru (Bangalore),BMTC,23320,Munnekolalu Junction,12,5
Bengaluru (Bangalore),BMTC,23322,Munnekolalu Junction,5,1
Bengaluru (Bangalore),BMTC,29098,Muppadaghatta,7,3
Bengaluru (Bangalore),BMTC,33981,Muppadaghatta,7,3
Bengaluru (Bangalore),BMTC,22316,Murugeshpalya,546,102
Bengaluru (Bangalore),BMTC,22485,Murugeshpalya,518,97
Bengaluru (Bangalore),BMTC,21574,Museum,479,56
Bengaluru (Bangalore),BMTC,22317,Museum,191,31
Bengaluru (Bangalore),BMTC,22318,Muslim Colony,490,59
Bengaluru (Bangalore),BMTC,22319,Muslim Colony,492,57
Bengaluru (Bangalore),BMTC,29101,Muthanallur Amanikere,3,2
Bengaluru (Bangalore),BMTC,33982,Muthanallur Amanikere,3,2
Bengaluru (Bangalore),BMTC,29103,Muthanallur Colony,7,2
Bengaluru (Bangalore),BMTC,33983,Muthanallur Colony,3,2
Bengaluru (Bangalore),BMTC,33985,Muthkur,14,6
Bengaluru (Bangalore),BMTC,33986,Muthkur,13,6
Bengaluru (Bangalore),BMTC,29109,Muthkur,12,5
Bengaluru (Bangalore),BMTC,33987,Muthkur,21,6
Bengaluru (Bangalore),BMTC,29111,Muthkur Cross Shivakote,4,3
Bengaluru (Bangalore),BMTC,31396,Muthkur Cross Shivakote,78,16
Bengaluru (Bangalore),BMTC,33988,Muthkur Cross Shivakote,69,14
Bengaluru (Bangalore),BMTC,29114,Muthsandra,11,2
Bengaluru (Bangalore),BMTC,33989,Muthsandra,39,9
Bengaluru (Bangalore),BMTC,33990,Muthsandra,36,8
Bengaluru (Bangalore),BMTC,29121,Muthugadahalli,2,1
Bengaluru (Bangalore),BMTC,33996,Muthugadahalli,2,1
Bengaluru (Bangalore),BMTC,33995,Muthugadahalli,62,16
Bengaluru (Bangalore),BMTC,33991,Muthugadahalli,7,3
Bengaluru (Bangalore),BMTC,33992,Muthugadahalli,6,3
Bengaluru (Bangalore),BMTC,33993,Muthugadahalli,7,4
Bengaluru (Bangalore),BMTC,33994,Muthugadahalli,7,4
Bengaluru (Bangalore),BMTC,36459,Muthugadahalli Hostel,7,3
Bengaluru (Bangalore),BMTC,36460,Muthugadahalli Hostel,7,5
Bengaluru (Bangalore),BMTC,29124,Muthukadahalli,3,1
Bengaluru (Bangalore),BMTC,33998,Muthukadahalli,1,1
Bengaluru (Bangalore),BMTC,33997,Muthukadahalli,56,14
Bengaluru (Bangalore),BMTC,29126,Muthurayanagudipalya,2,1
Bengaluru (Bangalore),BMTC,33999,Muthurayanagudipalya,2,2
Bengaluru (Bangalore),BMTC,29128,Muthurayanapura,25,14
Bengaluru (Bangalore),BMTC,34000,Muthurayanapura,25,10
Bengaluru (Bangalore),BMTC,29134,Muthyala Nagara Gate,7,3
Bengaluru (Bangalore),BMTC,34002,Muthyala Nagara Gate,6,1
Bengaluru (Bangalore),BMTC,24094,Muthyalamadu Cross,139,15
Bengaluru (Bangalore),BMTC,24215,Muthyalamadu Cross,114,10
Bengaluru (Bangalore),BMTC,39533,Muthyalanagara,13,3
Bengaluru (Bangalore),BMTC,21575,Muthyalanagara Cross,414,35
Bengaluru (Bangalore),BMTC,21576,Muthyalanagara Cross,410,38
Bengaluru (Bangalore),BMTC,29136,Muttanahalli,3,1
Bengaluru (Bangalore),BMTC,34003,Muttanahalli,2,1
Bengaluru (Bangalore),BMTC,29139,Muttanalluru,7,3
Bengaluru (Bangalore),BMTC,34004,Muttanalluru,19,6
Bengaluru (Bangalore),BMTC,35122,Muttanalluru Cross,47,15
Bengaluru (Bangalore),BMTC,35131,Muttanalluru Cross,390,61
Bengaluru (Bangalore),BMTC,35243,Muttanalluru Cross,388,57
Bengaluru (Bangalore),BMTC,29143,Muttanalluru Gate,34,7
Bengaluru (Bangalore),BMTC,34007,Muttanalluru Gate,32,7
Bengaluru (Bangalore),BMTC,34008,Muttanalluru Gate,2,2
Bengaluru (Bangalore),BMTC,34006,Muttanalluru Junction,25,7
Bengaluru (Bangalore),BMTC,29129,Muttarayanapura,2,1
Bengaluru (Bangalore),BMTC,29131,Muttarayanapura Cross,4,2
Bengaluru (Bangalore),BMTC,34001,Muttarayanapura Cross,7,3
Bengaluru (Bangalore),BMTC,29145,Mutturayanaswamy Doddy,1,1
Bengaluru (Bangalore),BMTC,34009,Mutturayanaswamy Doddy,6,3
Bengaluru (Bangalore),BMTC,29148,Mutturayanaswamy Temple,14,8
Bengaluru (Bangalore),BMTC,35320,Mutturayanaswamy Temple,16,10
Bengaluru (Bangalore),BMTC,34010,Mutturayanaswamy Temple,271,29
Bengaluru (Bangalore),BMTC,34011,Mutturayanaswamy Temple,219,21
Bengaluru (Bangalore),BMTC,40567,Mutturayaswamy Temple,7,4
Bengaluru (Bangalore),BMTC,40568,Mutturayaswamy Temple,7,4
Bengaluru (Bangalore),BMTC,29150,Mutturu,173,10
Bengaluru (Bangalore),BMTC,34012,Mutturu,70,4
Bengaluru (Bangalore),BMTC,31398,Mylanahalli,3,2
Bengaluru (Bangalore),BMTC,29159,Mylanahalli,36,14
Bengaluru (Bangalore),BMTC,34015,Mylanahalli,35,17
Bengaluru (Bangalore),BMTC,34016,Mylanahalli,40,16
Bengaluru (Bangalore),BMTC,34018,Mylanahalli,41,14
Bengaluru (Bangalore),BMTC,34828,Mylanahalli Bare,87,24
Bengaluru (Bangalore),BMTC,34829,Mylanahalli Bare,88,31
Bengaluru (Bangalore),BMTC,29163,Mylanahalli Cross,86,23
Bengaluru (Bangalore),BMTC,34019,Mylanahalli Cross,86,29
Bengaluru (Bangalore),BMTC,29167,Mylappanahalli,11,6
Bengaluru (Bangalore),BMTC,34020,Mylappanahalli,8,3
Bengaluru (Bangalore),BMTC,34022,Mylappanahalli,2,1
Bengaluru (Bangalore),BMTC,29169,Mylappanahalli Cross,9,6
Bengaluru (Bangalore),BMTC,34023,Mylappanahalli Cross,8,5
Bengaluru (Bangalore),BMTC,29173,Mylapura Gate,17,4
Bengaluru (Bangalore),BMTC,34025,Mylapura Gate,17,5
Bengaluru (Bangalore),BMTC,23995,Mylasandra,16,3
Bengaluru (Bangalore),BMTC,24158,Mylasandra,10,3
Bengaluru (Bangalore),BMTC,21039,Mylasandra Cross,673,147
Bengaluru (Bangalore),BMTC,21040,Mylasandra Cross,666,162
Bengaluru (Bangalore),BMTC,23771,Mylasandra Cross,281,32
Bengaluru (Bangalore),BMTC,24143,Mylasandra Cross,297,31
Bengaluru (Bangalore),BMTC,23996,Mylasandra Road Junction,306,31
Bengaluru (Bangalore),BMTC,24144,Mylasandra Road Junction,247,19
Bengaluru (Bangalore),BMTC,35383,Mysore Bank,3286,514
Bengaluru (Bangalore),BMTC,23482,Mysore Circle,117,7
Bengaluru (Bangalore),BMTC,29176,Mysore Lamp,177,5
Bengaluru (Bangalore),BMTC,34026,Mysore Lamp,172,3
Bengaluru (Bangalore),BMTC,21042,Mysore Road Bus Station,1831,234
Bengaluru (Bangalore),BMTC,38815,Mysore Road Bus Station,145,6
Bengaluru (Bangalore),BMTC,21580,Mysore Road Metro Station,1352,234
Bengaluru (Bangalore),BMTC,23370,Mysore Road Metro Station,1335,202
Bengaluru (Bangalore),BMTC,21043,Mysore Road TollGate,1280,202
Bengaluru (Bangalore),BMTC,21044,Mysore Road TollGate,1330,233
Bengaluru (Bangalore),BMTC,29178,N Hosahalli,3,2
Bengaluru (Bangalore),BMTC,34027,N Hosahalli,4,2
Bengaluru (Bangalore),BMTC,27508,N R I Layout,3,3
Bengaluru (Bangalore),BMTC,22337,NAL Manipal Hospital,521,98
Bengaluru (Bangalore),BMTC,22336,NAL/Manipal Hospital,566,104
Bengaluru (Bangalore),BMTC,38940,NCBS College,3,2
Bengaluru (Bangalore),BMTC,22356,NES Office,1257,154
Bengaluru (Bangalore),BMTC,22357,NES Office,1329,177
Bengaluru (Bangalore),BMTC,38098,NES Office,1,1
Bengaluru (Bangalore),BMTC,40431,NES Office,1,1
Bengaluru (Bangalore),BMTC,21060,NGEF,501,176
Bengaluru (Bangalore),BMTC,21061,NGEF,447,170
Bengaluru (Bangalore),BMTC,36781,NGEF,2,2
Bengaluru (Bangalore),BMTC,21581,NGEF Layout Nagarabhavi,512,38
Bengaluru (Bangalore),BMTC,22362,NGEF Layout Nagarabhavi,502,41
Bengaluru (Bangalore),BMTC,23822,NGV Koramangala,2,2
Bengaluru (Bangalore),BMTC,24286,NICE Bridge,5,1
Bengaluru (Bangalore),BMTC,24350,NICE Bridge,4,1
Bengaluru (Bangalore),BMTC,27459,NICE Office,7,4
Bengaluru (Bangalore),BMTC,34154,NICE Office,121,20
Bengaluru (Bangalore),BMTC,34155,NICE Office,116,21
Bengaluru (Bangalore),BMTC,34156,NICE Office,7,4
Bengaluru (Bangalore),BMTC,29375,NICE Road 10th Stane,128,24
Bengaluru (Bangalore),BMTC,35415,NICE Road 10th Stone,125,26
Bengaluru (Bangalore),BMTC,29378,NICE Road 11th Stone,128,24
Bengaluru (Bangalore),BMTC,35419,NICE Road 11th Stone,125,26
Bengaluru (Bangalore),BMTC,29379,NICE Road 12th Stone,128,24
Bengaluru (Bangalore),BMTC,35420,NICE Road 12th Stone,125,26
Bengaluru (Bangalore),BMTC,29380,NICE Road 13th Stone,136,25
Bengaluru (Bangalore),BMTC,35421,NICE Road 13th Stone,133,27
Bengaluru (Bangalore),BMTC,29382,NICE Road 14th Stone,136,25
Bengaluru (Bangalore),BMTC,35423,NICE Road 14th Stone,133,27
Bengaluru (Bangalore),BMTC,29384,NICE Road 15th Stone,133,23
Bengaluru (Bangalore),BMTC,35425,NICE Road 15th Stone,130,25
Bengaluru (Bangalore),BMTC,29387,NICE Road 16th Stone,133,23
Bengaluru (Bangalore),BMTC,35426,NICE Road 16th Stone,130,25
Bengaluru (Bangalore),BMTC,29389,NICE Road 17th Stone,133,23
Bengaluru (Bangalore),BMTC,35604,NICE Road 17th Stone,130,25
Bengaluru (Bangalore),BMTC,29396,NICE Road 1st Stone,89,14
Bengaluru (Bangalore),BMTC,35597,NICE Road 1st Stone,94,12
Bengaluru (Bangalore),BMTC,29403,NICE Road 2nd Stone,89,14
Bengaluru (Bangalore),BMTC,35590,NICE Road 2nd Stone,94,12
Bengaluru (Bangalore),BMTC,35588,NICE Road 3rd Stone,94,12
Bengaluru (Bangalore),BMTC,29405,NICE Road 3rd Stone,89,14
Bengaluru (Bangalore),BMTC,35586,NICE Road 4th Stone,94,12
Bengaluru (Bangalore),BMTC,29408,NICE Road 4th Stone,89,14
Bengaluru (Bangalore),BMTC,29412,NICE Road 5th Stone,98,14
Bengaluru (Bangalore),BMTC,35582,NICE Road 5th Stone,93,16
Bengaluru (Bangalore),BMTC,29413,NICE Road 6th Stone,98,14
Bengaluru (Bangalore),BMTC,35581,NICE Road 6th Stone,93,16
Bengaluru (Bangalore),BMTC,29417,NICE Road 7th Stone,93,16
Bengaluru (Bangalore),BMTC,35577,NICE Road 7th Stone,98,14
Bengaluru (Bangalore),BMTC,29423,NICE Road 8th Stone,93,16
Bengaluru (Bangalore),BMTC,35569,NICE Road 8th Stone,98,14
Bengaluru (Bangalore),BMTC,29424,NICE Road 9th Stone,121,20
Bengaluru (Bangalore),BMTC,35568,NICE Road 9th Stone,118,22
Bengaluru (Bangalore),BMTC,27461,NICE Road Bannerughatta Road Junction,138,30
Bengaluru (Bangalore),BMTC,34157,NICE Road Bannerughatta Road Junction,137,26
Bengaluru (Bangalore),BMTC,40497,NICE Road Bannerughatta Road Junction,3,2
Bengaluru (Bangalore),BMTC,38820,NICE Road Junction,9,3
Bengaluru (Bangalore),BMTC,27463,NICE Road Kanakapura Road,127,19
Bengaluru (Bangalore),BMTC,22363,NICE Road Kanakapura Road Junction,315,84
Bengaluru (Bangalore),BMTC,22364,NICE Road Kanakapura Road Junction,451,110
Bengaluru (Bangalore),BMTC,27465,NICE Road Kanakapura Road Junction,16,9
Bengaluru (Bangalore),BMTC,34158,NICE Road Kanakapura Road Junction,21,11
Bengaluru (Bangalore),BMTC,22233,NICE Road Madavara,611,124
Bengaluru (Bangalore),BMTC,30392,NICE Road Magadi Road Junction,96,17
Bengaluru (Bangalore),BMTC,33150,NICE Road Magadi Road Junction,100,15
Bengaluru (Bangalore),BMTC,21063,NICE Road Mysore Road Junction,637,167
Bengaluru (Bangalore),BMTC,27466,NICE Road Mysore Road Junction,22,5
Bengaluru (Bangalore),BMTC,27468,NICE Road Mysore Road Junction,115,18
Bengaluru (Bangalore),BMTC,34159,NICE Road Mysore Road Junction,100,15
Bengaluru (Bangalore),BMTC,35386,NICE Road Mysore Road Junction,578,130
Bengaluru (Bangalore),BMTC,30394,NICE Road Tumkur Road Junction,89,14
Bengaluru (Bangalore),BMTC,33151,NICE Road Tumkur Road Junction,94,12
Bengaluru (Bangalore),BMTC,27470,NICE Road Veerabhadranagara,7,4
Bengaluru (Bangalore),BMTC,34160,NICE Road Veerabhadranagara,7,4
Bengaluru (Bangalore),BMTC,38125,NICE Toll Electronic City,13,7
Bengaluru (Bangalore),BMTC,24281,NIFT College,116,10
Bengaluru (Bangalore),BMTC,24298,NIFT College,102,9
Bengaluru (Bangalore),BMTC,27498,NITTE Meenakshi College,2,2
Bengaluru (Bangalore),BMTC,34172,NITTE Meenakshi College,1,1
Bengaluru (Bangalore),BMTC,23684,NR Colony,197,21
Bengaluru (Bangalore),BMTC,23730,NR Colony,200,20
Bengaluru (Bangalore),BMTC,38041,NRI Layout,1,1
Bengaluru (Bangalore),BMTC,27513,NS Palya,4,1
Bengaluru (Bangalore),BMTC,21068,NTTF Peenya,1233,89
Bengaluru (Bangalore),BMTC,21069,NTTF Peenya,1258,80
Bengaluru (Bangalore),BMTC,34178,NTTF Peenya,1,1
Bengaluru (Bangalore),BMTC,29180,Naduvatti,31,18
Bengaluru (Bangalore),BMTC,34028,Naduvatti,31,17
Bengaluru (Bangalore),BMTC,29182,Naduvatti Colony,3,3
Bengaluru (Bangalore),BMTC,34029,Naduvatti Colony,4,3
Bengaluru (Bangalore),BMTC,29184,Nagadasanahalli,4,2
Bengaluru (Bangalore),BMTC,36083,Nagadasanahalli,3,2
Bengaluru (Bangalore),BMTC,29186,Nagadenahalli,43,2
Bengaluru (Bangalore),BMTC,34030,Nagadenahalli,42,2
Bengaluru (Bangalore),BMTC,22322,Nagadevanahalli,795,39
Bengaluru (Bangalore),BMTC,22323,Nagadevanahalli,820,41
Bengaluru (Bangalore),BMTC,29188,Nagalakshmi Kalyana Mantapa,63,7
Bengaluru (Bangalore),BMTC,34031,Nagalakshmi Kalyana Mantapa,60,7
Bengaluru (Bangalore),BMTC,22324,Nagaland Circle,407,27
Bengaluru (Bangalore),BMTC,22325,Nagaland Circle,421,29
Bengaluru (Bangalore),BMTC,29190,Nagamangala,7,4
Bengaluru (Bangalore),BMTC,34032,Nagamangala,11,8
Bengaluru (Bangalore),BMTC,29198,Naganayakanahalli,2,2
Bengaluru (Bangalore),BMTC,34038,Naganayakanahalli,2,2
Bengaluru (Bangalore),BMTC,34033,Naganayakanahalli,4,2
Bengaluru (Bangalore),BMTC,34034,Naganayakanahalli,3,2
Bengaluru (Bangalore),BMTC,34035,Naganayakanahalli,1,1
Bengaluru (Bangalore),BMTC,34036,Naganayakanahalli,11,3
Bengaluru (Bangalore),BMTC,29199,Naganayakanakote,5,1
Bengaluru (Bangalore),BMTC,23565,Naganayakanakote Cross,13,5
Bengaluru (Bangalore),BMTC,23568,Naganayakanakote Cross,19,7
Bengaluru (Bangalore),BMTC,29201,Nagapura,13,1
Bengaluru (Bangalore),BMTC,29397,Nagarabhavi 2nd Stage 11th Block,1,1
Bengaluru (Bangalore),BMTC,35596,Nagarabhavi 2nd Stage 11th Block,1,1
Bengaluru (Bangalore),BMTC,21577,Nagarabhavi Circle,416,31
Bengaluru (Bangalore),BMTC,29205,Nagarabhavi Circle,452,30
Bengaluru (Bangalore),BMTC,34041,Nagarabhavi Circle,447,30
Bengaluru (Bangalore),BMTC,35384,Nagarabhavi Circle,522,47
Bengaluru (Bangalore),BMTC,35385,Nagarabhavi Circle,111,24
Bengaluru (Bangalore),BMTC,29207,Nagarabhavi Vishweshwaraiah Sports Club,242,19
Bengaluru (Bangalore),BMTC,34042,Nagarabhavi Vishweshwaraiah Sports Club,227,16
Bengaluru (Bangalore),BMTC,29211,Nagaraesh Nagenahalli Dinne,9,2
Bengaluru (Bangalore),BMTC,29213,Nagarahole Nagara,9,2
Bengaluru (Bangalore),BMTC,34045,Nagarahole Nagara,3,1
Bengaluru (Bangalore),BMTC,38617,Nagaraholenagara Cross,686,47
Bengaluru (Bangalore),BMTC,29215,Nagarajuna College Ananthapura,3,2
Bengaluru (Bangalore),BMTC,34046,Nagarajuna College Ananthapura,1,1
Bengaluru (Bangalore),BMTC,29221,Nagarenahalli,2,1
Bengaluru (Bangalore),BMTC,34049,Nagarenahalli,2,2
Bengaluru (Bangalore),BMTC,29209,Nagaresh Nagenahalli,8,3
Bengaluru (Bangalore),BMTC,34043,Nagaresh Nagenahalli,18,5
Bengaluru (Bangalore),BMTC,40616,Nagarjuna College of Eng & Techno,58,2
Bengaluru (Bangalore),BMTC,29217,Nagaruru,18,4
Bengaluru (Bangalore),BMTC,34047,Nagaruru,18,4
Bengaluru (Bangalore),BMTC,29219,Nagaruru Cross,38,11
Bengaluru (Bangalore),BMTC,34048,Nagaruru Cross,110,27
Bengaluru (Bangalore),BMTC,29223,Nagasandra,63,4
Bengaluru (Bangalore),BMTC,34050,Nagasandra,62,4
Bengaluru (Bangalore),BMTC,29225,Nagasandra Circle,147,10
Bengaluru (Bangalore),BMTC,34051,Nagasandra Circle,140,10
Bengaluru (Bangalore),BMTC,34052,Nagasandra Cross,670,24
Bengaluru (Bangalore),BMTC,36386,Nagasandra Cross,11,2
Bengaluru (Bangalore),BMTC,29231,Nagasandra Metro Staiton,10,3
Bengaluru (Bangalore),BMTC,34055,Nagasandra Metro Station,71,38
Bengaluru (Bangalore),BMTC,29235,Nagasandra Palya,2,2
Bengaluru (Bangalore),BMTC,34056,Nagasandra Palya,2,1
Bengaluru (Bangalore),BMTC,21047,Nagashetty halli,63,8
Bengaluru (Bangalore),BMTC,21048,Nagashetty halli,63,7
Bengaluru (Bangalore),BMTC,22382,Nagavara Junction Petrol Bunk,575,61
Bengaluru (Bangalore),BMTC,22383,Nagavara Junction Petrol Bunk,560,60
Bengaluru (Bangalore),BMTC,29239,Nagavarapalya,2,2
Bengaluru (Bangalore),BMTC,34058,Nagavarapalya,2,2
Bengaluru (Bangalore),BMTC,22326,Nagawara,468,54
Bengaluru (Bangalore),BMTC,22327,Nagawara,33,4
Bengaluru (Bangalore),BMTC,20884,Nagawara Junction,1115,97
Bengaluru (Bangalore),BMTC,20885,Nagawara Junction,1044,98
Bengaluru (Bangalore),BMTC,35837,Nagawara Junction,527,54
Bengaluru (Bangalore),BMTC,35838,Nagawara Junction,434,46
Bengaluru (Bangalore),BMTC,36305,Nagawara Junction,42,11
Bengaluru (Bangalore),BMTC,37603,Nagawara Junction,3,1
Bengaluru (Bangalore),BMTC,29241,Nagayyana Doddy,3,1
Bengaluru (Bangalore),BMTC,34059,Nagayyana Doddy,3,1
Bengaluru (Bangalore),BMTC,38822,Nagegowdanapalya,18,3
Bengaluru (Bangalore),BMTC,29247,Nagegowdanpalya Cross,3,2
Bengaluru (Bangalore),BMTC,34063,Nagegowdanpalya Cross,5,4
Bengaluru (Bangalore),BMTC,22332,Nagenahalli,7,4
Bengaluru (Bangalore),BMTC,34066,Nagenahalli,6,2
Bengaluru (Bangalore),BMTC,34065,Nagenahalli,5,3
Bengaluru (Bangalore),BMTC,34067,Nagenahalli,4,3
Bengaluru (Bangalore),BMTC,29254,Nagenahalli,3,2
Bengaluru (Bangalore),BMTC,34068,Nagenahalli,1,1
Bengaluru (Bangalore),BMTC,22331,Nagenahalli,228,55
Bengaluru (Bangalore),BMTC,22333,Nagenahalli,227,51
Bengaluru (Bangalore),BMTC,29256,Nagenahalli Gate,348,79
Bengaluru (Bangalore),BMTC,34069,Nagenahalli Gate,316,68
Bengaluru (Bangalore),BMTC,22334,Nagendra Block,77,12
Bengaluru (Bangalore),BMTC,22335,Nagendra Block,231,30
Bengaluru (Bangalore),BMTC,23561,Nagondanahalli,28,2
Bengaluru (Bangalore),BMTC,35181,Nagondanahalli,21,2
Bengaluru (Bangalore),BMTC,29260,Naidu Layout,4,2
Bengaluru (Bangalore),BMTC,34071,Naidu Layout,2,1
Bengaluru (Bangalore),BMTC,40524,Nakshatra Layout,14,7
Bengaluru (Bangalore),BMTC,40525,Nakshatra Layout,16,8
Bengaluru (Bangalore),BMTC,29265,Nalku Kamba,46,20
Bengaluru (Bangalore),BMTC,34073,Nalku Kamba,40,12
Bengaluru (Bangalore),BMTC,29269,Nallakkana Doddy Cross,17,6
Bengaluru (Bangalore),BMTC,34075,Nallakkana Doddy Cross,19,7
Bengaluru (Bangalore),BMTC,29267,NallakkanaDoddy,4,1
Bengaluru (Bangalore),BMTC,34074,NallakkanaDoddy,4,1
Bengaluru (Bangalore),BMTC,29271,Nallapanahalli Gate,6,3
Bengaluru (Bangalore),BMTC,34076,Nallapanahalli Gate,6,2
Bengaluru (Bangalore),BMTC,22338,Nallur,15,6
Bengaluru (Bangalore),BMTC,22339,Nallur,16,8
Bengaluru (Bangalore),BMTC,29274,Nallur Cross,38,3
Bengaluru (Bangalore),BMTC,34077,Nallur Cross,34,2
Bengaluru (Bangalore),BMTC,38813,Nallur Cross,5,2
Bengaluru (Bangalore),BMTC,22340,Nallur Cross,12,5
Bengaluru (Bangalore),BMTC,34078,Nallur Cross,9,2
Bengaluru (Bangalore),BMTC,29277,Nallurahalli,5,2
Bengaluru (Bangalore),BMTC,34080,Nallurahalli,3,1
Bengaluru (Bangalore),BMTC,29279,Nammura Sarkari School,10,4
Bengaluru (Bangalore),BMTC,34081,Nammura Sarkari School,11,6
Bengaluru (Bangalore),BMTC,29281,Nanda Gokula Nagara,4,4
Bengaluru (Bangalore),BMTC,34082,Nanda Gokula Nagara,4,4
Bengaluru (Bangalore),BMTC,29283,Nanda Shree,13,8
Bengaluru (Bangalore),BMTC,34083,Nanda Shree,13,9
Bengaluru (Bangalore),BMTC,22341,Nanda Talkies,563,101
Bengaluru (Bangalore),BMTC,22342,Nanda Talkies,477,105
Bengaluru (Bangalore),BMTC,29285,Nandagudi,63,4
Bengaluru (Bangalore),BMTC,34084,Nandagudi,67,4
Bengaluru (Bangalore),BMTC,38922,Nandaramaiahna Palya,18,4
Bengaluru (Bangalore),BMTC,38923,Nandaramaiahna Palya,18,4
Bengaluru (Bangalore),BMTC,38151,Nandas Hotel,56,1
Bengaluru (Bangalore),BMTC,29289,Nandhini Layout,793,52
Bengaluru (Bangalore),BMTC,34086,Nandhini Layout,606,53
Bengaluru (Bangalore),BMTC,29292,Nandhini Talkies,18,3
Bengaluru (Bangalore),BMTC,34087,Nandhini Talkies,19,3
Bengaluru (Bangalore),BMTC,23362,Nandi Garden Kothanur,208,22
Bengaluru (Bangalore),BMTC,23365,Nandi Garden Kothanur,130,20
Bengaluru (Bangalore),BMTC,37996,Nandi Village Cross,62,2
Bengaluru (Bangalore),BMTC,37997,Nandi Village Cross,58,2
Bengaluru (Bangalore),BMTC,34091,Nandidurga Road,101,4
Bengaluru (Bangalore),BMTC,34092,Nandidurga Road,112,9
Bengaluru (Bangalore),BMTC,38147,Nandini Cool Joint,56,1
Bengaluru (Bangalore),BMTC,38148,Nandini Cool Joint,56,1
Bengaluru (Bangalore),BMTC,34195,Nandini Hotel JP Nagara,222,17
Bengaluru (Bangalore),BMTC,29301,Nandini Layout Bus Stand,390,21
Bengaluru (Bangalore),BMTC,29302,Nandini Layout Police Station,16,1
Bengaluru (Bangalore),BMTC,27499,Nandini Layout Ring Road,794,53
Bengaluru (Bangalore),BMTC,29290,Nandini Layout Ring Road,796,60
Bengaluru (Bangalore),BMTC,35117,Nanjappa Circle,113,7
Bengaluru (Bangalore),BMTC,35278,Nanjappa Circle,120,10
Bengaluru (Bangalore),BMTC,22343,Nanjappa Circle,407,27
Bengaluru (Bangalore),BMTC,22344,Nanjappa Circle,429,33
Bengaluru (Bangalore),BMTC,23516,Nanjappa Circle,10,2
Bengaluru (Bangalore),BMTC,29305,Nanjapura,5,4
Bengaluru (Bangalore),BMTC,34093,Nanjapura,5,3
Bengaluru (Bangalore),BMTC,29307,Nanjapura Cross,12,7
Bengaluru (Bangalore),BMTC,34094,Nanjapura Cross,12,6
Bengaluru (Bangalore),BMTC,39486,Nanjundegowda layout,36,4
Bengaluru (Bangalore),BMTC,39487,Nanjundegowda layout,36,4
Bengaluru (Bangalore),BMTC,22345,Nanjundeshwara Stores,169,12
Bengaluru (Bangalore),BMTC,22198,Nano Hospital,464,37
Bengaluru (Bangalore),BMTC,23736,Nano Hospital,483,41
Bengaluru (Bangalore),BMTC,29309,Narasaiahna Agrahara,1,1
Bengaluru (Bangalore),BMTC,34095,Narasaiahna Agrahara,1,1
Bengaluru (Bangalore),BMTC,34098,Narasapura,1,1
Bengaluru (Bangalore),BMTC,29315,Narasapura (H D Devegowda Circle),4,2
Bengaluru (Bangalore),BMTC,34099,Narasapura (H D Devegowda Circle),18,2
Bengaluru (Bangalore),BMTC,34832,Narasapura 1,2,2
Bengaluru (Bangalore),BMTC,29317,Narasapura Gate,2,2
Bengaluru (Bangalore),BMTC,34100,Narasapura Gate,3,3
Bengaluru (Bangalore),BMTC,24120,Narasimha Temple,7,2
Bengaluru (Bangalore),BMTC,24277,Narasimha Temple,7,3
Bengaluru (Bangalore),BMTC,29319,Narasipura,20,4
Bengaluru (Bangalore),BMTC,34101,Narasipura,11,5
Bengaluru (Bangalore),BMTC,34102,Narayan Rao Palya,1,1
Bengaluru (Bangalore),BMTC,29325,Narayana Nagara Cross,12,5
Bengaluru (Bangalore),BMTC,34104,Narayana Nagara Cross,11,6
Bengaluru (Bangalore),BMTC,29327,Narayanaghatta,3,1
Bengaluru (Bangalore),BMTC,34105,Narayanaghatta,3,1
Bengaluru (Bangalore),BMTC,29329,Narayanaghatta Gate,37,10
Bengaluru (Bangalore),BMTC,34106,Narayanaghatta Gate,37,9
Bengaluru (Bangalore),BMTC,29331,Narayanakere,19,12
Bengaluru (Bangalore),BMTC,34107,Narayanakere,19,11
Bengaluru (Bangalore),BMTC,34108,Narayananagara 3rd Stage,8,1
Bengaluru (Bangalore),BMTC,29335,Narayanappanapalya Adakimaranahalli,18,3
Bengaluru (Bangalore),BMTC,34109,Narayanappanapalya Adakimaranahalli,11,5
Bengaluru (Bangalore),BMTC,29341,Narayanapura,4,3
Bengaluru (Bangalore),BMTC,34114,Narayanapura,4,2
Bengaluru (Bangalore),BMTC,34110,Narayanapura,14,5
Bengaluru (Bangalore),BMTC,34111,Narayanapura,14,6
Bengaluru (Bangalore),BMTC,39042,Narayanapura Cross,4,1
Bengaluru (Bangalore),BMTC,39043,Narayanapura Cross,4,1
Bengaluru (Bangalore),BMTC,29344,Narendra Tent Nagawara,3,2
Bengaluru (Bangalore),BMTC,22346,National College,597,114
Bengaluru (Bangalore),BMTC,22347,National College,6,3
Bengaluru (Bangalore),BMTC,22348,National College,184,18
Bengaluru (Bangalore),BMTC,37084,National College,57,3
Bengaluru (Bangalore),BMTC,39204,National Cricket Academy,6,3
Bengaluru (Bangalore),BMTC,39205,National Cricket Academy,3,2
Bengaluru (Bangalore),BMTC,23934,National Games Village Gate,143,16
Bengaluru (Bangalore),BMTC,23948,National Games Village Gate,151,19
Bengaluru (Bangalore),BMTC,29345,National Law College University,16,7
Bengaluru (Bangalore),BMTC,40012,National Public School Kudlu,25,1
Bengaluru (Bangalore),BMTC,40013,National Public School Kudlu,28,2
Bengaluru (Bangalore),BMTC,29346,National Public School Ullal Lake,89,4
Bengaluru (Bangalore),BMTC,29347,National Public School Ullala,88,3
Bengaluru (Bangalore),BMTC,38097,National Public School Uttarahalli,6,1
Bengaluru (Bangalore),BMTC,37082,National college,50,2
Bengaluru (Bangalore),BMTC,40544,Nature Pearl Layout,2,1
Bengaluru (Bangalore),BMTC,40545,Nature Pearl Layout,2,1
Bengaluru (Bangalore),BMTC,29349,Navarang Bar,12,5
Bengaluru (Bangalore),BMTC,34116,Navarang Bar,11,3
Bengaluru (Bangalore),BMTC,21049,Navarang Theatre,462,25
Bengaluru (Bangalore),BMTC,21051,Navarang Theatre,650,41
Bengaluru (Bangalore),BMTC,29351,Navarang Theatre,60,9
Bengaluru (Bangalore),BMTC,34117,Navarang Theatre,59,5
Bengaluru (Bangalore),BMTC,35082,Navarang Theatre,567,33
Bengaluru (Bangalore),BMTC,35290,Navarang Theatre,592,35
Bengaluru (Bangalore),BMTC,29353,Navarathna Agrahara,3,2
Bengaluru (Bangalore),BMTC,34118,Navarathna Agrahara,3,2
Bengaluru (Bangalore),BMTC,35728,Navayuga Toll,244,33
Bengaluru (Bangalore),BMTC,35729,Navayuga Toll,248,34
Bengaluru (Bangalore),BMTC,38168,Navayuga Toll  (Military Dairy Farm),519,21
Bengaluru (Bangalore),BMTC,35745,Navayuga Toll (KIA),521,20
Bengaluru (Bangalore),BMTC,38004,Navayuga Toll (V-298MN),45,2
Bengaluru (Bangalore),BMTC,38005,Navayuga Toll (V-298MN),41,1
Bengaluru (Bangalore),BMTC,23455,Navodaya Nagara,220,16
Bengaluru (Bangalore),BMTC,23471,Navodaya Nagara,216,17
Bengaluru (Bangalore),BMTC,29355,Navodaya School Bagalur,90,35
Bengaluru (Bangalore),BMTC,34119,Navodaya School Bagalur,88,35
Bengaluru (Bangalore),BMTC,29357,Navodaya School Doddaballapura,262,21
Bengaluru (Bangalore),BMTC,34120,Navodaya School Doddaballapura,255,24
Bengaluru (Bangalore),BMTC,29359,Navya Badavane,145,17
Bengaluru (Bangalore),BMTC,34121,Navya Badavane,174,26
Bengaluru (Bangalore),BMTC,29361,Nawkalpalya,2,1
Bengaluru (Bangalore),BMTC,34122,Nawkalpalya,3,1
Bengaluru (Bangalore),BMTC,34123,Nayakanapalya,5,1
Bengaluru (Bangalore),BMTC,29365,Nayanahalli,3,2
Bengaluru (Bangalore),BMTC,34124,Nayanahalli,3,2
Bengaluru (Bangalore),BMTC,30387,Nayanahalli Cross,149,19
Bengaluru (Bangalore),BMTC,35295,Nayanahalli Cross,120,13
Bengaluru (Bangalore),BMTC,21052,Nayandahalli,1236,191
Bengaluru (Bangalore),BMTC,21053,Nayandahalli,1258,220
Bengaluru (Bangalore),BMTC,20887,Nayandahalli Junction,252,22
Bengaluru (Bangalore),BMTC,23371,Nayandahalli Junction,575,38
Bengaluru (Bangalore),BMTC,34321,Nayandahalli Junction,461,33
Bengaluru (Bangalore),BMTC,37961,Nayandahalli Junction,147,18
Bengaluru (Bangalore),BMTC,39979,Nayara Petrol Bunk,14,2
Bengaluru (Bangalore),BMTC,39980,Nayara Petrol Bunk,10,1
Bengaluru (Bangalore),BMTC,31886,Nayara Petrol Pump Puttenahalli Lake,259,15
Bengaluru (Bangalore),BMTC,23497,Neeladri Nagar,224,15
Bengaluru (Bangalore),BMTC,29371,Neeladri Nagar SNN Raj Neeladri Apartment,16,3
Bengaluru (Bangalore),BMTC,34126,Neeladri Nagar SNN Raj Neeladri Apartment,16,3
Bengaluru (Bangalore),BMTC,29372,Neeladri Nagara,215,16
Bengaluru (Bangalore),BMTC,21054,Neelagiri Thopu,601,40
Bengaluru (Bangalore),BMTC,21055,Neelagiri Thopu,725,48
Bengaluru (Bangalore),BMTC,27398,Neelasandra BDA Complex,96,6
Bengaluru (Bangalore),BMTC,22349,Neelasandra Bus Stand,280,14
Bengaluru (Bangalore),BMTC,22350,Neelasandra Bus Stand,122,13
Bengaluru (Bangalore),BMTC,22351,Neelasandra Rose Garden,119,13
Bengaluru (Bangalore),BMTC,22352,Neelasandra Rose Garden,110,10
Bengaluru (Bangalore),BMTC,37991,Neeleri,4,3
Bengaluru (Bangalore),BMTC,27404,Neeleri Cross,3,3
Bengaluru (Bangalore),BMTC,34130,Neeleri Cross,3,2
Bengaluru (Bangalore),BMTC,27402,Neeleri Gate,51,8
Bengaluru (Bangalore),BMTC,34129,Neeleri Gate,50,8
Bengaluru (Bangalore),BMTC,24320,Nekkundi Dommasandra,30,10
Bengaluru (Bangalore),BMTC,24330,Nekkundi Dommasandra,21,10
Bengaluru (Bangalore),BMTC,34131,Nelagadarenahalli,314,16
Bengaluru (Bangalore),BMTC,34132,Nelagadarenahalli,297,19
Bengaluru (Bangalore),BMTC,27410,Nelaguli,16,6
Bengaluru (Bangalore),BMTC,34134,Nelaguli,19,7
Bengaluru (Bangalore),BMTC,23549,Nelagulli Cross,203,41
Bengaluru (Bangalore),BMTC,23629,Nelagulli Cross,209,43
Bengaluru (Bangalore),BMTC,22353,Nelamangala Bus Station,864,128
Bengaluru (Bangalore),BMTC,27411,Nelamangala Bus Station,714,78
Bengaluru (Bangalore),BMTC,27413,Nelamangala Cement Factory,18,14
Bengaluru (Bangalore),BMTC,34135,Nelamangala Cement Factory,16,14
Bengaluru (Bangalore),BMTC,35813,Nelamangala Court,96,19
Bengaluru (Bangalore),BMTC,35814,Nelamangala Court,106,20
Bengaluru (Bangalore),BMTC,27418,Nelamangala Hunasemara,94,35
Bengaluru (Bangalore),BMTC,34136,Nelamangala Hunasemara,76,40
Bengaluru (Bangalore),BMTC,34137,Nelamangala Hunasemara,94,28
Bengaluru (Bangalore),BMTC,34833,Nelamangala Hunasemara 1,84,39
Bengaluru (Bangalore),BMTC,40437,Nelamangala Jass,43,13
Bengaluru (Bangalore),BMTC,40438,Nelamangala Jass,49,14
Bengaluru (Bangalore),BMTC,27420,Nelamangala Jass Toll,70,15
Bengaluru (Bangalore),BMTC,34138,Nelamangala Jass Toll,77,16
Bengaluru (Bangalore),BMTC,40526,Nelamangala Jass Toll(Vajra),35,2
Bengaluru (Bangalore),BMTC,40527,Nelamangala Jass Toll(Vajra),31,2
Bengaluru (Bangalore),BMTC,34139,Nelamangala Railway Station,5,2
Bengaluru (Bangalore),BMTC,27428,Nellukunte,2,2
Bengaluru (Bangalore),BMTC,34142,Nellukunte,5,3
Bengaluru (Bangalore),BMTC,40697,Nellukunte,2,1
Bengaluru (Bangalore),BMTC,40698,Nellukunte,3,1
Bengaluru (Bangalore),BMTC,40695,Nellukunte Cross,2,1
Bengaluru (Bangalore),BMTC,40696,Nellukunte Cross,3,1
Bengaluru (Bangalore),BMTC,27433,Neragenahalli,5,3
Bengaluru (Bangalore),BMTC,34144,Neragenahalli,5,4
Bengaluru (Bangalore),BMTC,27435,Neragenahalli Cross,5,3
Bengaluru (Bangalore),BMTC,34145,Neragenahalli Cross,5,4
Bengaluru (Bangalore),BMTC,27437,Neralemarada Doddi,6,2
Bengaluru (Bangalore),BMTC,34146,Neralemarada Doddi,7,2
Bengaluru (Bangalore),BMTC,22354,Neraluru Gate,571,46
Bengaluru (Bangalore),BMTC,22355,Neraluru Gate,603,47
Bengaluru (Bangalore),BMTC,24026,Nerige,25,9
Bengaluru (Bangalore),BMTC,24035,Nerige,17,5
Bengaluru (Bangalore),BMTC,27441,Neshepalya,1,1
Bengaluru (Bangalore),BMTC,34148,Neshepalya,2,2
Bengaluru (Bangalore),BMTC,27443,Nethenalli,1,1
Bengaluru (Bangalore),BMTC,34149,Nethenalli,2,2
Bengaluru (Bangalore),BMTC,38871,Nethravathi Block-05,4,3
Bengaluru (Bangalore),BMTC,23685,Nettakallappa Circle,339,30
Bengaluru (Bangalore),BMTC,23729,Nettakallappa Circle,344,29
Bengaluru (Bangalore),BMTC,23639,Nettigere,6,3
Bengaluru (Bangalore),BMTC,24123,Nettigere,5,3
Bengaluru (Bangalore),BMTC,23551,Nettigere Cross,184,34
Bengaluru (Bangalore),BMTC,23626,Nettigere Cross,187,35
Bengaluru (Bangalore),BMTC,27447,New Baldwin International School,121,31
Bengaluru (Bangalore),BMTC,34151,New Baldwin International School,121,34
Bengaluru (Bangalore),BMTC,22358,New Baldwin School,217,10
Bengaluru (Bangalore),BMTC,22359,New Baldwin School,228,12
Bengaluru (Bangalore),BMTC,27451,New Byrohalli,12,4
Bengaluru (Bangalore),BMTC,34153,New Byrohalli,12,4
Bengaluru (Bangalore),BMTC,23611,New Gabbadi,137,14
Bengaluru (Bangalore),BMTC,23620,New Gabbadi,143,16
Bengaluru (Bangalore),BMTC,21056,New Guddadahalli,1331,234
Bengaluru (Bangalore),BMTC,21057,New Guddadahalli,1280,202
Bengaluru (Bangalore),BMTC,21058,New Horizon College,1351,87
Bengaluru (Bangalore),BMTC,21059,New Horizon College,1296,85
Bengaluru (Bangalore),BMTC,22360,New Horizon School,307,25
Bengaluru (Bangalore),BMTC,22361,New Horizon School,318,25
Bengaluru (Bangalore),BMTC,24169,New MICO Gate,101,18
Bengaluru (Bangalore),BMTC,24175,New MICO Gate,107,20
Bengaluru (Bangalore),BMTC,38821,Nice Road Junction,9,3
Bengaluru (Bangalore),BMTC,24140,Nice Road Junction Beguru,76,17
Bengaluru (Bangalore),BMTC,24339,Nice Road Junction Beguru,48,14
Bengaluru (Bangalore),BMTC,27473,Nidaghatta,2,1
Bengaluru (Bangalore),BMTC,34161,Nidaghatta,2,1
Bengaluru (Bangalore),BMTC,27475,Nimbekaipura,4,1
Bengaluru (Bangalore),BMTC,27477,Nimbekaipura Gate,2,1
Bengaluru (Bangalore),BMTC,34163,Nimbekaipura Gate,2,1
Bengaluru (Bangalore),BMTC,21064,Nimhans Hospital,1700,250
Bengaluru (Bangalore),BMTC,21065,Nimhans Hospital,1587,248
Bengaluru (Bangalore),BMTC,27480,Nimishamba Temple,278,28
Bengaluru (Bangalore),BMTC,34164,Nimishamba Temple,271,19
Bengaluru (Bangalore),BMTC,34165,Ningegowdana Doddy,10,5
Bengaluru (Bangalore),BMTC,35857,Ningegowdana Doddy,9,4
Bengaluru (Bangalore),BMTC,27483,Niranjan Genises Apartment,10,2
Bengaluru (Bangalore),BMTC,21066,Nirmala Store,483,49
Bengaluru (Bangalore),BMTC,27486,Nisarga Badavane,5,4
Bengaluru (Bangalore),BMTC,34166,Nisarga Badavane,5,4
Bengaluru (Bangalore),BMTC,23504,Nisarga Badavane Cross,2,1
Bengaluru (Bangalore),BMTC,23507,Nisarga Badavane Cross,2,1
Bengaluru (Bangalore),BMTC,27488,Nisarga Badavane East Gate,4,2
Bengaluru (Bangalore),BMTC,34167,Nisarga Badavane East Gate,4,2
Bengaluru (Bangalore),BMTC,27490,Nisarga Layout,65,25
Bengaluru (Bangalore),BMTC,34168,Nisarga Layout,70,21
Bengaluru (Bangalore),BMTC,27492,Nishane,7,4
Bengaluru (Bangalore),BMTC,34169,Nishane,7,3
Bengaluru (Bangalore),BMTC,34170,Nithyananda Ashrama,2,2
Bengaluru (Bangalore),BMTC,39912,Nithyanandanagara,4,1
Bengaluru (Bangalore),BMTC,39913,Nithyanandanagara,4,1
Bengaluru (Bangalore),BMTC,27496,Nitte International School,2,1
Bengaluru (Bangalore),BMTC,34171,Nitte International School,2,1
Bengaluru (Bangalore),BMTC,39711,Niviksha Arcade Yelahanka 5th phase,2,2
Bengaluru (Bangalore),BMTC,24139,Nobel Residency,77,18
Bengaluru (Bangalore),BMTC,24340,Nobel Residency,70,17
Bengaluru (Bangalore),BMTC,27501,Nobo Nagara,25,6
Bengaluru (Bangalore),BMTC,34173,Nobo Nagara,22,6
Bengaluru (Bangalore),BMTC,22365,Noor Nagara,473,41
Bengaluru (Bangalore),BMTC,22366,Noor Nagara,463,39
Bengaluru (Bangalore),BMTC,21067,North Road,58,11
Bengaluru (Bangalore),BMTC,22678,North Road,377,33
Bengaluru (Bangalore),BMTC,27505,Nosenuru,4,3
Bengaluru (Bangalore),BMTC,34175,Nosenuru,4,2
Bengaluru (Bangalore),BMTC,27507,Nosenuru Cross,5,3
Bengaluru (Bangalore),BMTC,34176,Nosenuru Cross,10,4
Bengaluru (Bangalore),BMTC,27509,Nrithyagrama,14,3
Bengaluru (Bangalore),BMTC,21583,Nrupathunganagara Chandana Hospital,3,3
Bengaluru (Bangalore),BMTC,27512,Nruthyagrama Gate,12,6
Bengaluru (Bangalore),BMTC,34177,Nruthyagrama Gate,12,6
Bengaluru (Bangalore),BMTC,27517,Nursery Farm,39,12
Bengaluru (Bangalore),BMTC,34179,Nursery Farm,38,11
Bengaluru (Bangalore),BMTC,27519,Nursery Maragondanahalli,11,5
Bengaluru (Bangalore),BMTC,34180,Nursery Maragondanahalli,92,6
Bengaluru (Bangalore),BMTC,22367,Nursery Nelamangala,546,93
Bengaluru (Bangalore),BMTC,27520,Nursery Nelamangala,548,92
Bengaluru (Bangalore),BMTC,29368,Nyanappanahalli Bus Stand,2,1
Bengaluru (Bangalore),BMTC,34125,Nyanappanahalli Bus Stand,4,1
Bengaluru (Bangalore),BMTC,27523,Nyaya Degula,7,4
Bengaluru (Bangalore),BMTC,27529,OB Chudanahalli,4,1
Bengaluru (Bangalore),BMTC,34184,OB Chudanahalli,7,3
Bengaluru (Bangalore),BMTC,39611,OB Chudanahalli Sri Sri Ayurvedic Hospital,4,1
Bengaluru (Bangalore),BMTC,27541,OMBR Layout,5,1
Bengaluru (Bangalore),BMTC,34189,OMBR Layout,5,1
Bengaluru (Bangalore),BMTC,27542,OMEX Circle,168,23
Bengaluru (Bangalore),BMTC,35235,OMEX Circle Sriramapura,139,14
Bengaluru (Bangalore),BMTC,27554,OTC Circle,35,12
Bengaluru (Bangalore),BMTC,34194,OTC Circle,59,17
Bengaluru (Bangalore),BMTC,27527,Oasis School,4,1
Bengaluru (Bangalore),BMTC,34183,Oasis School,5,3
Bengaluru (Bangalore),BMTC,39723,Obalapura Anjaneyaswamy Temple,34,4
Bengaluru (Bangalore),BMTC,39724,Obalapura Anjaneyaswamy Temple,32,4
Bengaluru (Bangalore),BMTC,22368,Obalapura Gate,63,23
Bengaluru (Bangalore),BMTC,22369,Obalapura Gate,69,23
Bengaluru (Bangalore),BMTC,39657,Obanayakanahalli,2,2
Bengaluru (Bangalore),BMTC,39658,Obanayakanahalli,2,2
Bengaluru (Bangalore),BMTC,30396,Oil Mill Road Junction,81,13
Bengaluru (Bangalore),BMTC,33152,Oil Mill Road Junction,1,1
Bengaluru (Bangalore),BMTC,21071,Okalipura,1297,147
Bengaluru (Bangalore),BMTC,27532,Okalipura,2,1
Bengaluru (Bangalore),BMTC,35387,Okalipura,1348,148
Bengaluru (Bangalore),BMTC,22370,Old Baiyappanahalli,137,9
Bengaluru (Bangalore),BMTC,22371,Old Baiyappanahalli,149,13
Bengaluru (Bangalore),BMTC,39852,Olive Hostel jayanna Circle,2,1
Bengaluru (Bangalore),BMTC,40573,Om Shakthi Temple,187,48
Bengaluru (Bangalore),BMTC,40574,Om Shakthi Temple,170,42
Bengaluru (Bangalore),BMTC,27537,Om Shakthi Temple,13,4
Bengaluru (Bangalore),BMTC,34187,Om Shakthi Temple,13,4
Bengaluru (Bangalore),BMTC,27539,Om Shree Circle,9,7
Bengaluru (Bangalore),BMTC,34188,Om Shree Circle,11,7
Bengaluru (Bangalore),BMTC,22372,Omkar Hills,492,16
Bengaluru (Bangalore),BMTC,22373,Omkar Hills,462,16
Bengaluru (Bangalore),BMTC,27544,Omkar Hills,1,1
Bengaluru (Bangalore),BMTC,27549,Onti Mane,17,2
Bengaluru (Bangalore),BMTC,34190,Onti Mane,16,2
Bengaluru (Bangalore),BMTC,27551,Orion Mall Malleshwaram,38,3
Bengaluru (Bangalore),BMTC,27555,Out Door Clothing Company,1,1
Bengaluru (Bangalore),BMTC,27560,Oxford Medical College Yadavanahalli,12,2
Bengaluru (Bangalore),BMTC,40487,Ozone Apartment,46,3
Bengaluru (Bangalore),BMTC,40488,Ozone Apartment,47,3
Bengaluru (Bangalore),BMTC,34196,P and T Colony,25,3
Bengaluru (Bangalore),BMTC,21073,P and T Quarters,319,20
Bengaluru (Bangalore),BMTC,21074,P and T Quarters,321,14
Bengaluru (Bangalore),BMTC,36531,PAPAS Trading PVT LTD,4,1
Bengaluru (Bangalore),BMTC,21088,PES College,591,42
Bengaluru (Bangalore),BMTC,21089,PES College,589,45
Bengaluru (Bangalore),BMTC,27660,PES College Hostel Kasavanahalli,8,4
Bengaluru (Bangalore),BMTC,27661,PES College Hostel Kasavanahalli,5,2
Bengaluru (Bangalore),BMTC,21090,PESCE College Electronic City,1080,145
Bengaluru (Bangalore),BMTC,22380,PESCE College Electronic City,1048,133
Bengaluru (Bangalore),BMTC,22406,PVP School,967,52
Bengaluru (Bangalore),BMTC,22407,PVP School,983,55
Bengaluru (Bangalore),BMTC,34197,Paaduka Mandira,6,1
Bengaluru (Bangalore),BMTC,27568,Pachepalya,2,2
Bengaluru (Bangalore),BMTC,34199,Pachepalya,1,1
Bengaluru (Bangalore),BMTC,27570,Pachepalya Cross,26,14
Bengaluru (Bangalore),BMTC,34200,Pachepalya Cross,31,16
Bengaluru (Bangalore),BMTC,35088,Padmanabha Nagara,195,20
Bengaluru (Bangalore),BMTC,35196,Padmanabha Nagara,231,25
Bengaluru (Bangalore),BMTC,35935,Padmanabha Nagara,9,1
Bengaluru (Bangalore),BMTC,27572,Padmanabha Nagara Rock,38,2
Bengaluru (Bangalore),BMTC,35210,Padmanabha Nagara Rock,37,3
Bengaluru (Bangalore),BMTC,39643,Padmavathi Srinivasa Temple Cross,70,21
Bengaluru (Bangalore),BMTC,39644,Padmavathi Srinivasa Temple Cross,65,25
Bengaluru (Bangalore),BMTC,27566,Pakegowdanapalya,34,6
Bengaluru (Bangalore),BMTC,34198,Pakegowdanapalya,34,7
Bengaluru (Bangalore),BMTC,27574,PalPaldinne,23,5
Bengaluru (Bangalore),BMTC,21075,Palace Ground,1161,201
Bengaluru (Bangalore),BMTC,21076,Palace Ground,1200,173
Bengaluru (Bangalore),BMTC,27578,Palanahalli Gate,570,131
Bengaluru (Bangalore),BMTC,34203,Palanahalli Gate,566,129
Bengaluru (Bangalore),BMTC,27582,Palanajogahalli Church,28,7
Bengaluru (Bangalore),BMTC,34205,Palanajogahalli Church,28,7
Bengaluru (Bangalore),BMTC,22667,Pallavi Talkies,1421,185
Bengaluru (Bangalore),BMTC,34201,Palpaldinne,25,5
Bengaluru (Bangalore),BMTC,34208,Palya Gate,235,33
Bengaluru (Bangalore),BMTC,34209,Palya Gate,237,34
Bengaluru (Bangalore),BMTC,23705,Panathuru,10,4
Bengaluru (Bangalore),BMTC,23708,Panathuru,11,5
Bengaluru (Bangalore),BMTC,23706,Panathuru Circle,2,1
Bengaluru (Bangalore),BMTC,23707,Panathuru Circle,2,1
Bengaluru (Bangalore),BMTC,27591,Panathuru Dinne,5,3
Bengaluru (Bangalore),BMTC,34210,Panathuru Dinne,5,2
Bengaluru (Bangalore),BMTC,27593,Panchasheela Nagara,6,1
Bengaluru (Bangalore),BMTC,27595,Pandithana Agrahara,3,1
Bengaluru (Bangalore),BMTC,34212,Pandithana Agrahara,3,1
Bengaluru (Bangalore),BMTC,23414,Pandithana Agrahara Junction,54,13
Bengaluru (Bangalore),BMTC,35367,Pandithana Agrahara Junction,10,4
Bengaluru (Bangalore),BMTC,27596,Pandithapura,2,1
Bengaluru (Bangalore),BMTC,27600,Pandurangapura,51,8
Bengaluru (Bangalore),BMTC,34214,Pandurangapura,50,8
Bengaluru (Bangalore),BMTC,23424,Pankaj Dairy,33,8
Bengaluru (Bangalore),BMTC,23753,Pankaj Dairy,33,7
Bengaluru (Bangalore),BMTC,34215,Papabhovipalya,1,1
Bengaluru (Bangalore),BMTC,27604,Papaiahnapalya,13,5
Bengaluru (Bangalore),BMTC,34216,Papaiahnapalya,12,4
Bengaluru (Bangalore),BMTC,27606,Papanahalli,9,2
Bengaluru (Bangalore),BMTC,34217,Papanahalli,9,1
Bengaluru (Bangalore),BMTC,27611,Papanahalli Gate,32,1
Bengaluru (Bangalore),BMTC,34219,Papanahalli Gate,41,2
Bengaluru (Bangalore),BMTC,38038,Papanahalli Gate,10,2
Bengaluru (Bangalore),BMTC,21584,Papareddypalya,595,36
Bengaluru (Bangalore),BMTC,22374,Papareddypalya,574,38
Bengaluru (Bangalore),BMTC,21451,Papareddypalya Aladamara,595,36
Bengaluru (Bangalore),BMTC,21642,Papareddypalya Aladamara,574,38
Bengaluru (Bangalore),BMTC,38860,Parachute,1,1
Bengaluru (Bangalore),BMTC,27613,Paramanahalli,7,6
Bengaluru (Bangalore),BMTC,34220,Paramanahalli,10,8
Bengaluru (Bangalore),BMTC,23713,Parangipalya,130,7
Bengaluru (Bangalore),BMTC,24053,Parangipalya,58,3
Bengaluru (Bangalore),BMTC,27615,Parangipalya Cross,14,5
Bengaluru (Bangalore),BMTC,34221,Parangipalya Cross,25,7
Bengaluru (Bangalore),BMTC,27617,Parappana Agrahara,6,2
Bengaluru (Bangalore),BMTC,27619,Parasanapalya,22,5
Bengaluru (Bangalore),BMTC,34223,Parasanapalya,6,4
Bengaluru (Bangalore),BMTC,39969,Parishrama NEET Academy (Ramasandra Cross),28,3
Bengaluru (Bangalore),BMTC,39970,Parishrama NEET Academy(Ramasandra Cross),28,3
Bengaluru (Bangalore),BMTC,27620,Parvatapura Devanahalli,51,8
Bengaluru (Bangalore),BMTC,27622,Parvatapura Devanahalli,50,8
Bengaluru (Bangalore),BMTC,27628,Parvathi Nagara,10,1
Bengaluru (Bangalore),BMTC,34227,Parvathi Nagara,10,2
Bengaluru (Bangalore),BMTC,34225,Parvathi Nagara,256,21
Bengaluru (Bangalore),BMTC,34226,Parvathi Nagara,256,21
Bengaluru (Bangalore),BMTC,27630,Parvathipura,61,29
Bengaluru (Bangalore),BMTC,34228,Parvathipura,63,25
Bengaluru (Bangalore),BMTC,23823,Passport Office Koramangala,146,18
Bengaluru (Bangalore),BMTC,23947,Passport Office Koramangala,150,18
Bengaluru (Bangalore),BMTC,27633,Patalamma Temple,166,33
Bengaluru (Bangalore),BMTC,34229,Patalamma Temple,52,19
Bengaluru (Bangalore),BMTC,22375,Patalamma Temple,501,21
Bengaluru (Bangalore),BMTC,22376,Patalamma Temple,471,21
Bengaluru (Bangalore),BMTC,27635,Patel Pillegowda Layout,8,4
Bengaluru (Bangalore),BMTC,34230,Patel Pillegowda Layout,3,2
Bengaluru (Bangalore),BMTC,22377,Patel Public School Kalyananagara,116,19
Bengaluru (Bangalore),BMTC,27636,Patel Public School Kalyananagara,29,5
Bengaluru (Bangalore),BMTC,27638,Patel Thota Aluru,5,3
Bengaluru (Bangalore),BMTC,34231,Patel Thota Aluru,5,3
Bengaluru (Bangalore),BMTC,27642,Pattanagere,6,2
Bengaluru (Bangalore),BMTC,34233,Pattanagere,6,2
Bengaluru (Bangalore),BMTC,34234,Pattanagere Jayanna Circle,635,40
Bengaluru (Bangalore),BMTC,38449,Pattanagere Jayanna Circle,127,11
Bengaluru (Bangalore),BMTC,21078,Pattandur Agrahara Gate,900,120
Bengaluru (Bangalore),BMTC,21079,Pattandur Agrahara Gate,941,129
Bengaluru (Bangalore),BMTC,23604,Pattareddypalya,235,51
Bengaluru (Bangalore),BMTC,23634,Pattareddypalya,241,54
Bengaluru (Bangalore),BMTC,27649,Pattegarpalya Circle,10,4
Bengaluru (Bangalore),BMTC,34236,Pattegarpalya Circle,29,3
Bengaluru (Bangalore),BMTC,27651,Peddanahalli,6,4
Bengaluru (Bangalore),BMTC,34237,Peddanahalli,8,6
Bengaluru (Bangalore),BMTC,27654,Peddanapalya,1,1
Bengaluru (Bangalore),BMTC,34238,Peddanapalya,18,9
Bengaluru (Bangalore),BMTC,34239,Peddanapalya,16,7
Bengaluru (Bangalore),BMTC,21585,Peddanapalya Cross,137,36
Bengaluru (Bangalore),BMTC,21586,Peddanapalya Cross,144,38
Bengaluru (Bangalore),BMTC,27655,Peddappanapalya,1,1
Bengaluru (Bangalore),BMTC,20565,Peenya 14th Cross,4,2
Bengaluru (Bangalore),BMTC,20566,Peenya 14th Cross,1213,83
Bengaluru (Bangalore),BMTC,20567,Peenya 14th cross,1227,75
Bengaluru (Bangalore),BMTC,21080,Peenya 2nd Stage,1857,95
Bengaluru (Bangalore),BMTC,21081,Peenya 2nd stage,1083,60
Bengaluru (Bangalore),BMTC,21082,Peenya Industry Metro Station,987,186
Bengaluru (Bangalore),BMTC,21083,Peenya Industry Metro Station,1028,211
Bengaluru (Bangalore),BMTC,38803,Peenya Metro Station,1018,206
Bengaluru (Bangalore),BMTC,21085,Peenya Satellite Bus Station,15,5
Bengaluru (Bangalore),BMTC,21084,Peenya Satellite Bus Station (Basaveshwara),40,10
Bengaluru (Bangalore),BMTC,27659,Pepsi Factory,50,14
Bengaluru (Bangalore),BMTC,34241,Pepsi Factory,42,12
Bengaluru (Bangalore),BMTC,21086,Pepsi Gate,340,53
Bengaluru (Bangalore),BMTC,21087,Pepsi Gate,339,62
Bengaluru (Bangalore),BMTC,22378,Periyar Nagara Circle,490,59
Bengaluru (Bangalore),BMTC,22379,Periyar Nagara Circle,492,57
Bengaluru (Bangalore),BMTC,27669,Pethanahalli Tank,6,3
Bengaluru (Bangalore),BMTC,23846,Petrol Bunk Koppa begur Road,32,2
Bengaluru (Bangalore),BMTC,24164,Petrol Bunk Koppa begur Road,32,2
Bengaluru (Bangalore),BMTC,34242,Pettanahalli,3,3
Bengaluru (Bangalore),BMTC,34243,Pettanahalli Apartment,3,3
Bengaluru (Bangalore),BMTC,27667,Pettanahalli Cross,13,8
Bengaluru (Bangalore),BMTC,34244,Pettanahalli Cross,13,9
Bengaluru (Bangalore),BMTC,21093,Philips Millenium Halasuru,458,155
Bengaluru (Bangalore),BMTC,32829,Philips Millenium Halasuru,5,4
Bengaluru (Bangalore),BMTC,22385,Philomenas Hospital,279,22
Bengaluru (Bangalore),BMTC,35219,Philomenas Hospital,281,24
Bengaluru (Bangalore),BMTC,39600,Phoenix One Bengaluru West Apartment,2,2
Bengaluru (Bangalore),BMTC,27675,Pichaguntarapalya,25,12
Bengaluru (Bangalore),BMTC,34248,Pichaguntarapalya,25,12
Bengaluru (Bangalore),BMTC,27681,Pillagumpa Factory Gate,73,8
Bengaluru (Bangalore),BMTC,34251,Pillagumpa Factory Gate,70,9
Bengaluru (Bangalore),BMTC,27683,Pillahalli,5,3
Bengaluru (Bangalore),BMTC,34252,Pillahalli,4,3
Bengaluru (Bangalore),BMTC,27685,Pillahalli Colony,4,3
Bengaluru (Bangalore),BMTC,34253,Pillahalli Colony,5,3
Bengaluru (Bangalore),BMTC,27687,Pillahalli Cross,25,7
Bengaluru (Bangalore),BMTC,34254,Pillahalli Cross,31,11
Bengaluru (Bangalore),BMTC,27693,Pinto Bore,80,27
Bengaluru (Bangalore),BMTC,34257,Pinto Bore,75,20
Bengaluru (Bangalore),BMTC,27694,Pipe Line Park,5,2
Bengaluru (Bangalore),BMTC,27696,Pipeline Binni Layout,5,2
Bengaluru (Bangalore),BMTC,34258,Pipeline Binni Layout,5,1
Bengaluru (Bangalore),BMTC,22386,Pipeline ISRO Layout,32,8
Bengaluru (Bangalore),BMTC,23767,Pipeline ISRO Layout,37,8
Bengaluru (Bangalore),BMTC,27697,Pipeline Park,5,1
Bengaluru (Bangalore),BMTC,27698,Pipeline Vasanthapura,219,9
Bengaluru (Bangalore),BMTC,35346,Pipeline Vasanthapura,205,9
Bengaluru (Bangalore),BMTC,27700,Pitchguntarahalli,1,1
Bengaluru (Bangalore),BMTC,34259,Pitchguntarahalli,2,2
Bengaluru (Bangalore),BMTC,27703,Plegant Hotel Vahale Vaderahalli,1,1
Bengaluru (Bangalore),BMTC,34260,Plegant Hotel Vahale Vaderahalli,1,1
Bengaluru (Bangalore),BMTC,27705,Podu Cross,5,2
Bengaluru (Bangalore),BMTC,34261,Podu Cross,16,7
Bengaluru (Bangalore),BMTC,38684,Podu Gate,175,3
Bengaluru (Bangalore),BMTC,38685,Podu Gate,151,2
Bengaluru (Bangalore),BMTC,27706,Podu Village,8,2
Bengaluru (Bangalore),BMTC,27710,Police Quarters,2,2
Bengaluru (Bangalore),BMTC,34263,Police Quarters,2,1
Bengaluru (Bangalore),BMTC,27717,Police Traning Centre,1,1
Bengaluru (Bangalore),BMTC,27719,Pooja Garden,52,9
Bengaluru (Bangalore),BMTC,34267,Pooja Garden,51,7
Bengaluru (Bangalore),BMTC,27721,Poojena Agahara Dinne,2,2
Bengaluru (Bangalore),BMTC,34268,Poojena Agahara Dinne,3,2
Bengaluru (Bangalore),BMTC,27723,Poojena Agrahara,6,4
Bengaluru (Bangalore),BMTC,34269,Poojena Agrahara,14,6
Bengaluru (Bangalore),BMTC,27725,Poojena Agrahara Cross,10,6
Bengaluru (Bangalore),BMTC,34270,Poojena Agrahara Cross,10,6
Bengaluru (Bangalore),BMTC,22395,Poornaprajna Layout,644,47
Bengaluru (Bangalore),BMTC,34271,Poornaprajna Layout,624,42
Bengaluru (Bangalore),BMTC,22572,Poornaprajna Layout Water Tank,501,21
Bengaluru (Bangalore),BMTC,22573,Poornaprajna Layout Water Tank,477,22
Bengaluru (Bangalore),BMTC,22396,Poornaprajna School,247,64
Bengaluru (Bangalore),BMTC,22397,Poornaprajna School,244,59
Bengaluru (Bangalore),BMTC,36223,Poornaprajnalayout NEW Bus Stand,26,1
Bengaluru (Bangalore),BMTC,27734,Poorvankara Apartment,133,27
Bengaluru (Bangalore),BMTC,34274,Poorvankara Apartment,136,25
Bengaluru (Bangalore),BMTC,22401,Postal and Telecom Colony,490,59
Bengaluru (Bangalore),BMTC,22402,Postal and Telecom Colony,492,57
Bengaluru (Bangalore),BMTC,23892,Pothalappa Garden,167,14
Bengaluru (Bangalore),BMTC,35220,Pothalappa Garden,182,15
Bengaluru (Bangalore),BMTC,27742,Poultry Farm,11,5
Bengaluru (Bangalore),BMTC,34278,Poultry Farm,13,6
Bengaluru (Bangalore),BMTC,23783,Prabasnagara,193,11
Bengaluru (Bangalore),BMTC,24353,Prabasnagara,192,12
Bengaluru (Bangalore),BMTC,39389,Prabhakaranagar,1,1
Bengaluru (Bangalore),BMTC,27746,Pramod Layout,6,3
Bengaluru (Bangalore),BMTC,34280,Pramod Layout,6,2
Bengaluru (Bangalore),BMTC,22403,Prarthana School,549,50
Bengaluru (Bangalore),BMTC,22404,Prarthana School,528,42
Bengaluru (Bangalore),BMTC,38616,Prasanna Layout,682,46
Bengaluru (Bangalore),BMTC,21101,Prasanna Theatre,1321,182
Bengaluru (Bangalore),BMTC,21102,Prasanna Theatre,941,145
Bengaluru (Bangalore),BMTC,21103,Prasanna Theatre,505,43
Bengaluru (Bangalore),BMTC,21587,Prashanth Nagara,418,31
Bengaluru (Bangalore),BMTC,22405,Prashanth Nagara,415,28
Bengaluru (Bangalore),BMTC,34281,Prashanth Nagara,13,5
Bengaluru (Bangalore),BMTC,39857,Prashanthi Kuteera Main Gate,5,2
Bengaluru (Bangalore),BMTC,27748,Prashanthnagara,29,3
Bengaluru (Bangalore),BMTC,27750,Pratyangira Temple Turahalli,3,1
Bengaluru (Bangalore),BMTC,34282,Pratyangira Temple Turahalli,4,1
Bengaluru (Bangalore),BMTC,27752,Premium Farm Mandur,120,34
Bengaluru (Bangalore),BMTC,34283,Premium Farm Mandur,122,32
Bengaluru (Bangalore),BMTC,39517,Presidency University,2,1
Bengaluru (Bangalore),BMTC,39518,Presidency University,2,2
Bengaluru (Bangalore),BMTC,21104,Press Layout,21,2
Bengaluru (Bangalore),BMTC,21105,Press Layout,408,23
Bengaluru (Bangalore),BMTC,40489,Prestige Apartment,46,3
Bengaluru (Bangalore),BMTC,40490,Prestige Apartment,47,3
Bengaluru (Bangalore),BMTC,39896,Prestige Jade Pavilion Apartment,10,2
Bengaluru (Bangalore),BMTC,39895,Prestige Jade Pavilion Apartment,12,2
Bengaluru (Bangalore),BMTC,39609,Prestige Primrose Hills,9,3
Bengaluru (Bangalore),BMTC,39610,Prestige Primrose Hills,9,3
Bengaluru (Bangalore),BMTC,37982,Prestige Shantiniketana /Manipal Hospital,359,103
Bengaluru (Bangalore),BMTC,37983,Prestige Shantiniketana /Manipal Hospital,303,93
Bengaluru (Bangalore),BMTC,27755,Primus Public School,14,2
Bengaluru (Bangalore),BMTC,34284,Primus Public School,15,3
Bengaluru (Bangalore),BMTC,21588,Priyadarshini Layout,412,27
Bengaluru (Bangalore),BMTC,27756,Priyadarshini Layout,418,31
Bengaluru (Bangalore),BMTC,34285,Provident Sunworth Apartment,18,3
Bengaluru (Bangalore),BMTC,27760,Pujaganapalya,15,3
Bengaluru (Bangalore),BMTC,34286,Pujaganapalya,19,3
Bengaluru (Bangalore),BMTC,27764,Pujanahalli Gate,14,11
Bengaluru (Bangalore),BMTC,34288,Pujanahalli Gate,13,9
Bengaluru (Bangalore),BMTC,36756,Puneethrajakumar Circle,5,2
Bengaluru (Bangalore),BMTC,36757,Puneethrajakumar Circle,6,2
Bengaluru (Bangalore),BMTC,27766,Punugumaranahalli,14,2
Bengaluru (Bangalore),BMTC,34289,Punugumaranahalli,16,3
Bengaluru (Bangalore),BMTC,27768,Punugumaranahalli Cross,42,8
Bengaluru (Bangalore),BMTC,34290,Punugumaranahalli Cross,31,8
Bengaluru (Bangalore),BMTC,27770,Pura,19,6
Bengaluru (Bangalore),BMTC,34291,Pura,1,1
Bengaluru (Bangalore),BMTC,27773,Puradapalya Cross,16,7
Bengaluru (Bangalore),BMTC,34292,Puradapalya Cross,18,9
Bengaluru (Bangalore),BMTC,27775,Purushanahalli,1,1
Bengaluru (Bangalore),BMTC,34293,Purushanahalli,1,1
Bengaluru (Bangalore),BMTC,27778,Purvankara Northern Destiny Bellahalli,455,37
Bengaluru (Bangalore),BMTC,34294,Purvankara Northern Destiny Bellahalli,466,38
Bengaluru (Bangalore),BMTC,27780,Pushpanjali Talkies,57,2
Bengaluru (Bangalore),BMTC,40553,Putta Heggade Vales,2,1
Bengaluru (Bangalore),BMTC,40554,Putta Heggade Vales,2,1
Bengaluru (Bangalore),BMTC,27784,Puttaiahnapalya,5,3
Bengaluru (Bangalore),BMTC,34297,Puttaiahnapalya,8,4
Bengaluru (Bangalore),BMTC,39930,Puttaiahnapalya (Vedeshi Jail),91,14
Bengaluru (Bangalore),BMTC,39931,Puttaiahnapalya (Vedeshi Jail),103,16
Bengaluru (Bangalore),BMTC,27786,Puttaiahnapalya Cross,37,11
Bengaluru (Bangalore),BMTC,34298,Puttaiahnapalya Cross,36,11
Bengaluru (Bangalore),BMTC,39228,Puttanna Badavane,20,7
Bengaluru (Bangalore),BMTC,39229,Puttanna Badavane,20,7
Bengaluru (Bangalore),BMTC,38838,Puttena Agrahara,13,3
Bengaluru (Bangalore),BMTC,38839,Puttena Agrahara,13,2
Bengaluru (Bangalore),BMTC,35349,Puttenahalli,172,15
Bengaluru (Bangalore),BMTC,27790,Puttenahalli,1,1
Bengaluru (Bangalore),BMTC,34301,Puttenahalli,2,1
Bengaluru (Bangalore),BMTC,34299,Puttenahalli,628,112
Bengaluru (Bangalore),BMTC,34300,Puttenahalli,647,127
Bengaluru (Bangalore),BMTC,38505,Puttenahalli,46,3
Bengaluru (Bangalore),BMTC,38511,Puttenahalli,42,3
Bengaluru (Bangalore),BMTC,27792,Puttenahallipalya,172,15
Bengaluru (Bangalore),BMTC,38694,QFB Hotel,7,2
Bengaluru (Bangalore),BMTC,23344,R T Nagara Post Office,484,40
Bengaluru (Bangalore),BMTC,23787,R T Nagara Post Office,475,46
Bengaluru (Bangalore),BMTC,23450,R V Dental College,186,17
Bengaluru (Bangalore),BMTC,37837,R V Dental College,129,10
Bengaluru (Bangalore),BMTC,38586,R V Metro Station,34,3
Bengaluru (Bangalore),BMTC,38587,R V Metro Station,34,3
Bengaluru (Bangalore),BMTC,22433,R V Teachers College,422,50
Bengaluru (Bangalore),BMTC,22434,R V Teachers College,416,51
Bengaluru (Bangalore),BMTC,38886,RANGASTALA RANGANATHA TEMPLE,3,3
Bengaluru (Bangalore),BMTC,28010,RBANMS College,1,1
Bengaluru (Bangalore),BMTC,35356,RBANMS College,12,2
Bengaluru (Bangalore),BMTC,28012,RBANMS PU College,1,1
Bengaluru (Bangalore),BMTC,23453,RBI Layout,220,16
Bengaluru (Bangalore),BMTC,23473,RBI Layout,216,17
Bengaluru (Bangalore),BMTC,38513,RBI Layout,42,3
Bengaluru (Bangalore),BMTC,22699,RC College,103,34
Bengaluru (Bangalore),BMTC,24241,RC College,101,28
Bengaluru (Bangalore),BMTC,28028,RH Farm,4,1
Bengaluru (Bangalore),BMTC,34418,RH Farm,4,1
Bengaluru (Bangalore),BMTC,21595,RINAC Factory Marenahalli,108,22
Bengaluru (Bangalore),BMTC,21596,RINAC Factory Marenahalli,117,24
Bengaluru (Bangalore),BMTC,28031,RK Apartment,65,10
Bengaluru (Bangalore),BMTC,34419,RK Apartment,63,9
Bengaluru (Bangalore),BMTC,23838,RK Farm,217,23
Bengaluru (Bangalore),BMTC,23980,RK Farm,254,29
Bengaluru (Bangalore),BMTC,22429,RK Hegde Nagara,516,47
Bengaluru (Bangalore),BMTC,22430,RK Hegde Nagara,514,44
Bengaluru (Bangalore),BMTC,28033,RK Medical,83,15
Bengaluru (Bangalore),BMTC,34420,RK Medical,88,18
Bengaluru (Bangalore),BMTC,28035,RK Township,4,2
Bengaluru (Bangalore),BMTC,34421,RK Township,2,1
Bengaluru (Bangalore),BMTC,28037,RL Jalappa Campus,3,2
Bengaluru (Bangalore),BMTC,34422,RL Jalappa Campus,2,1
Bengaluru (Bangalore),BMTC,21129,RM Guttahalli,1241,207
Bengaluru (Bangalore),BMTC,21130,RM Guttahalli,1100,172
Bengaluru (Bangalore),BMTC,28039,RM Guttahalli Post Office,6,1
Bengaluru (Bangalore),BMTC,39439,RM Guttahalli Under Pass,6,1
Bengaluru (Bangalore),BMTC,39440,RM Guttahalli Unedr Pass,5,1
Bengaluru (Bangalore),BMTC,21131,RMC Yard (Yeshawanthapura New Railway Station),1316,194
Bengaluru (Bangalore),BMTC,21132,RMC Yard (Yeshawanthapura New Railway Station),1328,218
Bengaluru (Bangalore),BMTC,28041,RMG Factory,105,17
Bengaluru (Bangalore),BMTC,34423,RMG Factory,172,18
Bengaluru (Bangalore),BMTC,21133,RMS Sanjayanagara,2,1
Bengaluru (Bangalore),BMTC,21134,RMS Sanjayanagara,145,7
Bengaluru (Bangalore),BMTC,21135,RMV 2nd Stage,2,1
Bengaluru (Bangalore),BMTC,28045,RMV 2nd Stage,4,1
Bengaluru (Bangalore),BMTC,34425,RMV 2nd Stage,4,1
Bengaluru (Bangalore),BMTC,21142,RR Medical College,584,158
Bengaluru (Bangalore),BMTC,35390,RR Medical College,636,130
Bengaluru (Bangalore),BMTC,35812,RR Medical College,2,1
Bengaluru (Bangalore),BMTC,27673,RR Nagara Petrol Bunk,397,35
Bengaluru (Bangalore),BMTC,34246,RR Nagara Petrol Bunk,401,45
Bengaluru (Bangalore),BMTC,28066,RR School,386,32
Bengaluru (Bangalore),BMTC,34434,RR School,397,41
Bengaluru (Bangalore),BMTC,28068,RR Temple,386,32
Bengaluru (Bangalore),BMTC,34435,RR Temple,397,41
Bengaluru (Bangalore),BMTC,21096,RT Nagara Police Station,312,36
Bengaluru (Bangalore),BMTC,21097,RT Nagara Police Station,521,25
Bengaluru (Bangalore),BMTC,23786,RT Nagara Police Station,477,47
Bengaluru (Bangalore),BMTC,35795,RT Nagara Police Station,11,4
Bengaluru (Bangalore),BMTC,21146,RV College,658,161
Bengaluru (Bangalore),BMTC,35391,RV College,649,145
Bengaluru (Bangalore),BMTC,24042,RV Dental College,234,21
Bengaluru (Bangalore),BMTC,28081,RWB Gate Kengeri (Kengeri Work shop),31,7
Bengaluru (Bangalore),BMTC,35377,RWB Gate Kengeri (Kengeri Work shop),12,4
Bengaluru (Bangalore),BMTC,34303,Rachammanahalli,5,2
Bengaluru (Bangalore),BMTC,27797,Rachenahalli,30,7
Bengaluru (Bangalore),BMTC,34304,Rachenahalli,31,6
Bengaluru (Bangalore),BMTC,27799,Rachenahalli Cross,1,1
Bengaluru (Bangalore),BMTC,34305,Rachenahalli Cross,1,1
Bengaluru (Bangalore),BMTC,27801,Rachenalli Lake Park Dasarahalli,4,2
Bengaluru (Bangalore),BMTC,34306,Rachenalli Lake Park Dasarahalli,4,2
Bengaluru (Bangalore),BMTC,40522,Radha Swamy Satsang Gate,62,2
Bengaluru (Bangalore),BMTC,40523,Radha Swamy Satsang Gate,41,1
Bengaluru (Bangalore),BMTC,23390,Radhareddy Layout,375,59
Bengaluru (Bangalore),BMTC,23392,Radhareddy Layout,375,59
Bengaluru (Bangalore),BMTC,27803,Radiant Redwood Apartment Koppa Road,68,16
Bengaluru (Bangalore),BMTC,34307,Radiant Redwood Apartment Koppa Road,76,17
Bengaluru (Bangalore),BMTC,34308,Raghavendra Circle,65,10
Bengaluru (Bangalore),BMTC,34309,Raghavendra Circle,63,9
Bengaluru (Bangalore),BMTC,34311,Raghavendra Colony,15,4
Bengaluru (Bangalore),BMTC,27814,Raghavendra Dhama,7,4
Bengaluru (Bangalore),BMTC,34313,Raghavendra Dhama,34,6
Bengaluru (Bangalore),BMTC,34314,Raghavendra Dhama,5,2
Bengaluru (Bangalore),BMTC,34834,Raghavendra Dhama 1,32,5
Bengaluru (Bangalore),BMTC,27816,Raghavendra Layout,21,7
Bengaluru (Bangalore),BMTC,34315,Raghavendra Layout,22,6
Bengaluru (Bangalore),BMTC,27807,Raghavendra Tent,198,15
Bengaluru (Bangalore),BMTC,34310,Raghavendra Tent,196,15
Bengaluru (Bangalore),BMTC,34316,Raghunathapura Doddaballapura,42,2
Bengaluru (Bangalore),BMTC,34835,Raghunathapura Doddaballapura,43,2
Bengaluru (Bangalore),BMTC,22408,Raghuvanahalli Cross,358,94
Bengaluru (Bangalore),BMTC,22409,Raghuvanahalli Cross,373,102
Bengaluru (Bangalore),BMTC,27823,Ragi Machine,202,8
Bengaluru (Bangalore),BMTC,35345,Ragi Machine,209,7
Bengaluru (Bangalore),BMTC,38588,Ragigudda,1,1
Bengaluru (Bangalore),BMTC,21106,Ragigudda Temple,867,70
Bengaluru (Bangalore),BMTC,21107,Ragigudda Temple,854,68
Bengaluru (Bangalore),BMTC,27824,Ragihalli,11,6
Bengaluru (Bangalore),BMTC,35322,Ragihalli,13,8
Bengaluru (Bangalore),BMTC,24079,Ragihalli Gate,330,68
Bengaluru (Bangalore),BMTC,24231,Ragihalli Gate,327,69
Bengaluru (Bangalore),BMTC,23343,Rahamathnagara,484,40
Bengaluru (Bangalore),BMTC,23788,Rahamathnagara,474,45
Bengaluru (Bangalore),BMTC,40335,Raheja Apartment,1034,134
Bengaluru (Bangalore),BMTC,27829,Railway Gate	Rajanukunte,262,21
Bengaluru (Bangalore),BMTC,27832,Railway Gate Bashettihalli,255,24
Bengaluru (Bangalore),BMTC,27834,Railway Gate Gollahalli,70,16
Bengaluru (Bangalore),BMTC,34320,Railway Gate Gollahalli,75,14
Bengaluru (Bangalore),BMTC,27835,Railway Gate Kempapura,24,1
Bengaluru (Bangalore),BMTC,23521,Railway Gate Kodigehalli,41,12
Bengaluru (Bangalore),BMTC,24114,Railway Gate Kodigehalli,44,15
Bengaluru (Bangalore),BMTC,21589,Railway Gate Lakshmisagara,290,31
Bengaluru (Bangalore),BMTC,21590,Railway Gate Lakshmisagara,289,37
Bengaluru (Bangalore),BMTC,27839,Railway Gollahalli,62,9
Bengaluru (Bangalore),BMTC,34322,Railway Gollahalli,29,5
Bengaluru (Bangalore),BMTC,34327,Rainbow Layout,10,2
Bengaluru (Bangalore),BMTC,27854,Raitarasanthe Yelahanka,511,87
Bengaluru (Bangalore),BMTC,34330,Raitarasanthe Yelahanka,530,88
Bengaluru (Bangalore),BMTC,27855,Raj Bhavan,119,6
Bengaluru (Bangalore),BMTC,35302,Raj Bhavan,211,25
Bengaluru (Bangalore),BMTC,38455,Raj Bhavan,23,1
Bengaluru (Bangalore),BMTC,27712,Rajagopala Nagara Police Station,368,25
Bengaluru (Bangalore),BMTC,34264,Rajagopala Nagara Police Station,390,31
Bengaluru (Bangalore),BMTC,21114,Rajagopalanagara,1247,74
Bengaluru (Bangalore),BMTC,20575,Rajajinagara 1st Block,692,42
Bengaluru (Bangalore),BMTC,20576,Rajajinagara 1st Block,1081,72
Bengaluru (Bangalore),BMTC,35796,Rajajinagara 1st Block,456,30
Bengaluru (Bangalore),BMTC,39193,Rajajinagara 1st Block,12,2
Bengaluru (Bangalore),BMTC,22901,Rajajinagara 2nd Block,922,46
Bengaluru (Bangalore),BMTC,20586,Rajajinagara 6th Block,505,43
Bengaluru (Bangalore),BMTC,20587,Rajajinagara 6th Block,501,41
Bengaluru (Bangalore),BMTC,27860,Rajajinagara Entrance,445,35
Bengaluru (Bangalore),BMTC,35263,Rajajinagara Entrance,495,38
Bengaluru (Bangalore),BMTC,21050,Rajajinagara Metro Station,581,38
Bengaluru (Bangalore),BMTC,34333,Rajajinagara Metro Station,551,28
Bengaluru (Bangalore),BMTC,21072,Rajajinagara Old Police Station,906,51
Bengaluru (Bangalore),BMTC,24195,Rajajinagara Old Police Station,282,29
Bengaluru (Bangalore),BMTC,27865,Rajanapalya,2,1
Bengaluru (Bangalore),BMTC,34334,Rajanapalya,14,5
Bengaluru (Bangalore),BMTC,34335,Rajanapalya,10,3
Bengaluru (Bangalore),BMTC,27872,Rajanukunte,4,2
Bengaluru (Bangalore),BMTC,34337,Rajanukunte,349,61
Bengaluru (Bangalore),BMTC,34338,Rajanukunte,299,45
Bengaluru (Bangalore),BMTC,34340,Rajanukunte,35,24
Bengaluru (Bangalore),BMTC,38911,Rajanukunte,43,18
Bengaluru (Bangalore),BMTC,38912,Rajanukunte,50,16
Bengaluru (Bangalore),BMTC,22410,Rajapalya,363,106
Bengaluru (Bangalore),BMTC,22411,Rajapalya,306,95
Bengaluru (Bangalore),BMTC,27874,Rajapura,9,5
Bengaluru (Bangalore),BMTC,34341,Rajapura,7,3
Bengaluru (Bangalore),BMTC,21140,Rajarajeshwari nagara Gate,1230,218
Bengaluru (Bangalore),BMTC,28062,Rajarajeshwari nagara Gate,36,9
Bengaluru (Bangalore),BMTC,35389,Rajarajeshwari nagara Gate,1030,170
Bengaluru (Bangalore),BMTC,37654,Rajarajeshwari nagara Gate,358,28
Bengaluru (Bangalore),BMTC,35896,Rajarajeshwari nagara Metro Station,110,8
Bengaluru (Bangalore),BMTC,36458,Rajarajeshwari nagara Metro Station,123,7
Bengaluru (Bangalore),BMTC,27878,Rajeshwarinagara,33,11
Bengaluru (Bangalore),BMTC,34342,Rajeshwarinagara,37,13
Bengaluru (Bangalore),BMTC,22680,Rajiv Gandhi,14,4
Bengaluru (Bangalore),BMTC,22692,Rajiv Gandhi,16,5
Bengaluru (Bangalore),BMTC,27880,Rajiv Nagara,7,3
Bengaluru (Bangalore),BMTC,34343,Rajiv Nagara,8,5
Bengaluru (Bangalore),BMTC,34344,Rajkumar Punya Bhoomi,793,52
Bengaluru (Bangalore),BMTC,34345,Rajkumar Punya Bhoomi,810,57
Bengaluru (Bangalore),BMTC,27887,Ram Krishnapura Doddy,30,2
Bengaluru (Bangalore),BMTC,34347,Ram Krishnapura Doddy,30,2
Bengaluru (Bangalore),BMTC,23395,Rama Devasthana Sarjapur,38,12
Bengaluru (Bangalore),BMTC,23419,Rama Devasthana Sarjapur,39,15
Bengaluru (Bangalore),BMTC,24196,Rama Mandira Rajajinagara,396,35
Bengaluru (Bangalore),BMTC,38197,Rama Temple,1,1
Bengaluru (Bangalore),BMTC,27892,Ramachandrapura,10,6
Bengaluru (Bangalore),BMTC,34349,Ramachandrapura,10,6
Bengaluru (Bangalore),BMTC,27893,Ramachandrapura Cross,13,6
Bengaluru (Bangalore),BMTC,27895,Ramachandrapura Tent,10,6
Bengaluru (Bangalore),BMTC,34350,Ramachandrapura Tent,10,6
Bengaluru (Bangalore),BMTC,34351,Ramadevanahalli,5,3
Bengaluru (Bangalore),BMTC,27899,Ramadevanahalli Cross,10,4
Bengaluru (Bangalore),BMTC,34352,Ramadevanahalli Cross,11,5
Bengaluru (Bangalore),BMTC,22412,Ramagondanahalli,415,75
Bengaluru (Bangalore),BMTC,22413,Ramagondanahalli,391,75
Bengaluru (Bangalore),BMTC,27901,Ramagondanahalli,3,2
Bengaluru (Bangalore),BMTC,34353,Ramagondanahalli,1,1
Bengaluru (Bangalore),BMTC,27903,Ramagovindapuram,3,1
Bengaluru (Bangalore),BMTC,21118,Ramakrishna Ashrama,477,49
Bengaluru (Bangalore),BMTC,21119,Ramakrishna Ashrama,683,62
Bengaluru (Bangalore),BMTC,23318,Ramakrishna Ashrama,48,9
Bengaluru (Bangalore),BMTC,23728,Ramakrishna Ashrama,318,26
Bengaluru (Bangalore),BMTC,27904,Ramakrishna Layout,24,1
Bengaluru (Bangalore),BMTC,27906,Ramakrishna Nagara,21,3
Bengaluru (Bangalore),BMTC,34355,Ramakrishna Nagara,35,4
Bengaluru (Bangalore),BMTC,27912,Ramakrishnapura Circle,14,9
Bengaluru (Bangalore),BMTC,34358,Ramakrishnapura Circle,13,6
Bengaluru (Bangalore),BMTC,27913,Ramakrishnapura Gate,37,10
Bengaluru (Bangalore),BMTC,35163,Ramakrishnapura Gate,242,37
Bengaluru (Bangalore),BMTC,35250,Ramakrishnapura Gate,255,40
Bengaluru (Bangalore),BMTC,27915,Ramalinga Reddy Estate,65,9
Bengaluru (Bangalore),BMTC,34359,Ramalinga Reddy Estate,60,9
Bengaluru (Bangalore),BMTC,27916,Ramamandira,4,3
Bengaluru (Bangalore),BMTC,22414,Ramamurthy Nagara Alada Mara,383,19
Bengaluru (Bangalore),BMTC,22415,Ramamurthy Nagara Alada Mara,440,24
Bengaluru (Bangalore),BMTC,22416,Ramamurthy Nagara Church,383,19
Bengaluru (Bangalore),BMTC,22417,Ramamurthy Nagara Church,440,24
Bengaluru (Bangalore),BMTC,22418,Ramamurthy Nagara Manipal,383,19
Bengaluru (Bangalore),BMTC,22419,Ramamurthy Nagara Manipal,440,24
Bengaluru (Bangalore),BMTC,22420,Ramamurthy Nagara Police Station,383,19
Bengaluru (Bangalore),BMTC,22421,Ramamurthy Nagara Police Station,440,24
Bengaluru (Bangalore),BMTC,39994,Ramanagara Bus Stand,88,4
Bengaluru (Bangalore),BMTC,34361,Ramanahalli,39,6
Bengaluru (Bangalore),BMTC,34362,Ramanahalli,40,6
Bengaluru (Bangalore),BMTC,27922,Ramanahalli,8,6
Bengaluru (Bangalore),BMTC,34363,Ramanahalli,2,2
Bengaluru (Bangalore),BMTC,27929,Ramanayakana Doddy,4,2
Bengaluru (Bangalore),BMTC,34365,Ramanayakana Doddy,2,1
Bengaluru (Bangalore),BMTC,27927,Ramanayakana Thandya,8,7
Bengaluru (Bangalore),BMTC,34364,Ramanayakana Thandya,7,3
Bengaluru (Bangalore),BMTC,27930,RamanayakanaDoddy Cross,14,8
Bengaluru (Bangalore),BMTC,35321,RamanayakanaDoddy Cross,16,10
Bengaluru (Bangalore),BMTC,27932,Ramanayakanahalli,4,2
Bengaluru (Bangalore),BMTC,34366,Ramanayakanahalli,4,1
Bengaluru (Bangalore),BMTC,27933,Ramanjaneya Layout Chikkallasandra,10,3
Bengaluru (Bangalore),BMTC,27935,Ramanjaneya Layout Cross,3,2
Bengaluru (Bangalore),BMTC,34367,Ramanjaneya Layout Cross,5,1
Bengaluru (Bangalore),BMTC,24005,Ramanjaneya Temple Nandhini Layout,241,13
Bengaluru (Bangalore),BMTC,24012,Ramanjaneya Temple Nandhini Layout,255,16
Bengaluru (Bangalore),BMTC,27937,Ramapura,9,1
Bengaluru (Bangalore),BMTC,34368,Ramapura,9,2
Bengaluru (Bangalore),BMTC,39183,Ramapura Cross,5,3
Bengaluru (Bangalore),BMTC,39184,Ramapura Cross,7,4
Bengaluru (Bangalore),BMTC,34369,Ramasagara,41,13
Bengaluru (Bangalore),BMTC,34370,Ramasagara,40,13
Bengaluru (Bangalore),BMTC,27944,Ramasandra,4,3
Bengaluru (Bangalore),BMTC,34372,Ramasandra,163,10
Bengaluru (Bangalore),BMTC,35226,Ramasandra,4,2
Bengaluru (Bangalore),BMTC,27946,Ramasandra Cross,74,9
Bengaluru (Bangalore),BMTC,34374,Ramasandra Cross,74,7
Bengaluru (Bangalore),BMTC,22423,Ramaswamypalya,82,13
Bengaluru (Bangalore),BMTC,37770,Ramesh Nagara Cross,34,14
Bengaluru (Bangalore),BMTC,37771,Ramesh Nagara Cross,25,10
Bengaluru (Bangalore),BMTC,22426,Rameshnagara,31,4
Bengaluru (Bangalore),BMTC,34375,Rameshnagara,61,7
Bengaluru (Bangalore),BMTC,27951,Ramkrishana Layout,14,5
Bengaluru (Bangalore),BMTC,34376,Ramohalli,113,43
Bengaluru (Bangalore),BMTC,34377,Ramohalli,110,39
Bengaluru (Bangalore),BMTC,27955,Ramohalli,68,16
Bengaluru (Bangalore),BMTC,34378,Ramohalli,73,15
Bengaluru (Bangalore),BMTC,29579,Ramohalli Ashrama,115,43
Bengaluru (Bangalore),BMTC,35671,Ramohalli Ashrama,107,39
Bengaluru (Bangalore),BMTC,27956,Ramohalli Gate,537,133
Bengaluru (Bangalore),BMTC,35388,Ramohalli Gate,542,120
Bengaluru (Bangalore),BMTC,34379,Rampura,66,11
Bengaluru (Bangalore),BMTC,34380,Rampura,68,13
Bengaluru (Bangalore),BMTC,34383,Rampura,12,3
Bengaluru (Bangalore),BMTC,34381,Rampura,11,4
Bengaluru (Bangalore),BMTC,34382,Rampura,12,6
Bengaluru (Bangalore),BMTC,27965,Rampura,2,2
Bengaluru (Bangalore),BMTC,34385,Rampura,2,2
Bengaluru (Bangalore),BMTC,36292,Rampura,6,1
Bengaluru (Bangalore),BMTC,27968,Rampura Cross,60,7
Bengaluru (Bangalore),BMTC,34386,Rampura Cross,62,6
Bengaluru (Bangalore),BMTC,34387,Rampura Cross,53,6
Bengaluru (Bangalore),BMTC,27971,Ranga Jangama,44,18
Bengaluru (Bangalore),BMTC,34388,Ranga Jangama,3,2
Bengaluru (Bangalore),BMTC,34389,Ranga Jangama,39,11
Bengaluru (Bangalore),BMTC,27973,Rangaiahnapalya,1,1
Bengaluru (Bangalore),BMTC,34390,Rangaiahnapalya,2,1
Bengaluru (Bangalore),BMTC,27975,Ranganathpura,80,12
Bengaluru (Bangalore),BMTC,34391,Ranganathpura,91,12
Bengaluru (Bangalore),BMTC,27977,Rangappa Circle,14,8
Bengaluru (Bangalore),BMTC,34392,Rangappa Circle,15,9
Bengaluru (Bangalore),BMTC,27979,Rangappanapalya Gate,2,2
Bengaluru (Bangalore),BMTC,34393,Rangappanapalya Gate,2,2
Bengaluru (Bangalore),BMTC,27983,Rangenahalli,3,1
Bengaluru (Bangalore),BMTC,34395,Rangenahalli,2,2
Bengaluru (Bangalore),BMTC,27985,Rangenahalli Colony,3,1
Bengaluru (Bangalore),BMTC,34396,Rangenahalli Colony,2,2
Bengaluru (Bangalore),BMTC,27989,Rani Circle,65,5
Bengaluru (Bangalore),BMTC,34398,Rani Circle,65,9
Bengaluru (Bangalore),BMTC,34399,Rani Circle,3,2
Bengaluru (Bangalore),BMTC,21592,Rani Saraladevi High School,340,39
Bengaluru (Bangalore),BMTC,21593,Rani Saraladevi High School,344,39
Bengaluru (Bangalore),BMTC,38792,Rashi Gateway,4,2
Bengaluru (Bangalore),BMTC,38790,Rashi Gateway Cross,2,2
Bengaluru (Bangalore),BMTC,38791,Rashi Gateway Cross,2,2
Bengaluru (Bangalore),BMTC,23554,Ravagodlu,18,6
Bengaluru (Bangalore),BMTC,23748,Ravagodlu,18,7
Bengaluru (Bangalore),BMTC,23553,Ravagodlu Gate,167,27
Bengaluru (Bangalore),BMTC,23606,Ravagodlu Gate,171,28
Bengaluru (Bangalore),BMTC,27990,Ravi Badavane Jai Maruthi Nagara,18,4
Bengaluru (Bangalore),BMTC,34400,Ravi Tent,172,23
Bengaluru (Bangalore),BMTC,35059,Ravi Tent,162,17
Bengaluru (Bangalore),BMTC,27994,Ravindra Nagara,2,1
Bengaluru (Bangalore),BMTC,34401,Ravindra Nagara,1,1
Bengaluru (Bangalore),BMTC,27996,Ravuthanahalli,28,7
Bengaluru (Bangalore),BMTC,34402,Ravuthanahalli,32,11
Bengaluru (Bangalore),BMTC,34403,Ravuthanahalli Cross,17,5
Bengaluru (Bangalore),BMTC,38537,Ravuthanahalli Cross,527,94
Bengaluru (Bangalore),BMTC,38538,Ravuthanahalli Cross,481,84
Bengaluru (Bangalore),BMTC,36538,Rayal Layout,10,2
Bengaluru (Bangalore),BMTC,21123,Rayan Circle,1165,208
Bengaluru (Bangalore),BMTC,21124,Rayan Circle,1006,181
Bengaluru (Bangalore),BMTC,23780,Rayan International School,523,81
Bengaluru (Bangalore),BMTC,24132,Rayan International School,515,80
Bengaluru (Bangalore),BMTC,28000,Rayara Doddy,5,2
Bengaluru (Bangalore),BMTC,34404,Rayara Doddy,5,2
Bengaluru (Bangalore),BMTC,28003,Rayasandra,85,12
Bengaluru (Bangalore),BMTC,35371,Rayasandra,91,14
Bengaluru (Bangalore),BMTC,34405,Rayasandra,41,7
Bengaluru (Bangalore),BMTC,34406,Rayasandra,40,7
Bengaluru (Bangalore),BMTC,28004,Rayasandra Circle,90,15
Bengaluru (Bangalore),BMTC,35372,Rayasandra Circle,96,17
Bengaluru (Bangalore),BMTC,24425,Rayasandra Cross (Channahalli Gate),41,7
Bengaluru (Bangalore),BMTC,28005,Rayasandra Cross (Channahalli Gate),40,7
Bengaluru (Bangalore),BMTC,28007,Rayasandra Gate,37,3
Bengaluru (Bangalore),BMTC,34407,Rayasandra Gate,36,3
Bengaluru (Bangalore),BMTC,28009,Razakpalya,10,5
Bengaluru (Bangalore),BMTC,34408,Razakpalya,11,5
Bengaluru (Bangalore),BMTC,38891,Razakpalya Cross,35,18
Bengaluru (Bangalore),BMTC,38892,Razakpalya Cross,29,15
Bengaluru (Bangalore),BMTC,34411,Reddyhalli,5,3
Bengaluru (Bangalore),BMTC,34412,Reddyhalli,5,3
Bengaluru (Bangalore),BMTC,24002,Reliance Petrol Bunk Goraguntepalya,738,45
Bengaluru (Bangalore),BMTC,24015,Reliance Petrol Bunk Goraguntepalya,751,45
Bengaluru (Bangalore),BMTC,28021,Renuka Nagara,55,26
Bengaluru (Bangalore),BMTC,34414,Renuka Nagara,93,27
Bengaluru (Bangalore),BMTC,28023,Reva College,34,3
Bengaluru (Bangalore),BMTC,34415,Reva College,34,4
Bengaluru (Bangalore),BMTC,28026,Reva College Gate,34,3
Bengaluru (Bangalore),BMTC,34416,Reva College Gate,233,43
Bengaluru (Bangalore),BMTC,34417,Reva College Gate,195,41
Bengaluru (Bangalore),BMTC,22427,Richard Farm,20,10
Bengaluru (Bangalore),BMTC,22428,Richard Farm,27,11
Bengaluru (Bangalore),BMTC,21125,Richmond Circle,1278,275
Bengaluru (Bangalore),BMTC,21126,Richmond Circle,969,230
Bengaluru (Bangalore),BMTC,23674,Richmond Circle,341,43
Bengaluru (Bangalore),BMTC,36131,Richmond Circle UFLY,3,3
Bengaluru (Bangalore),BMTC,28049,Robin Theatre,183,21
Bengaluru (Bangalore),BMTC,34427,Robin Theatre,187,22
Bengaluru (Bangalore),BMTC,28051,Rock Colony,9,4
Bengaluru (Bangalore),BMTC,34428,Rock Colony,10,5
Bengaluru (Bangalore),BMTC,28053,Rock Line Studio,62,4
Bengaluru (Bangalore),BMTC,34429,Rock Line Studio,63,4
Bengaluru (Bangalore),BMTC,21136,Rolling Mill,1226,85
Bengaluru (Bangalore),BMTC,21137,Rolling Mill,1253,77
Bengaluru (Bangalore),BMTC,21138,Roopena Agrahara,996,145
Bengaluru (Bangalore),BMTC,21143,Roopena Agrahara,1288,194
Bengaluru (Bangalore),BMTC,37600,Roopena Agrahara,245,30
Bengaluru (Bangalore),BMTC,35774,Roopena Agrahara FLY,188,17
Bengaluru (Bangalore),BMTC,37868,Roopena Agrahara FLY,149,8
Bengaluru (Bangalore),BMTC,37735,Roopena Agrahara Toll,199,14
Bengaluru (Bangalore),BMTC,39466,Roopena Agrahara Toll (Volvo),2,1
Bengaluru (Bangalore),BMTC,28057,Royal Enclave,23,6
Bengaluru (Bangalore),BMTC,34430,Royal Enclave,36,11
Bengaluru (Bangalore),BMTC,23461,Royal Layout,230,18
Bengaluru (Bangalore),BMTC,23465,Royal Layout,226,17
Bengaluru (Bangalore),BMTC,34431,Royal Meenakshi Mall,121,5
Bengaluru (Bangalore),BMTC,28059,Royal Meenakshi Mall BG Road,100,5
Bengaluru (Bangalore),BMTC,28076,Rukmini Nagara,333,22
Bengaluru (Bangalore),BMTC,34439,Rukmini Nagara,376,20
Bengaluru (Bangalore),BMTC,23877,Rupesh Hotel,165,23
Bengaluru (Bangalore),BMTC,23888,Rupesh Hotel,141,15
Bengaluru (Bangalore),BMTC,39731,Rural High School Devanahalli,37,3
Bengaluru (Bangalore),BMTC,39732,Rural High School Devanahalli,36,3
Bengaluru (Bangalore),BMTC,37965,Russell Market,4,2
Bengaluru (Bangalore),BMTC,28083,S Gollahalli,29,14
Bengaluru (Bangalore),BMTC,34441,S Gollahalli,25,13
Bengaluru (Bangalore),BMTC,21199,S J R College,719,64
Bengaluru (Bangalore),BMTC,21200,S J R College,764,63
Bengaluru (Bangalore),BMTC,22435,S Medahalli,96,23
Bengaluru (Bangalore),BMTC,22436,S Medahalli,166,24
Bengaluru (Bangalore),BMTC,38707,S Nagenahalli Gate,1,1
Bengaluru (Bangalore),BMTC,38708,S Nagenahalli Gate,2,1
Bengaluru (Bangalore),BMTC,26683,S R S Mathikere,152,23
Bengaluru (Bangalore),BMTC,34701,S R S Mathikere,150,24
Bengaluru (Bangalore),BMTC,21152,SAP Labs,589,24
Bengaluru (Bangalore),BMTC,21153,SAP Labs,579,25
Bengaluru (Bangalore),BMTC,22467,SBI Bank,443,47
Bengaluru (Bangalore),BMTC,22468,SBI Bank,423,40
Bengaluru (Bangalore),BMTC,28189,SBM Gayathri Nagara,33,4
Bengaluru (Bangalore),BMTC,34484,SBM Gayathri Nagara,37,2
Bengaluru (Bangalore),BMTC,28230,SEZ Amada Circle,9,5
Bengaluru (Bangalore),BMTC,28231,SEZ Amada Circle,5,3
Bengaluru (Bangalore),BMTC,39202,SFS High School Hebbagodi,816,107
Bengaluru (Bangalore),BMTC,39203,SFS High School Hebbagodi,831,112
Bengaluru (Bangalore),BMTC,21176,SI Apartment HSR Layout,1227,72
Bengaluru (Bangalore),BMTC,21177,SI Apartment HSR Layout,1190,74
Bengaluru (Bangalore),BMTC,38885,SIR M VISHWESHWARAYYA MUSEUM AND SAMADI,3,3
Bengaluru (Bangalore),BMTC,22495,SJES College,425,96
Bengaluru (Bangalore),BMTC,22496,SJES College,451,100
Bengaluru (Bangalore),BMTC,26501,SJM Polytechnic,1,1
Bengaluru (Bangalore),BMTC,34620,SJM Polytechnic,2,2
Bengaluru (Bangalore),BMTC,26503,SKF Factory,122,32
Bengaluru (Bangalore),BMTC,34621,SKF Factory,121,34
Bengaluru (Bangalore),BMTC,23968,SLV Bakery,157,12
Bengaluru (Bangalore),BMTC,24344,SLV Bakery,154,13
Bengaluru (Bangalore),BMTC,38155,SLV Petrol Bunk,1,1
Bengaluru (Bangalore),BMTC,38156,SLV Petrol Bunk,1,1
Bengaluru (Bangalore),BMTC,26510,SM Gollahalli,2,1
Bengaluru (Bangalore),BMTC,34624,SM Gollahalli,2,1
Bengaluru (Bangalore),BMTC,39884,SMV 5th Stage (Manganahalli Cross),88,3
Bengaluru (Bangalore),BMTC,39885,SMV 5th Stage (Manganahalli Cross),89,4
Bengaluru (Bangalore),BMTC,39908,SMV 5th Stage (Revive Hospital),79,4
Bengaluru (Bangalore),BMTC,39909,SMV 5th Stage (Revive Hospital),79,3
Bengaluru (Bangalore),BMTC,26513,SMVIT College,3,3
Bengaluru (Bangalore),BMTC,34625,SMVIT College,4,3
Bengaluru (Bangalore),BMTC,34626,SMVIT Cross,356,82
Bengaluru (Bangalore),BMTC,34627,SMVIT Cross,365,85
Bengaluru (Bangalore),BMTC,34628,SMVIT Cross,3,3
Bengaluru (Bangalore),BMTC,26520,SNN Raj Serenity Apartment Yelenahalli,42,6
Bengaluru (Bangalore),BMTC,34629,SNN Raj Serenity Apartment Yelenahalli,42,6
Bengaluru (Bangalore),BMTC,26681,SRR Kalyana Mantapa,5,1
Bengaluru (Bangalore),BMTC,34699,SRR Kalyana Mantapa,5,1
Bengaluru (Bangalore),BMTC,34700,SRR Kalyana Mantapa,5,1
Bengaluru (Bangalore),BMTC,34841,SRR Kalyana Mantapa 1,5,1
Bengaluru (Bangalore),BMTC,21189,SRS Peenya,988,187
Bengaluru (Bangalore),BMTC,21190,SRS Peenya,1030,213
Bengaluru (Bangalore),BMTC,40593,SRi Rama Sweets Vidyamanya Nagara,1,1
Bengaluru (Bangalore),BMTC,26685,SSVB Bakery Kanteerava Studio,35,4
Bengaluru (Bangalore),BMTC,34702,SSVB Bakery Kanteerava Studio,41,6
Bengaluru (Bangalore),BMTC,38542,STRR Devanahalli Toll,55,2
Bengaluru (Bangalore),BMTC,38543,STRR Devanahalli Toll,52,2
Bengaluru (Bangalore),BMTC,23712,SVR College,33,3
Bengaluru (Bangalore),BMTC,24054,SVR College,38,6
Bengaluru (Bangalore),BMTC,22437,Saalu Doddy,283,73
Bengaluru (Bangalore),BMTC,22438,Saalu Doddy,301,80
Bengaluru (Bangalore),BMTC,28086,Sadahalli,18,12
Bengaluru (Bangalore),BMTC,34442,Sadahalli,23,18
Bengaluru (Bangalore),BMTC,28088,Sadahalli Gate,831,69
Bengaluru (Bangalore),BMTC,34443,Sadahalli Gate,832,74
Bengaluru (Bangalore),BMTC,28090,Sadananda Nagara,21,8
Bengaluru (Bangalore),BMTC,34444,Sadananda Nagara,23,10
Bengaluru (Bangalore),BMTC,28091,Sadaramangala,3,1
Bengaluru (Bangalore),BMTC,40032,Sadaramangala Lake Gate,42,4
Bengaluru (Bangalore),BMTC,40034,Sadaramangala Lake Gate,4,2
Bengaluru (Bangalore),BMTC,21147,Sadashivanagara,7,1
Bengaluru (Bangalore),BMTC,28095,Sadashivanagara,8,2
Bengaluru (Bangalore),BMTC,21098,Sadashivanagara Police Station,149,13
Bengaluru (Bangalore),BMTC,21099,Sadashivanagara Police Station,295,23
Bengaluru (Bangalore),BMTC,28098,Sadenahalli,3,2
Bengaluru (Bangalore),BMTC,34446,Sadenahalli,3,2
Bengaluru (Bangalore),BMTC,28100,Sadhanapalya,3,1
Bengaluru (Bangalore),BMTC,34447,Sadhanapalya,3,1
Bengaluru (Bangalore),BMTC,23605,Sadhanapalya Gate,187,35
Bengaluru (Bangalore),BMTC,23627,Sadhanapalya Gate,190,36
Bengaluru (Bangalore),BMTC,28102,Sadhapanalli Gate,68,6
Bengaluru (Bangalore),BMTC,34448,Sadhapanalli Gate,68,5
Bengaluru (Bangalore),BMTC,22439,Safal Market,233,33
Bengaluru (Bangalore),BMTC,22440,Safal Market,154,30
Bengaluru (Bangalore),BMTC,28104,Sagar Hospital,9,2
Bengaluru (Bangalore),BMTC,34449,Sagar Hospital,10,1
Bengaluru (Bangalore),BMTC,23523,Sahakara Nagara Police Station,5,2
Bengaluru (Bangalore),BMTC,24113,Sahakara Nagara Police Station,6,3
Bengaluru (Bangalore),BMTC,23525,Sahakara Nagara Post Office,1,1
Bengaluru (Bangalore),BMTC,28108,Sahukarapalya,2,2
Bengaluru (Bangalore),BMTC,34451,Sahukarapalya,1,1
Bengaluru (Bangalore),BMTC,34452,Sahyadribalaga Layout,4,1
Bengaluru (Bangalore),BMTC,22441,Sai Baba General Hospital,384,54
Bengaluru (Bangalore),BMTC,22442,Sai Baba General Hospital,494,62
Bengaluru (Bangalore),BMTC,28112,Sai Baba Temple (Avathi),62,6
Bengaluru (Bangalore),BMTC,34453,Sai Baba Temple (Avathi),65,5
Bengaluru (Bangalore),BMTC,22443,Sai Lakshmi Industries,265,34
Bengaluru (Bangalore),BMTC,22444,Sai Lakshmi Industries,185,31
Bengaluru (Bangalore),BMTC,22445,Sajjan Rao Circle,472,104
Bengaluru (Bangalore),BMTC,22679,Sajjan Rao Circle,2,2
Bengaluru (Bangalore),BMTC,28115,Sajjan Rao Circle,11,4
Bengaluru (Bangalore),BMTC,28116,Sakalavara,10,4
Bengaluru (Bangalore),BMTC,35224,Sakalavara,2,1
Bengaluru (Bangalore),BMTC,28118,Sakamma Layout,8,1
Bengaluru (Bangalore),BMTC,34455,Sakamma Layout,8,1
Bengaluru (Bangalore),BMTC,38140,Salarpuria Apartment,56,1
Bengaluru (Bangalore),BMTC,38141,Salarpuria Apartment,56,1
Bengaluru (Bangalore),BMTC,22446,Saluhunase,273,69
Bengaluru (Bangalore),BMTC,22447,Saluhunase,290,75
Bengaluru (Bangalore),BMTC,28123,Samanahalli,5,2
Bengaluru (Bangalore),BMTC,31408,Samanahalli,5,3
Bengaluru (Bangalore),BMTC,28125,Samanduru,2,2
Bengaluru (Bangalore),BMTC,34458,Samanduru,2,2
Bengaluru (Bangalore),BMTC,28127,Sambhram College,188,38
Bengaluru (Bangalore),BMTC,34459,Sambhram College,146,43
Bengaluru (Bangalore),BMTC,22448,Samethanahalli,134,65
Bengaluru (Bangalore),BMTC,22449,Samethanahalli,136,63
Bengaluru (Bangalore),BMTC,28129,Sampangere,1,1
Bengaluru (Bangalore),BMTC,34460,Sampangere,1,1
Bengaluru (Bangalore),BMTC,23779,Sampangiram Nagara,523,81
Bengaluru (Bangalore),BMTC,24133,Sampangiram Nagara,515,80
Bengaluru (Bangalore),BMTC,28131,Sampige Nagara,4,3
Bengaluru (Bangalore),BMTC,35305,Sampige Nagara,4,2
Bengaluru (Bangalore),BMTC,24248,Sampige Nagara Gate,4,3
Bengaluru (Bangalore),BMTC,35681,Sampige Nagara Gate,4,4
Bengaluru (Bangalore),BMTC,39445,Sampige Talkies,6,1
Bengaluru (Bangalore),BMTC,28133,Sampigehalli,2,1
Bengaluru (Bangalore),BMTC,34462,Sampigehalli,2,1
Bengaluru (Bangalore),BMTC,35054,Sampigehalli Bannerughatta,194,12
Bengaluru (Bangalore),BMTC,35280,Sampigehalli Bannerughatta,192,12
Bengaluru (Bangalore),BMTC,21148,Sangam Circle,1216,115
Bengaluru (Bangalore),BMTC,21149,Sangam Circle,1250,115
Bengaluru (Bangalore),BMTC,37083,Sangam Circle,50,2
Bengaluru (Bangalore),BMTC,35099,Sanjay Gandhi Hospital,428,45
Bengaluru (Bangalore),BMTC,35205,Sanjay Gandhi Hospital,431,48
Bengaluru (Bangalore),BMTC,38115,Sanjay Gandhi Hospital,8,3
Bengaluru (Bangalore),BMTC,24010,Sanjay Gandhi Nagara,1,1
Bengaluru (Bangalore),BMTC,21150,Sanjayanagara,2,1
Bengaluru (Bangalore),BMTC,28138,Sanjeeva Nagara,7,3
Bengaluru (Bangalore),BMTC,34464,Sanjeeva Nagara,6,2
Bengaluru (Bangalore),BMTC,34465,Sanjeevanapalya,1,1
Bengaluru (Bangalore),BMTC,35275,Sanjeevini Nagara,84,20
Bengaluru (Bangalore),BMTC,28141,SanjeeviniNagara,80,21
Bengaluru (Bangalore),BMTC,28143,Sanna Amanikere,237,34
Bengaluru (Bangalore),BMTC,34466,Sanna Amanikere,239,35
Bengaluru (Bangalore),BMTC,22452,Sannathammanahalli,233,33
Bengaluru (Bangalore),BMTC,22453,Sannathammanahalli,154,30
Bengaluru (Bangalore),BMTC,23603,Santekatte,292,76
Bengaluru (Bangalore),BMTC,23635,Santekatte,276,70
Bengaluru (Bangalore),BMTC,28145,Santhe Devanagondhi,29,21
Bengaluru (Bangalore),BMTC,34467,Santhe Devanagondhi,27,19
Bengaluru (Bangalore),BMTC,22454,Santhe Gate,100,29
Bengaluru (Bangalore),BMTC,28146,Santhe Gate,103,29
Bengaluru (Bangalore),BMTC,34468,Sapalamma Devi Temple,1,1
Bengaluru (Bangalore),BMTC,37325,Sapthagiri Badavane,12,1
Bengaluru (Bangalore),BMTC,37326,Sapthagiri Badavane,12,1
Bengaluru (Bangalore),BMTC,21154,Sapthagiri College,766,94
Bengaluru (Bangalore),BMTC,21155,Sapthagiri College,740,103
Bengaluru (Bangalore),BMTC,28149,Sapthagiri College,1,1
Bengaluru (Bangalore),BMTC,22455,Sapthagiri Convention Hall,450,82
Bengaluru (Bangalore),BMTC,22456,Sapthagiri Convention Hall,478,85
Bengaluru (Bangalore),BMTC,21156,Sapthagiri Hospital,764,93
Bengaluru (Bangalore),BMTC,21157,Sapthagiri Hospital,737,101
Bengaluru (Bangalore),BMTC,22457,Sapthagiri Layout,550,45
Bengaluru (Bangalore),BMTC,22458,Sapthagiri Layout,525,43
Bengaluru (Bangalore),BMTC,28151,Sapthagiri Vidya Mandir Opp Carmelaram Station,2,1
Bengaluru (Bangalore),BMTC,39926,Sarada Math (Nandidurga Road),92,2
Bengaluru (Bangalore),BMTC,39927,Sarada Math (Nandidurga Road),86,4
Bengaluru (Bangalore),BMTC,28157,Sarakari Guttahalli Cross,10,6
Bengaluru (Bangalore),BMTC,34470,Sarakari Guttahalli Cross,10,6
Bengaluru (Bangalore),BMTC,22459,Sarakki,672,135
Bengaluru (Bangalore),BMTC,22460,Sarakki,572,131
Bengaluru (Bangalore),BMTC,39240,Sarakki Market,62,5
Bengaluru (Bangalore),BMTC,39241,Sarakki Market,31,1
Bengaluru (Bangalore),BMTC,28162,Sarakki Signal,6,2
Bengaluru (Bangalore),BMTC,34472,Sarakki Signal,35,5
Bengaluru (Bangalore),BMTC,34473,Sarakki Signal,2,1
Bengaluru (Bangalore),BMTC,24076,Sarala Birla Academy,332,69
Bengaluru (Bangalore),BMTC,24234,Sarala Birla Academy,329,70
Bengaluru (Bangalore),BMTC,39659,Sarapura Cross,2,2
Bengaluru (Bangalore),BMTC,39660,Sarapura Cross,2,2
Bengaluru (Bangalore),BMTC,21597,Saraswathi Nagara,418,31
Bengaluru (Bangalore),BMTC,28163,Saraswathi Nagara,415,28
Bengaluru (Bangalore),BMTC,28165,Saraswathipuram,195,17
Bengaluru (Bangalore),BMTC,34474,Saraswathipuram,188,15
Bengaluru (Bangalore),BMTC,28166,Sarathi Nagara,222,17
Bengaluru (Bangalore),BMTC,35344,Sarathi Nagara,228,18
Bengaluru (Bangalore),BMTC,22461,Sarayipalya,560,60
Bengaluru (Bangalore),BMTC,28167,Sarayipalya,575,61
Bengaluru (Bangalore),BMTC,22462,Sarjapura,562,65
Bengaluru (Bangalore),BMTC,23907,Sarjapura,398,52
Bengaluru (Bangalore),BMTC,22391,Sarjapura Circle,574,75
Bengaluru (Bangalore),BMTC,22392,Sarjapura Circle,481,63
Bengaluru (Bangalore),BMTC,23570,Sarjapura Circle,106,28
Bengaluru (Bangalore),BMTC,20888,Sarjapura Ring Road Junction,1286,73
Bengaluru (Bangalore),BMTC,20889,Sarjapura Ring Road Junction,1373,88
Bengaluru (Bangalore),BMTC,30401,Sarjapura Road Ibbaluru Junction,175,19
Bengaluru (Bangalore),BMTC,38204,Sarjapura Road Ibbaluru Junction,82,7
Bengaluru (Bangalore),BMTC,28172,Sasuveghatta,5,1
Bengaluru (Bangalore),BMTC,34476,Sasuveghatta,5,2
Bengaluru (Bangalore),BMTC,28174,Sasuveghatta Cross,40,2
Bengaluru (Bangalore),BMTC,34477,Sasuveghatta Cross,44,5
Bengaluru (Bangalore),BMTC,28176,Sathanur,231,41
Bengaluru (Bangalore),BMTC,34478,Sathanur,227,43
Bengaluru (Bangalore),BMTC,28178,Sathanur Colony,227,43
Bengaluru (Bangalore),BMTC,34479,Sathanur Colony,231,41
Bengaluru (Bangalore),BMTC,28180,Sathya Nagara,28,6
Bengaluru (Bangalore),BMTC,34480,Sathya Nagara,34,5
Bengaluru (Bangalore),BMTC,22464,Sathya Sai Baba Mandir,325,41
Bengaluru (Bangalore),BMTC,22465,Sathya Sai Baba Mandir,206,34
Bengaluru (Bangalore),BMTC,21160,Sathya Sai Hospital,607,26
Bengaluru (Bangalore),BMTC,21161,Sathya Sai Hospital,600,25
Bengaluru (Bangalore),BMTC,39782,Sattva Anugraha Apartment,438,30
Bengaluru (Bangalore),BMTC,21665,Savandarbar Ashrama,483,14
Bengaluru (Bangalore),BMTC,22466,Savandarbar Ashrama,452,14
Bengaluru (Bangalore),BMTC,28181,Savandurga,5,1
Bengaluru (Bangalore),BMTC,34481,Savandurga Cross,3,1
Bengaluru (Bangalore),BMTC,35845,Savandurga Cross,2,1
Bengaluru (Bangalore),BMTC,28187,Savukanahalli Gate,48,6
Bengaluru (Bangalore),BMTC,34483,Savukanahalli Gate,50,8
Bengaluru (Bangalore),BMTC,28195,Seebekatte,1,1
Bengaluru (Bangalore),BMTC,34487,Seebekatte,1,1
Bengaluru (Bangalore),BMTC,34492,Seegehalli,11,1
Bengaluru (Bangalore),BMTC,34490,Seegehalli,3,1
Bengaluru (Bangalore),BMTC,34491,Seegehalli,4,2
Bengaluru (Bangalore),BMTC,28202,Seegehalli,6,1
Bengaluru (Bangalore),BMTC,39940,Seegehalli Cross,117,23
Bengaluru (Bangalore),BMTC,39941,Seegehalli Cross,112,18
Bengaluru (Bangalore),BMTC,28204,Seegehalli Cross,31,9
Bengaluru (Bangalore),BMTC,34494,Seegehalli Cross,8,1
Bengaluru (Bangalore),BMTC,21598,Seegehalli Gate,447,73
Bengaluru (Bangalore),BMTC,21599,Seegehalli Gate,480,82
Bengaluru (Bangalore),BMTC,28205,Seegehalli Gate Kadugodi,288,35
Bengaluru (Bangalore),BMTC,28206,Seegehalli Gate Kadugodi,208,33
Bengaluru (Bangalore),BMTC,28208,Seegehalli Junction,5,1
Bengaluru (Bangalore),BMTC,34495,Seegehalli Junction,6,1
Bengaluru (Bangalore),BMTC,28210,Seeresandra,24,11
Bengaluru (Bangalore),BMTC,34496,Seeresandra,23,13
Bengaluru (Bangalore),BMTC,39102,Seetanayakanahalli,1,1
Bengaluru (Bangalore),BMTC,39103,Seetanayakanahalli,1,1
Bengaluru (Bangalore),BMTC,36226,Seetanayakanahalli Gate Malur Road,1,1
Bengaluru (Bangalore),BMTC,36227,Seetanayakanahalli Gate Malur Road,1,1
Bengaluru (Bangalore),BMTC,22471,Seetha Circle,159,20
Bengaluru (Bangalore),BMTC,22472,Seetha Circle,405,39
Bengaluru (Bangalore),BMTC,28212,Seethakempanahalli,1,1
Bengaluru (Bangalore),BMTC,34497,Seethakempanahalli,7,5
Bengaluru (Bangalore),BMTC,28214,Seethakempanahalli Cross,5,4
Bengaluru (Bangalore),BMTC,34498,Seethakempanahalli Cross,3,3
Bengaluru (Bangalore),BMTC,28216,Seethakempanahalli Gate,30,17
Bengaluru (Bangalore),BMTC,34499,Seethakempanahalli Gate,27,19
Bengaluru (Bangalore),BMTC,28218,Seethanayakanahalli,2,1
Bengaluru (Bangalore),BMTC,34500,Seethanayakanahalli,3,2
Bengaluru (Bangalore),BMTC,28220,Seetharam Bhattarapalya,6,6
Bengaluru (Bangalore),BMTC,34501,Seetharam Bhattarapalya,5,5
Bengaluru (Bangalore),BMTC,28222,Seetharampalya,2,1
Bengaluru (Bangalore),BMTC,34502,Seetharampalya,4,2
Bengaluru (Bangalore),BMTC,37984,Seetharampalya Metro Station,13,4
Bengaluru (Bangalore),BMTC,37988,Seetharampalya Metro Station,12,2
Bengaluru (Bangalore),BMTC,28224,Selection Corner Mallasandra,1,1
Bengaluru (Bangalore),BMTC,38215,Senior Officers Quaters,1,1
Bengaluru (Bangalore),BMTC,38217,Senior Officers Quaters,1,1
Bengaluru (Bangalore),BMTC,28227,Sevanagara Varadenahalli,13,5
Bengaluru (Bangalore),BMTC,34504,Sevanagara Varadenahalli,13,5
Bengaluru (Bangalore),BMTC,28229,Sevanayakanahalli,3,2
Bengaluru (Bangalore),BMTC,34505,Sevanayakanahalli,3,2
Bengaluru (Bangalore),BMTC,36720,Seventh Day School (Coles Park),563,38
Bengaluru (Bangalore),BMTC,36463,Shakthi Garden,1,1
Bengaluru (Bangalore),BMTC,28238,Shamarajapura,14,7
Bengaluru (Bangalore),BMTC,34507,Shamarajapura,14,5
Bengaluru (Bangalore),BMTC,38709,Shamarajapura Cross,17,6
Bengaluru (Bangalore),BMTC,38710,Shamarajapura Cross,19,5
Bengaluru (Bangalore),BMTC,28241,Shampura,4,1
Bengaluru (Bangalore),BMTC,34509,Shampura,5,1
Bengaluru (Bangalore),BMTC,28245,Shaneshwara Temple Hoskerehalli,13,4
Bengaluru (Bangalore),BMTC,34511,Shaneshwara Temple Hoskerehalli,11,4
Bengaluru (Bangalore),BMTC,38784,Shaneshwaraswamy Temple Sheshagirihalli,310,40
Bengaluru (Bangalore),BMTC,22473,Shanimahathma Temple,312,80
Bengaluru (Bangalore),BMTC,22474,Shanimahathma Temple,302,74
Bengaluru (Bangalore),BMTC,33468,Shanimahathma Temple,2,1
Bengaluru (Bangalore),BMTC,28251,Shanimahathma Temple,35,7
Bengaluru (Bangalore),BMTC,34515,Shanimahathma Temple,32,4
Bengaluru (Bangalore),BMTC,38664,Shanimahathma Temple,2,2
Bengaluru (Bangalore),BMTC,38665,Shanimahathma Temple,2,2
Bengaluru (Bangalore),BMTC,34512,Shanimahathma Temple,28,4
Bengaluru (Bangalore),BMTC,34513,Shanimahathma Temple,29,4
Bengaluru (Bangalore),BMTC,35136,Shanimahathma Temple,142,16
Bengaluru (Bangalore),BMTC,35294,Shanimahathma Temple,114,10
Bengaluru (Bangalore),BMTC,31042,Shanimahathma Temple,2,1
Bengaluru (Bangalore),BMTC,35067,Shanimahathma Temple,17,4
Bengaluru (Bangalore),BMTC,39952,Shankanadasana Doddi Cross,16,2
Bengaluru (Bangalore),BMTC,39953,Shankanadasana Doddi Cross,12,2
Bengaluru (Bangalore),BMTC,28253,Shankanipura Gate,194,13
Bengaluru (Bangalore),BMTC,34516,Shankanipura Gate,191,13
Bengaluru (Bangalore),BMTC,21164,Shankar Mutt,437,22
Bengaluru (Bangalore),BMTC,21165,Shankar Mutt,522,28
Bengaluru (Bangalore),BMTC,34517,Shankar Mutt,1,1
Bengaluru (Bangalore),BMTC,35808,Shankar Mutt,48,7
Bengaluru (Bangalore),BMTC,28257,Shankara Nagara,281,17
Bengaluru (Bangalore),BMTC,34518,Shankara Nagara,270,17
Bengaluru (Bangalore),BMTC,28258,Shankarnagh Bus Stand,305,11
Bengaluru (Bangalore),BMTC,28260,Shankarnagh Circle,10,3
Bengaluru (Bangalore),BMTC,34519,Shankarnagh Circle,10,3
Bengaluru (Bangalore),BMTC,28268,Shanthi Talkies,122,9
Bengaluru (Bangalore),BMTC,34523,Shanthi Talkies,116,9
Bengaluru (Bangalore),BMTC,28270,Shanthinagara,40,6
Bengaluru (Bangalore),BMTC,34524,Shanthinagara,40,6
Bengaluru (Bangalore),BMTC,21166_ST,Shanthinagara Bus Station,0,0
Bengaluru (Bangalore),BMTC,21166,Shanthinagara Bus Station,37,20
Bengaluru (Bangalore),BMTC,21167,Shanthinagara Bus Station,35,17
Bengaluru (Bangalore),BMTC,21166_PF1,Shanthinagara Bus Station - Platform 1,252,34
Bengaluru (Bangalore),BMTC,21166_PF2,Shanthinagara Bus Station - Platform 2,1744,151
Bengaluru (Bangalore),BMTC,21166_PF8,Shanthinagara Bus Station - Platform 8,1051,95
Bengaluru (Bangalore),BMTC,23640,Shanthinagara KH Road,11,5
Bengaluru (Bangalore),BMTC,23667,Shanthinagara KH Road,2,2
Bengaluru (Bangalore),BMTC,28271,Shanthinagara Manchanabele,7,5
Bengaluru (Bangalore),BMTC,28272,Shanthinagara Manchanabele,4,3
Bengaluru (Bangalore),BMTC,27424,Shanthinagara Nelamangala,18,14
Bengaluru (Bangalore),BMTC,34140,Shanthinagara Nelamangala,16,14
Bengaluru (Bangalore),BMTC,28274,Shanthinagara Ravuttanahalli,24,5
Bengaluru (Bangalore),BMTC,34525,Shanthinagara Ravuttanahalli,28,9
Bengaluru (Bangalore),BMTC,23581,Shanthiniketan Layout,15,3
Bengaluru (Bangalore),BMTC,24236,Shanthiniketan Layout,13,3
Bengaluru (Bangalore),BMTC,39772,Shanthiniketan School,36,3
Bengaluru (Bangalore),BMTC,39773,Shanthiniketan School,42,4
Bengaluru (Bangalore),BMTC,28281,Shanubhoganahalli,5,3
Bengaluru (Bangalore),BMTC,34528,Shanubhoganahalli,9,5
Bengaluru (Bangalore),BMTC,21600,Shanubhoganahalli,99,18
Bengaluru (Bangalore),BMTC,21601,Shanubhoganahalli,108,18
Bengaluru (Bangalore),BMTC,23742,Shanubhoganahalli 1st Cross,38,7
Bengaluru (Bangalore),BMTC,23856,Shanubhoganahalli 1st Cross,37,6
Bengaluru (Bangalore),BMTC,23743,Shanubhoganahalli Bannerughatta,38,7
Bengaluru (Bangalore),BMTC,23855,Shanubhoganahalli Bannerughatta,37,6
Bengaluru (Bangalore),BMTC,28283,Shanubhoganahalli Colony,4,3
Bengaluru (Bangalore),BMTC,34529,Shanubhoganahalli Colony,2,1
Bengaluru (Bangalore),BMTC,24985,Shanubhoganahalli Gate (Dibbur Cross),38,27
Bengaluru (Bangalore),BMTC,32484,Shanubhoganahalli Gate (Dibbur Cross),48,26
Bengaluru (Bangalore),BMTC,24060,Sharada Colony,81,10
Bengaluru (Bangalore),BMTC,24065,Sharada Colony,55,6
Bengaluru (Bangalore),BMTC,28285,Sharadamba Nagara,4,3
Bengaluru (Bangalore),BMTC,34530,Sharadamba Nagara,4,3
Bengaluru (Bangalore),BMTC,22586,Sharadanagara,209,7
Bengaluru (Bangalore),BMTC,22587,Sharadanagara,202,8
Bengaluru (Bangalore),BMTC,33289,Sharadha Colony,15,2
Bengaluru (Bangalore),BMTC,22475,Sharavathi Hotel,802,61
Bengaluru (Bangalore),BMTC,22476,Sharavathi Hotel,822,65
Bengaluru (Bangalore),BMTC,22477,Shastri Bakery,154,17
Bengaluru (Bangalore),BMTC,22478,Shastri Bakery,142,13
Bengaluru (Bangalore),BMTC,28289,Shastri Palya,3,3
Bengaluru (Bangalore),BMTC,34532,Shastri Palya,3,3
Bengaluru (Bangalore),BMTC,35330,Sheganayakanahalli,4,2
Bengaluru (Bangalore),BMTC,24324,Sheganayakanahalli Cross,6,3
Bengaluru (Bangalore),BMTC,24326,Sheganayakanahalli Cross,5,3
Bengaluru (Bangalore),BMTC,28292,Shell Company,14,6
Bengaluru (Bangalore),BMTC,34533,Shell Company,11,5
Bengaluru (Bangalore),BMTC,22479,Shell Petrol Bunk,265,34
Bengaluru (Bangalore),BMTC,22480,Shell Petrol Bunk,185,31
Bengaluru (Bangalore),BMTC,28294,Sheshadri Nagara,4,1
Bengaluru (Bangalore),BMTC,22481,Sheshadripuram College,806,62
Bengaluru (Bangalore),BMTC,22482,Sheshadripuram College,822,68
Bengaluru (Bangalore),BMTC,28297,Sheshadripuram College,402,99
Bengaluru (Bangalore),BMTC,34534,Sheshadripuram College,89,23
Bengaluru (Bangalore),BMTC,21168,Sheshagirihalli,310,40
Bengaluru (Bangalore),BMTC,21169,Sheshagirihalli,308,45
Bengaluru (Bangalore),BMTC,28299,Sheshagiripura,4,1
Bengaluru (Bangalore),BMTC,34535,Sheshagiripura,4,1
Bengaluru (Bangalore),BMTC,28303,Shettarahalli Cross,5,4
Bengaluru (Bangalore),BMTC,34537,Shettarahalli Cross,5,4
Bengaluru (Bangalore),BMTC,28306,Shettigere,52,11
Bengaluru (Bangalore),BMTC,34539,Shettigere,54,11
Bengaluru (Bangalore),BMTC,28307,Shettigowdanahalli,9,4
Bengaluru (Bangalore),BMTC,28308,Shettigowdanahalli,8,4
Bengaluru (Bangalore),BMTC,28311,Shettyhalli,22,5
Bengaluru (Bangalore),BMTC,34540,Shettyhalli,14,6
Bengaluru (Bangalore),BMTC,28313,Shettyhalli Anekal Road,7,2
Bengaluru (Bangalore),BMTC,34541,Shettyhalli Anekal Road,9,5
Bengaluru (Bangalore),BMTC,22483,Shettyhalli Cross,379,31
Bengaluru (Bangalore),BMTC,22484,Shettyhalli Cross,337,35
Bengaluru (Bangalore),BMTC,34542,Shettyhalli Cross,15,4
Bengaluru (Bangalore),BMTC,38804,Shettyhalli Cross,32,3
Bengaluru (Bangalore),BMTC,28319,Shikaripalya,10,7
Bengaluru (Bangalore),BMTC,34544,Shikaripalya,10,7
Bengaluru (Bangalore),BMTC,28321,Shilpa Bakery Horamavu Road,6,3
Bengaluru (Bangalore),BMTC,34545,Shilpa Bakery Horamavu Road,7,3
Bengaluru (Bangalore),BMTC,28323,Shine Bakery,20,2
Bengaluru (Bangalore),BMTC,34546,Shine Bakery,22,4
Bengaluru (Bangalore),BMTC,28325,Shiradi Sai Temple Arakere,55,9
Bengaluru (Bangalore),BMTC,34547,Shiradi Sai Temple Arakere,58,9
Bengaluru (Bangalore),BMTC,24098,Shirdi Sai Nagara,22,3
Bengaluru (Bangalore),BMTC,35158,Shirdi Sai Nagara,27,5
Bengaluru (Bangalore),BMTC,22664,Shirke KHB Quarters,817,47
Bengaluru (Bangalore),BMTC,22665,Shirke KHB Quarters,839,48
Bengaluru (Bangalore),BMTC,28328,Shiva Ittige Factory,54,16
Bengaluru (Bangalore),BMTC,34548,Shiva Ittige Factory,48,15
Bengaluru (Bangalore),BMTC,22733,Shivaji Hotel,166,15
Bengaluru (Bangalore),BMTC,28331,Shivaji Hotel,175,14
Bengaluru (Bangalore),BMTC,21172_ST,Shivajinagara Bus Station,0,0
Bengaluru (Bangalore),BMTC,21172,Shivajinagara Bus Station,1150,195
Bengaluru (Bangalore),BMTC,21173,Shivajinagara Bus Station,1034,193
Bengaluru (Bangalore),BMTC,35779,Shivajinagara Bus Station,55,13
Bengaluru (Bangalore),BMTC,21172_PF1,Shivajinagara Bus Station - Platform 1,184,3
Bengaluru (Bangalore),BMTC,21172_PF10,Shivajinagara Bus Station - Platform 10,401,24
Bengaluru (Bangalore),BMTC,21172_PF2,Shivajinagara Bus Station - Platform 2,18,3
Bengaluru (Bangalore),BMTC,21172_PF3,Shivajinagara Bus Station - Platform 3,73,4
Bengaluru (Bangalore),BMTC,21172_PF4,Shivajinagara Bus Station - Platform 4,359,32
Bengaluru (Bangalore),BMTC,21172_PF5,Shivajinagara Bus Station - Platform 5,614,14
Bengaluru (Bangalore),BMTC,21172_PF6,Shivajinagara Bus Station - Platform 6,49,8
Bengaluru (Bangalore),BMTC,21172_PF7,Shivajinagara Bus Station - Platform 7,332,13
Bengaluru (Bangalore),BMTC,21172_PF8,Shivajinagara Bus Station - Platform 8,24,5
Bengaluru (Bangalore),BMTC,21172_PF9,Shivajinagara Bus Station - Platform 9,127,26
Bengaluru (Bangalore),BMTC,28337,Shivakote,1,1
Bengaluru (Bangalore),BMTC,34550,Shivakote,39,8
Bengaluru (Bangalore),BMTC,34551,Shivakote,31,12
Bengaluru (Bangalore),BMTC,34552,Shivakote,55,16
Bengaluru (Bangalore),BMTC,34553,Shivakote,57,9
Bengaluru (Bangalore),BMTC,28339,Shivakote Cross,79,17
Bengaluru (Bangalore),BMTC,34554,Shivakote Cross,74,15
Bengaluru (Bangalore),BMTC,39750,Shivakumara Swamiji Layout,56,4
Bengaluru (Bangalore),BMTC,39751,Shivakumara Swamiji Layout,57,4
Bengaluru (Bangalore),BMTC,28341,Shivanaapura,5,3
Bengaluru (Bangalore),BMTC,34555,Shivanaapura,5,3
Bengaluru (Bangalore),BMTC,34556,Shivanahalli,9,5
Bengaluru (Bangalore),BMTC,35324,Shivanahalli,11,6
Bengaluru (Bangalore),BMTC,28344,Shivanahalli,2,2
Bengaluru (Bangalore),BMTC,34557,Shivanahalli,2,1
Bengaluru (Bangalore),BMTC,28346,Shivanahalli 4th Main,30,2
Bengaluru (Bangalore),BMTC,34558,Shivanahalli 4th Main,27,1
Bengaluru (Bangalore),BMTC,25916,Shivanahalli Hongemara,9,5
Bengaluru (Bangalore),BMTC,35323,Shivanahalli Hongemara,11,6
Bengaluru (Bangalore),BMTC,21174,Shivananda Store,766,126
Bengaluru (Bangalore),BMTC,21175,Shivananda Store,862,145
Bengaluru (Bangalore),BMTC,23354,Shivananda Store,196,68
Bengaluru (Bangalore),BMTC,24239,Shivananda Store,101,32
Bengaluru (Bangalore),BMTC,28350,Shivanapura,2,1
Bengaluru (Bangalore),BMTC,34559,Shivanapura,9,5
Bengaluru (Bangalore),BMTC,34560,Shivanapura,1,1
Bengaluru (Bangalore),BMTC,34561,Shivanapura,2,1
Bengaluru (Bangalore),BMTC,34562,Shivanapura Colony,7,3
Bengaluru (Bangalore),BMTC,34838,Shivanapura Colony 1,3,3
Bengaluru (Bangalore),BMTC,34567,Shivanapura Colony Cross,9,3
Bengaluru (Bangalore),BMTC,34568,Shivanapura Colony Cross,13,6
Bengaluru (Bangalore),BMTC,34564,Shivanapura Cross,23,2
Bengaluru (Bangalore),BMTC,34565,Shivanapura Cross,23,2
Bengaluru (Bangalore),BMTC,28362,Shivanapura Cross,15,4
Bengaluru (Bangalore),BMTC,34840,Shivanapura Cross 1,18,6
Bengaluru (Bangalore),BMTC,34566,Shivanapura Cross Hosakote,5,3
Bengaluru (Bangalore),BMTC,34839,Shivanapura Cross Hosakote,5,3
Bengaluru (Bangalore),BMTC,34569,Shivanasandra,1,1
Bengaluru (Bangalore),BMTC,28366,Shivaparvathi Kalyanamantapa,5,1
Bengaluru (Bangalore),BMTC,34570,Shivaparvathi Kalyanamantapa,5,1
Bengaluru (Bangalore),BMTC,28370,Shobha Apartment,65,9
Bengaluru (Bangalore),BMTC,34572,Shobha Apartment,60,9
Bengaluru (Bangalore),BMTC,34574,Shobha Hills View Apartment,1,1
Bengaluru (Bangalore),BMTC,28376,Shobha Tulip JP Nagara,222,17
Bengaluru (Bangalore),BMTC,34575,Shobha Tulip JP Nagara,46,3
Bengaluru (Bangalore),BMTC,22486,Shoolay Circle Brigade Road,485,39
Bengaluru (Bangalore),BMTC,23797,Shoolay Circle Brigade Road,228,17
Bengaluru (Bangalore),BMTC,22701,Shopping Complex HMT,76,13
Bengaluru (Bangalore),BMTC,22710,Shopping Complex HMT,77,10
Bengaluru (Bangalore),BMTC,39152,Shreeram Public School,2,1
Bengaluru (Bangalore),BMTC,39153,Shreeram Public School,2,1
Bengaluru (Bangalore),BMTC,28382,Shri Rama Temple,5,2
Bengaluru (Bangalore),BMTC,34576,Shri Rama Temple,5,3
Bengaluru (Bangalore),BMTC,39641,Shri Shanthamurthy Ayyappa Temple,32,4
Bengaluru (Bangalore),BMTC,39642,Shri Shanthamurthy Ayyappa Temple,31,4
Bengaluru (Bangalore),BMTC,22675,Shri Vidhyanagara,108,12
Bengaluru (Bangalore),BMTC,28383,Shri Vishnu Garden,6,1
Bengaluru (Bangalore),BMTC,34577,Shri Vishnu Garden,5,1
Bengaluru (Bangalore),BMTC,26644,Shrinivagilu Bus Stand,1,1
Bengaluru (Bangalore),BMTC,22509,Shrinivagilu Ejipura,260,23
Bengaluru (Bangalore),BMTC,22510,Shrinivagilu Ejipura,267,27
Bengaluru (Bangalore),BMTC,26646,Shrinivagilu Junction,1,1
Bengaluru (Bangalore),BMTC,34683,Shrinivagilu Junction,4,3
Bengaluru (Bangalore),BMTC,24189,Shrinivasa Temple,528,42
Bengaluru (Bangalore),BMTC,24192,Shrinivasa Temple,535,40
Bengaluru (Bangalore),BMTC,26409,Shrunga School Devanagondi,32,18
Bengaluru (Bangalore),BMTC,34578,Shrunga School Devanagundi,30,18
Bengaluru (Bangalore),BMTC,39582,Shrungagiri Sri Shanmukha Swami Temple,1,1
Bengaluru (Bangalore),BMTC,26411,Shrusti School Yelahanka,145,13
Bengaluru (Bangalore),BMTC,34579,Shrusti School Yelahanka,129,7
Bengaluru (Bangalore),BMTC,26413,Shyanumangala,23,11
Bengaluru (Bangalore),BMTC,34580,Shyanumangala,22,11
Bengaluru (Bangalore),BMTC,38840,Shykaladevanapura,13,3
Bengaluru (Bangalore),BMTC,38841,Shykaladevanapura,13,2
Bengaluru (Bangalore),BMTC,26415,Shylendra Doddy,15,6
Bengaluru (Bangalore),BMTC,34581,Shylendra Doddy,13,5
Bengaluru (Bangalore),BMTC,26419,Siddabhovipalya,2,1
Bengaluru (Bangalore),BMTC,34583,Siddabhovipalya,3,3
Bengaluru (Bangalore),BMTC,26421,Siddaganga College,93,15
Bengaluru (Bangalore),BMTC,34584,Siddaganga College,93,17
Bengaluru (Bangalore),BMTC,20890,Siddaiah Puranik Road Junction,155,16
Bengaluru (Bangalore),BMTC,20891,Siddaiah Puranik Road Junction,154,16
Bengaluru (Bangalore),BMTC,26426,Siddana Hosahalli,60,16
Bengaluru (Bangalore),BMTC,34586,Siddana Hosahalli,64,18
Bengaluru (Bangalore),BMTC,26434,Siddanapalya,9,3
Bengaluru (Bangalore),BMTC,34591,Siddanapalya,1,1
Bengaluru (Bangalore),BMTC,26436,Siddanayakanahalli,174,11
Bengaluru (Bangalore),BMTC,34592,Siddanayakanahalli,71,5
Bengaluru (Bangalore),BMTC,22487,Siddapura,431,76
Bengaluru (Bangalore),BMTC,22488,Siddapura,407,77
Bengaluru (Bangalore),BMTC,26437,Siddapura,4,2
Bengaluru (Bangalore),BMTC,21602,Siddapura Ashoka Pillar,205,29
Bengaluru (Bangalore),BMTC,21603,Siddapura Ashoka Pillar,204,30
Bengaluru (Bangalore),BMTC,26438,Siddapura Cross,30,2
Bengaluru (Bangalore),BMTC,35975,Siddapura Cross,30,2
Bengaluru (Bangalore),BMTC,26440,Siddapura Naknalhalli,3,2
Bengaluru (Bangalore),BMTC,34593,Siddapura Nallurhalli,4,2
Bengaluru (Bangalore),BMTC,26442,Siddartha Badavane,3,2
Bengaluru (Bangalore),BMTC,34594,Siddartha Badavane,2,1
Bengaluru (Bangalore),BMTC,26444,Siddartha International School,40,5
Bengaluru (Bangalore),BMTC,34595,Siddartha International School,44,6
Bengaluru (Bangalore),BMTC,26446,Siddartha Nagara,33,9
Bengaluru (Bangalore),BMTC,34596,Siddartha Nagara,31,8
Bengaluru (Bangalore),BMTC,26448,Siddartha School Cross,254,13
Bengaluru (Bangalore),BMTC,34597,Siddartha School Cross,270,10
Bengaluru (Bangalore),BMTC,21178,Sidedahalli,41,9
Bengaluru (Bangalore),BMTC,21179,Sidedahalli,52,10
Bengaluru (Bangalore),BMTC,34601,Sidi Hoskote,21,5
Bengaluru (Bangalore),BMTC,21180,Siemens,549,62
Bengaluru (Bangalore),BMTC,23992,Siemens,271,33
Bengaluru (Bangalore),BMTC,26456,Siemens Bank,2,2
Bengaluru (Bangalore),BMTC,34602,Siemens ‌ Bank,2,1
Bengaluru (Bangalore),BMTC,26458,Sikayanahalli,2,2
Bengaluru (Bangalore),BMTC,34603,Sikayanahalli,2,2
Bengaluru (Bangalore),BMTC,21758,Silk Farm,96,23
Bengaluru (Bangalore),BMTC,22490,Silk Farm,166,24
Bengaluru (Bangalore),BMTC,35891,Silk Institute Metro Station,411,85
Bengaluru (Bangalore),BMTC,36170,Silk Institute metro station,434,97
Bengaluru (Bangalore),BMTC,26464,Siluvepura,38,8
Bengaluru (Bangalore),BMTC,34605,Siluvepura,37,8
Bengaluru (Bangalore),BMTC,26465,Simpadipura,4,1
Bengaluru (Bangalore),BMTC,26467,Sinclair High School,2,2
Bengaluru (Bangalore),BMTC,34606,Sinclair High School,2,2
Bengaluru (Bangalore),BMTC,23437,Sindhi Colony,12,2
Bengaluru (Bangalore),BMTC,23752,Sindhi Colony,6,4
Bengaluru (Bangalore),BMTC,36722,Sindhi Colony,15,3
Bengaluru (Bangalore),BMTC,26471,Sindhi High School Kuvempu Road,5,2
Bengaluru (Bangalore),BMTC,34608,Sindhi High School Kuvempu Road,5,1
Bengaluru (Bangalore),BMTC,26473,Singahalli,32,5
Bengaluru (Bangalore),BMTC,34609,Singahalli,31,7
Bengaluru (Bangalore),BMTC,22492,Singaianapalya Phoenix,322,104
Bengaluru (Bangalore),BMTC,22493,Singaianapalya Phoenix,308,96
Bengaluru (Bangalore),BMTC,26476,Singanayakanahalli,8,5
Bengaluru (Bangalore),BMTC,34610,Singanayakanahalli,9,6
Bengaluru (Bangalore),BMTC,26477,Singanayakanahalli Gate,311,65
Bengaluru (Bangalore),BMTC,35778,Singanayakanahalli Gate,344,76
Bengaluru (Bangalore),BMTC,26479,Singapura,57,12
Bengaluru (Bangalore),BMTC,34611,Singapura,63,12
Bengaluru (Bangalore),BMTC,26481,Singapura LT,37,11
Bengaluru (Bangalore),BMTC,34612,Singapura LT,34,10
Bengaluru (Bangalore),BMTC,26483,Singarahalli,3,1
Bengaluru (Bangalore),BMTC,34613,Singarahalli,3,2
Bengaluru (Bangalore),BMTC,26487,Singarapura,104,21
Bengaluru (Bangalore),BMTC,34615,Singarapura,98,20
Bengaluru (Bangalore),BMTC,21181,Singasandra,1073,140
Bengaluru (Bangalore),BMTC,21182,Singasandra,1084,150
Bengaluru (Bangalore),BMTC,35786,Singasandra FLY,91,11
Bengaluru (Bangalore),BMTC,35787,Singasandra FLY,96,13
Bengaluru (Bangalore),BMTC,39044,Singasandra Koli Farm,4,1
Bengaluru (Bangalore),BMTC,39045,Singasandra Kolifarm,4,1
Bengaluru (Bangalore),BMTC,39870,Singasandra Metro Station,1028,137
Bengaluru (Bangalore),BMTC,39871,Singasandra Metro Station,1016,131
Bengaluru (Bangalore),BMTC,26489,Singena Agrahara,5,4
Bengaluru (Bangalore),BMTC,34616,Singena Agrahara,4,4
Bengaluru (Bangalore),BMTC,26474,Singena Agrahara Cross,40,13
Bengaluru (Bangalore),BMTC,26490,Singena Agrahara Cross,40,12
Bengaluru (Bangalore),BMTC,26491,Singena Agrahara Cross Fruits Market,125,43
Bengaluru (Bangalore),BMTC,35058,Singena Agrahara Cross Fruits Market,130,49
Bengaluru (Bangalore),BMTC,35304,Singena Agrahara Cross Fruits Market,2,2
Bengaluru (Bangalore),BMTC,26493,Sipgere Gate,18,7
Bengaluru (Bangalore),BMTC,34617,Sipgere Gate,16,6
Bengaluru (Bangalore),BMTC,26495,Sir M Vishweshwaraiah Layout 9th Blk Mallathahalli,14,2
Bengaluru (Bangalore),BMTC,34618,Sir M Vishweshwaraiah Layout 9th Blk Mallathahalli,12,1
Bengaluru (Bangalore),BMTC,35956,Sir M Visvesvaraya Terminal,2,2
Bengaluru (Bangalore),BMTC,37713,Sir M Visvesvaraya Terminal,758,17
Bengaluru (Bangalore),BMTC,39776,Siri Convention Hall,32,2
Bengaluru (Bangalore),BMTC,39777,Siri Convention Hall,32,2
Bengaluru (Bangalore),BMTC,21495,Sirsi Circle,381,59
Bengaluru (Bangalore),BMTC,21605,Sirsi Circle,482,72
Bengaluru (Bangalore),BMTC,35393,Sirsi Circle,1232,229
Bengaluru (Bangalore),BMTC,35403,Sirsi Circle,1244,213
Bengaluru (Bangalore),BMTC,23761,Sirsi Circle 1,411,50
Bengaluru (Bangalore),BMTC,26499,Sivanchetty Gardens,1,1
Bengaluru (Bangalore),BMTC,35358,Sivanchetty Gardens,1,1
Bengaluru (Bangalore),BMTC,26505,Skylark Arcadia Sadaramangala,45,6
Bengaluru (Bangalore),BMTC,34622,Skylark Arcadia Sadaramangala,4,2
Bengaluru (Bangalore),BMTC,39513,Smondo 3 Apartment,6,2
Bengaluru (Bangalore),BMTC,26522,Soladevanahalli,2,2
Bengaluru (Bangalore),BMTC,34630,Soladevanahalli,2,2
Bengaluru (Bangalore),BMTC,21187,Soladevanahalli Police Station,244,52
Bengaluru (Bangalore),BMTC,21607,Soladevanahalli Police Station,238,61
Bengaluru (Bangalore),BMTC,26528,Sollepura,22,8
Bengaluru (Bangalore),BMTC,34631,Sollepura,9,4
Bengaluru (Bangalore),BMTC,26532,Solur,5,2
Bengaluru (Bangalore),BMTC,34635,Solur,4,2
Bengaluru (Bangalore),BMTC,34633,Solur,3,3
Bengaluru (Bangalore),BMTC,34634,Solur,1,1
Bengaluru (Bangalore),BMTC,26534,Solur Gate,7,6
Bengaluru (Bangalore),BMTC,34636,Solur Gate,51,8
Bengaluru (Bangalore),BMTC,39257,Solur Gate,1,1
Bengaluru (Bangalore),BMTC,39258,Solur Gate,1,1
Bengaluru (Bangalore),BMTC,36371,Solur Hassan Road,4,2
Bengaluru (Bangalore),BMTC,36372,Solur Hassan Road,5,3
Bengaluru (Bangalore),BMTC,36373,Solur Railway Station,1,1
Bengaluru (Bangalore),BMTC,36374,Solur Railway Station,2,2
Bengaluru (Bangalore),BMTC,26550,Somalapura,2,1
Bengaluru (Bangalore),BMTC,34644,Somalapura,2,1
Bengaluru (Bangalore),BMTC,23725,Somanahalli,24,6
Bengaluru (Bangalore),BMTC,23727,Somanahalli,19,4
Bengaluru (Bangalore),BMTC,35171,Somanahalli Gate,229,49
Bengaluru (Bangalore),BMTC,35187,Somanahalli Gate,239,53
Bengaluru (Bangalore),BMTC,39557,Somanahalli Toll,306,58
Bengaluru (Bangalore),BMTC,39558,Somanahalli Toll,296,54
Bengaluru (Bangalore),BMTC,40666,Somanahalli Toll (Volvo),25,2
Bengaluru (Bangalore),BMTC,40667,Somanahalli Toll (Volvo),26,2
Bengaluru (Bangalore),BMTC,24055,Somasandarpalya,32,5
Bengaluru (Bangalore),BMTC,23711,Somasandra Palya,46,6
Bengaluru (Bangalore),BMTC,26541,Somasandra palya  Lake,3,2
Bengaluru (Bangalore),BMTC,34637,Somashettyhalli,8,2
Bengaluru (Bangalore),BMTC,26540,Somashettyhalli Cross,17,5
Bengaluru (Bangalore),BMTC,34640,Somashettyhalli Cross,17,5
Bengaluru (Bangalore),BMTC,34638,Somashettyhalli Cross,24,2
Bengaluru (Bangalore),BMTC,34639,Somashettyhalli Cross,2,1
Bengaluru (Bangalore),BMTC,26542,Somasundra Palya Lake,4,2
Bengaluru (Bangalore),BMTC,26544,Somathanahalli,6,2
Bengaluru (Bangalore),BMTC,34641,Somathanahalli,6,2
Bengaluru (Bangalore),BMTC,26546,Somathanahalli Circle,4,1
Bengaluru (Bangalore),BMTC,34642,Somathanahalli Circle,4,1
Bengaluru (Bangalore),BMTC,22498,Somathanahalli Gate,16,6
Bengaluru (Bangalore),BMTC,22499,Somathanahalli Gate,17,8
Bengaluru (Bangalore),BMTC,26548,Someshwara Colony Magadi,3,2
Bengaluru (Bangalore),BMTC,34643,Someshwara Colony Magadi,3,1
Bengaluru (Bangalore),BMTC,26552,Sompura,1,1
Bengaluru (Bangalore),BMTC,22497,Sompura Gate,421,64
Bengaluru (Bangalore),BMTC,22500,Sompura Gate,476,60
Bengaluru (Bangalore),BMTC,34645,Sompura Gate,9,4
Bengaluru (Bangalore),BMTC,26556,Sompura Tumakur Road,87,6
Bengaluru (Bangalore),BMTC,34646,Sompura Tumakur Road,35,3
Bengaluru (Bangalore),BMTC,26559,Sonadenahalli Gate,31,8
Bengaluru (Bangalore),BMTC,34647,Sonadenahalli Gate,33,9
Bengaluru (Bangalore),BMTC,26557,Sonadenahalli Hosakote,1,1
Bengaluru (Bangalore),BMTC,26571,Sonadenahalli Hosakote,1,1
Bengaluru (Bangalore),BMTC,26560,Sonal Garments Laggere Cross,239,11
Bengaluru (Bangalore),BMTC,35253,Sonal Garments Laggere Cross,259,17
Bengaluru (Bangalore),BMTC,26562,Sonare Doddy,3,1
Bengaluru (Bangalore),BMTC,34648,Sonare Doddy,3,1
Bengaluru (Bangalore),BMTC,26564,Sondekoppa,99,16
Bengaluru (Bangalore),BMTC,34649,Sondekoppa,98,17
Bengaluru (Bangalore),BMTC,26565,Sondekoppa Circle,32,4
Bengaluru (Bangalore),BMTC,39656,Sondekoppa Circle,27,2
Bengaluru (Bangalore),BMTC,26567,Sondekoppa Circle Nelamangala,119,20
Bengaluru (Bangalore),BMTC,34650,Sondekoppa Circle Nelamangala,91,15
Bengaluru (Bangalore),BMTC,26569,Sondekoppa Cross,2,2
Bengaluru (Bangalore),BMTC,34651,Sondekoppa Cross,2,2
Bengaluru (Bangalore),BMTC,25875,Sondekoppa High School,90,13
Bengaluru (Bangalore),BMTC,32917,Sondekoppa High School,91,13
Bengaluru (Bangalore),BMTC,26573,Sonnallipura,4,1
Bengaluru (Bangalore),BMTC,34652,Sonnallipura,4,2
Bengaluru (Bangalore),BMTC,39175,Sonnallipura,117,3
Bengaluru (Bangalore),BMTC,39176,Sonnallipura,114,3
Bengaluru (Bangalore),BMTC,26575,Sonnappanahalli,19,8
Bengaluru (Bangalore),BMTC,34653,Sonnappanahalli,19,10
Bengaluru (Bangalore),BMTC,22501,Sonnappanahalli,166,42
Bengaluru (Bangalore),BMTC,22014,Sonnappanahalli(Hamsa Farm),176,46
Bengaluru (Bangalore),BMTC,34656,Sonnenahalli,26,17
Bengaluru (Bangalore),BMTC,34657,Sonnenahalli,34,17
Bengaluru (Bangalore),BMTC,26582,Sonnenahalli,389,26
Bengaluru (Bangalore),BMTC,34658,Sonnenahalli,145,9
Bengaluru (Bangalore),BMTC,22735,Sonnenahalli Bridge,179,15
Bengaluru (Bangalore),BMTC,30196,Sonnenahalli Bridge,170,16
Bengaluru (Bangalore),BMTC,26584,Sonnenahalli Govt Hospital,30,21
Bengaluru (Bangalore),BMTC,34659,Sonnenahalli Govt Hospital,32,16
Bengaluru (Bangalore),BMTC,26586,Sonnur Gate,2,1
Bengaluru (Bangalore),BMTC,22502,Sony World 100ft Road  Koramangala,350,39
Bengaluru (Bangalore),BMTC,22503,Sony World 100ft Road  Koramangala,309,28
Bengaluru (Bangalore),BMTC,35103,Sony World 80ft Road Koramangala,199,17
Bengaluru (Bangalore),BMTC,35137,Sony World 80ft Road Koramangala,269,29
Bengaluru (Bangalore),BMTC,23356,Sophiya School,468,46
Bengaluru (Bangalore),BMTC,24174,Sophiya School,175,26
Bengaluru (Bangalore),BMTC,36180,Sophiya School (KIA),146,9
Bengaluru (Bangalore),BMTC,26589,Soppahalli,1,1
Bengaluru (Bangalore),BMTC,34661,Soppahalli,1,1
Bengaluru (Bangalore),BMTC,26591,Sorahunse,7,2
Bengaluru (Bangalore),BMTC,34662,Sorahunse,7,3
Bengaluru (Bangalore),BMTC,24198,Sorahunse Gate,81,21
Bengaluru (Bangalore),BMTC,24212,Sorahunse Gate,56,14
Bengaluru (Bangalore),BMTC,30404,Soukya Hospital Junction,31,18
Bengaluru (Bangalore),BMTC,33156,Soukya Hospital Junction,35,19
Bengaluru (Bangalore),BMTC,39218,Soundarya Collage,1,1
Bengaluru (Bangalore),BMTC,39219,Soundarya Collage,1,1
Bengaluru (Bangalore),BMTC,22504,South End Circle,547,100
Bengaluru (Bangalore),BMTC,22505,South End Circle,421,95
Bengaluru (Bangalore),BMTC,40641,South End Circle (VEIT College),113,8
Bengaluru (Bangalore),BMTC,39976,South End Circle Metro Station,170,19
Bengaluru (Bangalore),BMTC,22506,Sowdamini Kalyana Mantapa,421,46
Bengaluru (Bangalore),BMTC,22507,Sowdamini Kalyana Mantapa,430,47
Bengaluru (Bangalore),BMTC,40025,Sowparnika Apartment,52,5
Bengaluru (Bangalore),BMTC,40026,Sowparnika Apartment,42,4
Bengaluru (Bangalore),BMTC,26597,Sowthegowdanahalli,37,3
Bengaluru (Bangalore),BMTC,34665,Sowthegowdanahalli,36,3
Bengaluru (Bangalore),BMTC,22508,Spriling School,71,13
Bengaluru (Bangalore),BMTC,26600,Spriling School,74,12
Bengaluru (Bangalore),BMTC,23360,Sri Adishakthi Temple,20,5
Bengaluru (Bangalore),BMTC,23368,Sri Adishakthi Temple,19,5
Bengaluru (Bangalore),BMTC,40704,Sri Balamuri Ganapathi Temple Kondappa layout,2,1
Bengaluru (Bangalore),BMTC,40705,Sri Balamuri Ganapathi Temple Kondappa layout,2,1
Bengaluru (Bangalore),BMTC,26602,Sri Banashankari Layout,50,28
Bengaluru (Bangalore),BMTC,34666,Sri Banashankari Layout,39,27
Bengaluru (Bangalore),BMTC,39837,Sri Bayalu Basaveshwara Circle,7,4
Bengaluru (Bangalore),BMTC,26604,Sri Bhuvaneshwari Nagara,8,2
Bengaluru (Bangalore),BMTC,34667,Sri Bhuvaneshwari Nagara,8,2
Bengaluru (Bangalore),BMTC,39583,Sri Devi Karumaari Ammanvara Temple,1,1
Bengaluru (Bangalore),BMTC,23452,Sri Dharmaraya Circle,222,17
Bengaluru (Bangalore),BMTC,23474,Sri Dharmaraya Circle,172,15
Bengaluru (Bangalore),BMTC,38507,Sri Dharmaraya Circle,46,3
Bengaluru (Bangalore),BMTC,39580,Sri Gali Anjaneya Swami Temple,1,1
Bengaluru (Bangalore),BMTC,38094,Sri Kamadhenu Kshetra,14,1
Bengaluru (Bangalore),BMTC,40702,Sri Markandeya Swamy Temple,2,1
Bengaluru (Bangalore),BMTC,40703,Sri Markandeya Swamy Temple,2,1
Bengaluru (Bangalore),BMTC,39581,Sri Rajarajeshwari Temple,1,1
Bengaluru (Bangalore),BMTC,34669,Sri Rakum School,1,1
Bengaluru (Bangalore),BMTC,39048,Sri Rama Devastan Vanakanahalli,4,1
Bengaluru (Bangalore),BMTC,39049,Sri Rama Devastan Vanakanahalli,4,1
Bengaluru (Bangalore),BMTC,39036,Sri Ramadevasthana,12,4
Bengaluru (Bangalore),BMTC,39037,Sri Ramadevasthana,32,7
Bengaluru (Bangalore),BMTC,26613,Sri Ramanahalli,275,38
Bengaluru (Bangalore),BMTC,34670,Sri Ramanahalli,286,34
Bengaluru (Bangalore),BMTC,26615,Sri Ramapura,32,10
Bengaluru (Bangalore),BMTC,34671,Sri Ramapura,37,10
Bengaluru (Bangalore),BMTC,39877,Sri Renuka Yellamma Layout,44,4
Bengaluru (Bangalore),BMTC,34673,Sri Sai Packaging Company,1,1
Bengaluru (Bangalore),BMTC,26622,Sri Shiradi Sai Temple,16,5
Bengaluru (Bangalore),BMTC,34674,Sri Shiradi Sai Temple,20,4
Bengaluru (Bangalore),BMTC,26624,Sri Swananda Ashrama,24,5
Bengaluru (Bangalore),BMTC,34675,Sri Swananda Ashrama,24,5
Bengaluru (Bangalore),BMTC,39733,Sri Venkateshwara Layout,11,4
Bengaluru (Bangalore),BMTC,39734,Sri Venkateshwara Layout,24,5
Bengaluru (Bangalore),BMTC,26630,Sri Venkateshwara Nagara,4,4
Bengaluru (Bangalore),BMTC,34677,Sri Venkateshwara Nagara,7,5
Bengaluru (Bangalore),BMTC,26633,Sridhara Gudda,72,12
Bengaluru (Bangalore),BMTC,34678,Sridhara Gudda,71,10
Bengaluru (Bangalore),BMTC,26635,Srigandha Nagara,3,1
Bengaluru (Bangalore),BMTC,34679,Srigandha Nagara,3,1
Bengaluru (Bangalore),BMTC,22689,Srigandhada Kaval,6,3
Bengaluru (Bangalore),BMTC,26636,Srigandhada Kaval,17,5
Bengaluru (Bangalore),BMTC,22726,Srikanteshwara Park,54,7
Bengaluru (Bangalore),BMTC,35930,Srikanteshwara Park,19,5
Bengaluru (Bangalore),BMTC,21188,Srinagara Bus Station,238,12
Bengaluru (Bangalore),BMTC,34681,Srinidhi Hotel,5,1
Bengaluru (Bangalore),BMTC,34682,Srinidhi Hotel,5,1
Bengaluru (Bangalore),BMTC,23966,Srinivasa Kalyana Mantapa,157,12
Bengaluru (Bangalore),BMTC,24346,Srinivasa Kalyana Mantapa,158,14
Bengaluru (Bangalore),BMTC,22511,Srinivasa Nagara,20,5
Bengaluru (Bangalore),BMTC,22512,Srinivasa Nagara,349,33
Bengaluru (Bangalore),BMTC,26652,Srinivasa Nagara PattegarPalya,12,4
Bengaluru (Bangalore),BMTC,34686,Srinivasa Nagara PattegarPalya,29,3
Bengaluru (Bangalore),BMTC,35965,Srinivasa Saligrama,6,1
Bengaluru (Bangalore),BMTC,34688,Srinivasapura Colony,1,1
Bengaluru (Bangalore),BMTC,34689,Srinivasapura Colony,1,1
Bengaluru (Bangalore),BMTC,36801,Srinivasapura Cross,88,5
Bengaluru (Bangalore),BMTC,36802,Srinivasapura Cross,88,4
Bengaluru (Bangalore),BMTC,34690,Srinivasapura Cross,231,41
Bengaluru (Bangalore),BMTC,34691,Srinivasapura Cross,225,42
Bengaluru (Bangalore),BMTC,26662,Srinivasapura Cross,17,13
Bengaluru (Bangalore),BMTC,34692,Srinivasapura Cross,2,2
Bengaluru (Bangalore),BMTC,34693,Srinivasapura Cross,15,13
Bengaluru (Bangalore),BMTC,22513,Srinivasapura Kogilu,538,40
Bengaluru (Bangalore),BMTC,22514,Srinivasapura Kogilu,514,38
Bengaluru (Bangalore),BMTC,26654,Srinivasapura Kullegowdanapalya,1,1
Bengaluru (Bangalore),BMTC,34687,Srinivasapura Kullegowdanapalya,1,1
Bengaluru (Bangalore),BMTC,34694,Srinivasapura Nelamangala,2,2
Bengaluru (Bangalore),BMTC,34695,Srinivasapura Uttarahalli Road,71,2
Bengaluru (Bangalore),BMTC,34696,Sripathihalli,3,1
Bengaluru (Bangalore),BMTC,39515,Sripathihalli,2,1
Bengaluru (Bangalore),BMTC,22515,Sriram Properties,96,23
Bengaluru (Bangalore),BMTC,22516,Sriram Properties,166,24
Bengaluru (Bangalore),BMTC,26611,Srirama Layout Avalahalli Road,67,9
Bengaluru (Bangalore),BMTC,26670,Srirama Layout Avalahalli Road,79,16
Bengaluru (Bangalore),BMTC,22517,Srirama Reddy Layout,40,7
Bengaluru (Bangalore),BMTC,24154,Srirama Reddy Layout,39,5
Bengaluru (Bangalore),BMTC,22923,Sriramapura 5th Cross,4,3
Bengaluru (Bangalore),BMTC,26673,Sriramapura Bommasandra Road,2,1
Bengaluru (Bangalore),BMTC,34697,Sriramapura Bommasandra Road,3,2
Bengaluru (Bangalore),BMTC,26617,Sriramapura Circle,8,3
Bengaluru (Bangalore),BMTC,34672,Sriramapura Circle,32,12
Bengaluru (Bangalore),BMTC,35174,Sriramapura Circle,36,12
Bengaluru (Bangalore),BMTC,26675,Sriramapura Colony,5,3
Bengaluru (Bangalore),BMTC,34698,Sriramapura Colony,5,3
Bengaluru (Bangalore),BMTC,26618,Sriramapura Cross,44,15
Bengaluru (Bangalore),BMTC,35175,Sriramapura Cross,32,10
Bengaluru (Bangalore),BMTC,26671,Sriramapura OMEX,2,1
Bengaluru (Bangalore),BMTC,26676,Sriramapura OMEX,4,2
Bengaluru (Bangalore),BMTC,26677,Sriramapura Police Station,2,2
Bengaluru (Bangalore),BMTC,29414,Srirampura 7th Cross,2,1
Bengaluru (Bangalore),BMTC,29415,Srirampura 7th Cross,2,1
Bengaluru (Bangalore),BMTC,26124,Srirangam Silk House HSR Layout,112,2
Bengaluru (Bangalore),BMTC,38144,Srirangam Silk House HSR Layout,112,2
Bengaluru (Bangalore),BMTC,39251,St Benedict's Church,6,1
Bengaluru (Bangalore),BMTC,26687,St Bentic School,4,4
Bengaluru (Bangalore),BMTC,34703,St Bentic School,5,4
Bengaluru (Bangalore),BMTC,26688,St Clare School,25,5
Bengaluru (Bangalore),BMTC,23808,St Francis School,197,29
Bengaluru (Bangalore),BMTC,23816,St Francis School,177,28
Bengaluru (Bangalore),BMTC,37046,St Johns High School Thomas Cafe,3,3
Bengaluru (Bangalore),BMTC,21191,St Johns Hospital,1226,186
Bengaluru (Bangalore),BMTC,21192,St Johns Hospital,979,145
Bengaluru (Bangalore),BMTC,35369,St Johns Hospital,228,45
Bengaluru (Bangalore),BMTC,26693,St Johns Wood Apartment Tavarekere,2,2
Bengaluru (Bangalore),BMTC,23433,St Joseph Boys High School Musuem Road,336,48
Bengaluru (Bangalore),BMTC,21194,St Joseph College,1108,253
Bengaluru (Bangalore),BMTC,39040,St Joseph's High School,5,2
Bengaluru (Bangalore),BMTC,39041,St Joseph's High School,5,2
Bengaluru (Bangalore),BMTC,22685,St Josephine School Annapoorneshwarinagara,5,1
Bengaluru (Bangalore),BMTC,22695,St Josephine School Annapoorneshwarinagara,8,3
Bengaluru (Bangalore),BMTC,21193,St Josephs Indian School/ Malya Hospital,1357,270
Bengaluru (Bangalore),BMTC,21195,St Marthas Hospital,3327,508
Bengaluru (Bangalore),BMTC,24141,St Marys School,299,33
Bengaluru (Bangalore),BMTC,24338,St Marys School,281,32
Bengaluru (Bangalore),BMTC,22518,St Patrick Church,291,35
Bengaluru (Bangalore),BMTC,23893,St francis College,248,46
Bengaluru (Bangalore),BMTC,23921,St francis College,257,47
Bengaluru (Bangalore),BMTC,38982,St joseph CBSE Gate-2,2,1
Bengaluru (Bangalore),BMTC,40472,St. Xavier's School,224,15
Bengaluru (Bangalore),BMTC,40473,St. Xavier's School,214,17
Bengaluru (Bangalore),BMTC,21608,State Bank India Garage,351,44
Bengaluru (Bangalore),BMTC,22519,State Bank of India,571,75
Bengaluru (Bangalore),BMTC,39538,State Bank of India,336,44
Bengaluru (Bangalore),BMTC,22661,Steel Factory Banasawadi,218,11
Bengaluru (Bangalore),BMTC,36246,Steel Factory Banasawadi,231,14
Bengaluru (Bangalore),BMTC,26703,Sterling Apartment,84,20
Bengaluru (Bangalore),BMTC,34706,Sterling Apartment,79,20
Bengaluru (Bangalore),BMTC,26707,Stone Factory,25,5
Bengaluru (Bangalore),BMTC,34708,Stone Factory,23,5
Bengaluru (Bangalore),BMTC,39446,Sub-Registrar Office,6,1
Bengaluru (Bangalore),BMTC,21196,Subbaiah Circle,1036,113
Bengaluru (Bangalore),BMTC,23999,Subbaiah Circle,128,11
Bengaluru (Bangalore),BMTC,34709,Subbanna Garden,11,3
Bengaluru (Bangalore),BMTC,36351,Subbanna Garden,1,1
Bengaluru (Bangalore),BMTC,26712,Subbarayappanapalya Cross,126,45
Bengaluru (Bangalore),BMTC,34710,Subbarayappanapalya Cross,109,39
Bengaluru (Bangalore),BMTC,26714,Subhashnagara Hosa Road,2,1
Bengaluru (Bangalore),BMTC,34711,Subhashnagara Hosa Road,12,1
Bengaluru (Bangalore),BMTC,39632,Subramanya Swamy Temple,400,58
Bengaluru (Bangalore),BMTC,21197,Subramanya Swamy Temple,483,49
Bengaluru (Bangalore),BMTC,21198,Subramanya Swamy Temple,454,47
Bengaluru (Bangalore),BMTC,39633,Subramanya swamy Temple,396,56
Bengaluru (Bangalore),BMTC,26716,Subramanyanagara Cross,35,5
Bengaluru (Bangalore),BMTC,34712,Subramanyanagara Cross,40,4
Bengaluru (Bangalore),BMTC,27714,Subramanyanagara Police Station,26,3
Bengaluru (Bangalore),BMTC,34265,Subramanyanagara Police Station,29,7
Bengaluru (Bangalore),BMTC,26718,Subramanyanagara Thyamagondlu,16,5
Bengaluru (Bangalore),BMTC,34713,Subramanyanagara Thyamagondlu,11,4
Bengaluru (Bangalore),BMTC,22159,Subramanyapura KEB,233,14
Bengaluru (Bangalore),BMTC,22160,Subramanyapura KEB,224,16
Bengaluru (Bangalore),BMTC,22398,Subramanyapura Post Office,258,17
Bengaluru (Bangalore),BMTC,34276,Subramanyapura Post Office,256,20
Bengaluru (Bangalore),BMTC,23957,Sudduguntepalya,9,4
Bengaluru (Bangalore),BMTC,23964,Sudduguntepalya,12,5
Bengaluru (Bangalore),BMTC,26720,Sugalla,2,2
Bengaluru (Bangalore),BMTC,34714,Sugalla,2,2
Bengaluru (Bangalore),BMTC,26722,Sugaturu,9,1
Bengaluru (Bangalore),BMTC,34715,Sugaturu,8,1
Bengaluru (Bangalore),BMTC,26724,Sugganahalli,7,4
Bengaluru (Bangalore),BMTC,38485,Sugganahalli,1,1
Bengaluru (Bangalore),BMTC,26726,Sugganahalli Circle,5,2
Bengaluru (Bangalore),BMTC,26728,Suggatta,2,2
Bengaluru (Bangalore),BMTC,34718,Suggatta,3,2
Bengaluru (Bangalore),BMTC,26730,Sulibele,70,6
Bengaluru (Bangalore),BMTC,34719,Sulibele,70,8
Bengaluru (Bangalore),BMTC,26732,Sulibele KEB,109,6
Bengaluru (Bangalore),BMTC,34720,Sulibele KEB,110,6
Bengaluru (Bangalore),BMTC,26734,Sulibele Quarters,28,5
Bengaluru (Bangalore),BMTC,34721,Sulibele Quarters,29,4
Bengaluru (Bangalore),BMTC,34722,Sulikere,117,4
Bengaluru (Bangalore),BMTC,26736,Sulikere,22,2
Bengaluru (Bangalore),BMTC,26738,Sulikere Cross,91,5
Bengaluru (Bangalore),BMTC,34723,Sulikere Cross,118,9
Bengaluru (Bangalore),BMTC,26740,Sulikere Palya,56,3
Bengaluru (Bangalore),BMTC,26742,Sulikunte,2,1
Bengaluru (Bangalore),BMTC,35124,Sulikunte,374,59
Bengaluru (Bangalore),BMTC,35238,Sulikunte,366,55
Bengaluru (Bangalore),BMTC,26744,Sulivara,26,10
Bengaluru (Bangalore),BMTC,34726,Sulivara,27,10
Bengaluru (Bangalore),BMTC,26746,Sulivara Cross,44,18
Bengaluru (Bangalore),BMTC,34727,Sulivara Cross,48,18
Bengaluru (Bangalore),BMTC,35078,Sultan palya,189,12
Bengaluru (Bangalore),BMTC,35285,Sultan palya,166,11
Bengaluru (Bangalore),BMTC,23197,Sultanpalya Ashwathkatte,166,11
Bengaluru (Bangalore),BMTC,23345,Sultanpalya Ashwathkatte,189,12
Bengaluru (Bangalore),BMTC,21201,Sultanpalya Cross Pushpanjali Talkies,510,34
Bengaluru (Bangalore),BMTC,21202,Sultanpalya Cross Pushpanjali Talkies,510,26
Bengaluru (Bangalore),BMTC,21203,Summanahalli,1156,162
Bengaluru (Bangalore),BMTC,21204,Summanahalli,1604,204
Bengaluru (Bangalore),BMTC,26750,Summanahalli,487,35
Bengaluru (Bangalore),BMTC,35413,Summanahalli,898,63
Bengaluru (Bangalore),BMTC,26754,Sumuka Layout,27,10
Bengaluru (Bangalore),BMTC,34730,Sumuka Layout,29,12
Bengaluru (Bangalore),BMTC,26756,Sun Shine School,76,12
Bengaluru (Bangalore),BMTC,34731,Sun Shine School,73,10
Bengaluru (Bangalore),BMTC,26758,Sun Valley Public School Thimmsandra,69,6
Bengaluru (Bangalore),BMTC,34732,Sun Valley Public School Thimmsandra,310,11
Bengaluru (Bangalore),BMTC,40677,Sunakal Palya,427,12
Bengaluru (Bangalore),BMTC,40678,Sunakal Palya,483,14
Bengaluru (Bangalore),BMTC,36762,Suncity Apartment ORR Road,2,1
Bengaluru (Bangalore),BMTC,26760,Sundara Nagara,80,21
Bengaluru (Bangalore),BMTC,34733,Sundara Nagara,76,18
Bengaluru (Bangalore),BMTC,26762,Sundaram Estate,16,6
Bengaluru (Bangalore),BMTC,34734,Sundaram Estate,19,7
Bengaluru (Bangalore),BMTC,21205,Sunkadakatte,1410,167
Bengaluru (Bangalore),BMTC,21206,Sunkadakatte,1463,179
Bengaluru (Bangalore),BMTC,22524,Sunkadakatte,6,2
Bengaluru (Bangalore),BMTC,36607,Sunkadakatte,3,2
Bengaluru (Bangalore),BMTC,35966,Sunkadakatte Junction,5,2
Bengaluru (Bangalore),BMTC,20729,Super Talkies (Cottonpet Hospital),415,52
Bengaluru (Bangalore),BMTC,35114,Surabhi Layout,227,23
Bengaluru (Bangalore),BMTC,35351,Surabhi Layout,214,24
Bengaluru (Bangalore),BMTC,26767,Suradenapura Gate,286,34
Bengaluru (Bangalore),BMTC,34736,Suradenapura Gate,275,38
Bengaluru (Bangalore),BMTC,24091,Suragajakkanahalli,144,16
Bengaluru (Bangalore),BMTC,24218,Suragajakkanahalli,123,13
Bengaluru (Bangalore),BMTC,23421,Suranjan Das Road/NGEF,40,12
Bengaluru (Bangalore),BMTC,26771,Suranjan Das Road/NGEF,30,12
Bengaluru (Bangalore),BMTC,26770,Surdenapura Gate,1,1
Bengaluru (Bangalore),BMTC,23833,Surya Nagara,490,49
Bengaluru (Bangalore),BMTC,23984,Surya Nagara,385,52
Bengaluru (Bangalore),BMTC,24318,Surya Nagara Apartment,26,10
Bengaluru (Bangalore),BMTC,24331,Surya Nagara Apartment,25,11
Bengaluru (Bangalore),BMTC,26775,Suryacity Gate,360,51
Bengaluru (Bangalore),BMTC,35227,Suryacity Gate,319,47
Bengaluru (Bangalore),BMTC,39303,Suryanagara 2nd Stage B Block,17,5
Bengaluru (Bangalore),BMTC,26778,Suvarna Karnataka Bus Stand,5,2
Bengaluru (Bangalore),BMTC,34739,Suvarna Karnataka Bus Stand,5,2
Bengaluru (Bangalore),BMTC,26779,Suvarna Nagara,8,1
Bengaluru (Bangalore),BMTC,26780,Suvarna Nagara,8,1
Bengaluru (Bangalore),BMTC,38146,Swabhiman Park,57,2
Bengaluru (Bangalore),BMTC,38145,Swabiman Park,57,2
Bengaluru (Bangalore),BMTC,21207,Swami Narayana Gurukula,340,53
Bengaluru (Bangalore),BMTC,21208,Swami Narayana Gurukula,339,62
Bengaluru (Bangalore),BMTC,39708,Swamy Vivekananda Metro Station Resurectio Church,157,11
Bengaluru (Bangalore),BMTC,20862,Swamy Vivekananda Metro Station/Isolation Hospital,527,176
Bengaluru (Bangalore),BMTC,22527,Swamy Vivekananda Metro Station/Isolation Hospital,591,182
Bengaluru (Bangalore),BMTC,28295,Swastik Sheshadripuram,6,6
Bengaluru (Bangalore),BMTC,26782,Swastik Sheshadripuram College,261,87
Bengaluru (Bangalore),BMTC,35073,Swastik Sheshadripuram College,113,37
Bengaluru (Bangalore),BMTC,35303,Swastik Sheshadripuram College,1166,172
Bengaluru (Bangalore),BMTC,20809,Syndicate Bank,431,42
Bengaluru (Bangalore),BMTC,26786,Syndicate Bank Layout,514,19
Bengaluru (Bangalore),BMTC,34741,Syndicate Bank Layout,100,10
Bengaluru (Bangalore),BMTC,21209,Systems Peenya,812,73
Bengaluru (Bangalore),BMTC,21210,Systems Peenya,1307,87
Bengaluru (Bangalore),BMTC,34745,T Agrahara,1,1
Bengaluru (Bangalore),BMTC,34746,T Agrahara,1,1
Bengaluru (Bangalore),BMTC,34743,T Agrahara,8,4
Bengaluru (Bangalore),BMTC,34744,T Agrahara,9,5
Bengaluru (Bangalore),BMTC,26796,T Begur,76,15
Bengaluru (Bangalore),BMTC,34748,T Begur,68,13
Bengaluru (Bangalore),BMTC,21211,T Dasarahalli,1344,225
Bengaluru (Bangalore),BMTC,21212,T Dasarahalli,1342,246
Bengaluru (Bangalore),BMTC,38062,T Hosahalli,2,1
Bengaluru (Bangalore),BMTC,38063,T Hosahalli,2,1
Bengaluru (Bangalore),BMTC,35130,T John College,847,107
Bengaluru (Bangalore),BMTC,35230,T John College,831,108
Bengaluru (Bangalore),BMTC,26809,TATA Advance Jigani Industrial Area,8,2
Bengaluru (Bangalore),BMTC,34753,TATA Advance Jigani Industrial Area,8,2
Bengaluru (Bangalore),BMTC,21611,TB Gate Thippagondanahalli,100,19
Bengaluru (Bangalore),BMTC,22534,TB Nelamangala,546,93
Bengaluru (Bangalore),BMTC,26838,TB Nelamangala,548,92
Bengaluru (Bangalore),BMTC,26840,TC Palya,61,7
Bengaluru (Bangalore),BMTC,34768,TC Palya,60,7
Bengaluru (Bangalore),BMTC,22535,TC Palya  Gate Hosakote Road,456,104
Bengaluru (Bangalore),BMTC,22536,TC Palya  Gate Hosakote Road,457,102
Bengaluru (Bangalore),BMTC,26841,TC Palya  Gate Hosakote Road,25,6
Bengaluru (Bangalore),BMTC,26843,TC Palya Cross,31,7
Bengaluru (Bangalore),BMTC,34769,TC Palya Cross,20,6
Bengaluru (Bangalore),BMTC,22537,TCI,579,124
Bengaluru (Bangalore),BMTC,26844,TCI,533,110
Bengaluru (Bangalore),BMTC,21612,TG Halli Quarters,100,19
Bengaluru (Bangalore),BMTC,21613,TG Halli Quarters,110,20
Bengaluru (Bangalore),BMTC,22562,TISB Boys Hostel,83,24
Bengaluru (Bangalore),BMTC,22563,TISB Boys Hostel,150,26
Bengaluru (Bangalore),BMTC,21618,TP Gate Thippagondanahalli,110,20
Bengaluru (Bangalore),BMTC,21233,TR Mill,29,5
Bengaluru (Bangalore),BMTC,21234,TR Mill,113,8
Bengaluru (Bangalore),BMTC,23790,TV Tower,794,96
Bengaluru (Bangalore),BMTC,24020,TV Tower,773,80
Bengaluru (Bangalore),BMTC,21236,TVS Cross Peenya,1269,93
Bengaluru (Bangalore),BMTC,21237,TVS Cross Peenya,1253,77
Bengaluru (Bangalore),BMTC,27085,TVS Cross Peenya,389,32
Bengaluru (Bangalore),BMTC,26801,Talaguppe,5,3
Bengaluru (Bangalore),BMTC,34749,Talaguppe,6,2
Bengaluru (Bangalore),BMTC,26805,Talegere,5,2
Bengaluru (Bangalore),BMTC,34751,Talegere,4,1
Bengaluru (Bangalore),BMTC,40415,Tamara Residencial Layout Kachmaranhalli,2,2
Bengaluru (Bangalore),BMTC,26807,Tarabahalli Gate,21,1
Bengaluru (Bangalore),BMTC,34752,Tarabahalli Gate,21,1
Bengaluru (Bangalore),BMTC,40333,Target Shooting Academy,174,41
Bengaluru (Bangalore),BMTC,40334,Target Shooting Academy,162,38
Bengaluru (Bangalore),BMTC,21213,Tata Institute,1284,231
Bengaluru (Bangalore),BMTC,21214,Tata Institute,1124,239
Bengaluru (Bangalore),BMTC,21215,Tata Institute,515,40
Bengaluru (Bangalore),BMTC,26820,Tata Nagara Entrance,2,1
Bengaluru (Bangalore),BMTC,34758,Tata Nagara Entrance,2,1
Bengaluru (Bangalore),BMTC,22528,Tata Silk Farm,143,14
Bengaluru (Bangalore),BMTC,22529,Tata Silk Farm,155,18
Bengaluru (Bangalore),BMTC,36392,Tata Values Homes Apartments,23,6
Bengaluru (Bangalore),BMTC,26821,Tataguni,25,7
Bengaluru (Bangalore),BMTC,26900,Tataguni,26,6
Bengaluru (Bangalore),BMTC,39680,Tatanagara,4,1
Bengaluru (Bangalore),BMTC,22530,Tattaguppe,20,10
Bengaluru (Bangalore),BMTC,22531,Tattaguppe,27,11
Bengaluru (Bangalore),BMTC,26822,Tattanalli Gate,61,10
Bengaluru (Bangalore),BMTC,26824,Tattanuru,4,2
Bengaluru (Bangalore),BMTC,34759,Tattanuru,4,2
Bengaluru (Bangalore),BMTC,26826,Tattekere,19,3
Bengaluru (Bangalore),BMTC,34760,Tattekere,15,3
Bengaluru (Bangalore),BMTC,22532,Tavakkal Hospital,176,46
Bengaluru (Bangalore),BMTC,22533,Tavakkal Hospital,166,42
Bengaluru (Bangalore),BMTC,26828,Tavarekatte,107,30
Bengaluru (Bangalore),BMTC,34761,Tavarekatte,4,3
Bengaluru (Bangalore),BMTC,21609,Tavarekere,425,60
Bengaluru (Bangalore),BMTC,21610,Tavarekere,516,63
Bengaluru (Bangalore),BMTC,34765,Tavarekere,93,11
Bengaluru (Bangalore),BMTC,39650,Tavarekere,31,2
Bengaluru (Bangalore),BMTC,23960,Tavarekere Aladamara,8,3
Bengaluru (Bangalore),BMTC,23961,Tavarekere Aladamara,11,4
Bengaluru (Bangalore),BMTC,23959,Tavarekere Mori,8,3
Bengaluru (Bangalore),BMTC,23962,Tavarekere Mori,11,4
Bengaluru (Bangalore),BMTC,38711,Teachers Colony Geddalahalli,5,3
Bengaluru (Bangalore),BMTC,26850,Telecom Layout,10,2
Bengaluru (Bangalore),BMTC,34772,Telecom Layout,10,2
Bengaluru (Bangalore),BMTC,35055,Telecom Layout,3,3
Bengaluru (Bangalore),BMTC,35270,Telecom Layout,10,6
Bengaluru (Bangalore),BMTC,26852,Telecom Layout Ashwath Nagara,3,1
Bengaluru (Bangalore),BMTC,34773,Telecom Layout Ashwath Nagara,5,3
Bengaluru (Bangalore),BMTC,21216,Telephone Exchange AGO/VSD,334,40
Bengaluru (Bangalore),BMTC,21217,Telephone Exchange AGO/VSD,281,54
Bengaluru (Bangalore),BMTC,23519,Tennis Court Thindlu,40,12
Bengaluru (Bangalore),BMTC,24116,Tennis Court Thindlu,39,15
Bengaluru (Bangalore),BMTC,26856,Thabarahalli,256,47
Bengaluru (Bangalore),BMTC,34774,Thabarahalli,258,51
Bengaluru (Bangalore),BMTC,26857,Thabarahalli Gate,8,4
Bengaluru (Bangalore),BMTC,26861,Thagachaguppe,92,13
Bengaluru (Bangalore),BMTC,34777,Thagachaguppe,82,13
Bengaluru (Bangalore),BMTC,34775,Thagachaguppe,75,20
Bengaluru (Bangalore),BMTC,34776,Thagachaguppe,80,27
Bengaluru (Bangalore),BMTC,22538,Thalagattapura,426,91
Bengaluru (Bangalore),BMTC,22539,Thalagattapura,440,99
Bengaluru (Bangalore),BMTC,35890,Thalaghattapura Metro Station,453,93
Bengaluru (Bangalore),BMTC,37739,Thalaghattapura Metro Station,434,85
Bengaluru (Bangalore),BMTC,26866,Thalaker Cross,16,3
Bengaluru (Bangalore),BMTC,34779,Thalaker Cross,29,6
Bengaluru (Bangalore),BMTC,36290,Thalakunte,6,1
Bengaluru (Bangalore),BMTC,34781,Thammanayakanahalli,6,1
Bengaluru (Bangalore),BMTC,34782,Thammarasanahalli,1,1
Bengaluru (Bangalore),BMTC,34783,Thammarasanahalli,1,1
Bengaluru (Bangalore),BMTC,26874,Thammarasanahalli Madhugirihalli,2,2
Bengaluru (Bangalore),BMTC,21218,Thammenahalli,32,3
Bengaluru (Bangalore),BMTC,21219,Thammenahalli,19,3
Bengaluru (Bangalore),BMTC,26878,Thammenahalli Cross,58,7
Bengaluru (Bangalore),BMTC,34786,Thammenahalli Cross,81,7
Bengaluru (Bangalore),BMTC,26880,Thammenahalli Palya,25,4
Bengaluru (Bangalore),BMTC,34787,Thammenahalli Palya,17,2
Bengaluru (Bangalore),BMTC,26882,Thandya,80,12
Bengaluru (Bangalore),BMTC,34788,Thandya,91,12
Bengaluru (Bangalore),BMTC,26884,Thandya Dabaspete,1,1
Bengaluru (Bangalore),BMTC,30410,Thandya Junction,4,1
Bengaluru (Bangalore),BMTC,22540,Thanisandra,531,51
Bengaluru (Bangalore),BMTC,22541,Thanisandra,527,46
Bengaluru (Bangalore),BMTC,26886,Thanisandra,43,12
Bengaluru (Bangalore),BMTC,34790,Thanisandra,26,7
Bengaluru (Bangalore),BMTC,34791,Tharabanahalli,7,3
Bengaluru (Bangalore),BMTC,34792,Tharabanahalli,8,4
Bengaluru (Bangalore),BMTC,26890,Tharabanahalli,4,2
Bengaluru (Bangalore),BMTC,34793,Tharabanahalli,6,5
Bengaluru (Bangalore),BMTC,21220,Tharabanahalli,108,18
Bengaluru (Bangalore),BMTC,21614,Tharabanahalli,377,68
Bengaluru (Bangalore),BMTC,36328,Tharabanahalli,3,1
Bengaluru (Bangalore),BMTC,21221,Tharabanahalli Choultry,212,46
Bengaluru (Bangalore),BMTC,21615,Tharabanahalli Choultry,204,53
Bengaluru (Bangalore),BMTC,26892,Tharabanahalli Colony,4,3
Bengaluru (Bangalore),BMTC,34794,Tharabanahalli Colony,3,2
Bengaluru (Bangalore),BMTC,34796,Tharabanahalli Gate,7,3
Bengaluru (Bangalore),BMTC,26899,Tharahunase,25,13
Bengaluru (Bangalore),BMTC,34798,Tharahunase,24,10
Bengaluru (Bangalore),BMTC,22542,Tharalu,4,2
Bengaluru (Bangalore),BMTC,22543,Tharalu,60,15
Bengaluru (Bangalore),BMTC,22544,Tharalu Estate,6,2
Bengaluru (Bangalore),BMTC,22545,Tharalu Estate,7,3
Bengaluru (Bangalore),BMTC,26902,Thataguni BWSSB,26,6
Bengaluru (Bangalore),BMTC,34799,Thataguni BWSSB,16,4
Bengaluru (Bangalore),BMTC,26904,Thattanahalli,5,3
Bengaluru (Bangalore),BMTC,34800,Thattanahalli,11,4
Bengaluru (Bangalore),BMTC,26905,Thattanalli Gate,67,10
Bengaluru (Bangalore),BMTC,26907,Thavatahalli,2,1
Bengaluru (Bangalore),BMTC,34801,Thavatahalli,1,1
Bengaluru (Bangalore),BMTC,26908,Thayappana Doddy,5,1
Bengaluru (Bangalore),BMTC,26910,The Golden Palm Resort Nagarur colony Nelamangala,115,28
Bengaluru (Bangalore),BMTC,24283,The HSR Club,56,1
Bengaluru (Bangalore),BMTC,24296,The HSR Club,56,1
Bengaluru (Bangalore),BMTC,37989,The Light House International Academy,4,4
Bengaluru (Bangalore),BMTC,26923,Thellahalli Gate,32,1
Bengaluru (Bangalore),BMTC,34802,Thellahalli Gate,33,1
Bengaluru (Bangalore),BMTC,31422,Theneyuru,24,1
Bengaluru (Bangalore),BMTC,35018,Theneyuru,24,1
Bengaluru (Bangalore),BMTC,27556,Therelek Engineers PVT LTD Peenya,4,3
Bengaluru (Bangalore),BMTC,22546,Thigalara Chowdenahalli Cross,407,62
Bengaluru (Bangalore),BMTC,22547,Thigalara Chowdenahalli Cross,442,58
Bengaluru (Bangalore),BMTC,31425,Thigalarapalya,316,20
Bengaluru (Bangalore),BMTC,35015,Thigalarapalya,351,18
Bengaluru (Bangalore),BMTC,37795,Thigularapalya (Isuvanahalli),2,1
Bengaluru (Bangalore),BMTC,31426,Thimmabhovipalya Shivanapura,2,2
Bengaluru (Bangalore),BMTC,35014,Thimmabhovipalya Shivanapura,3,2
Bengaluru (Bangalore),BMTC,31427,Thimmadanahalli Gate,1,1
Bengaluru (Bangalore),BMTC,35013,Thimmadanahalli Gate,14,3
Bengaluru (Bangalore),BMTC,39964,Thimmaiahna Doddi Cross,19,3
Bengaluru (Bangalore),BMTC,39965,Thimmaiahna Doddi Cross,15,3
Bengaluru (Bangalore),BMTC,31429,Thimmappana Palya,6,2
Bengaluru (Bangalore),BMTC,31803,Thimmasandra,1,1
Bengaluru (Bangalore),BMTC,31804,Thimmasandra,2,1
Bengaluru (Bangalore),BMTC,31801,Thimmasandra,10,6
Bengaluru (Bangalore),BMTC,31802,Thimmasandra,10,4
Bengaluru (Bangalore),BMTC,31436,Thimmasandra Circle,10,6
Bengaluru (Bangalore),BMTC,35008,Thimmasandra Circle,10,4
Bengaluru (Bangalore),BMTC,31437,Thimmasandra Gate,188,11
Bengaluru (Bangalore),BMTC,35007,Thimmasandra Gate,191,11
Bengaluru (Bangalore),BMTC,35005,Thimmayya Garden,30,2
Bengaluru (Bangalore),BMTC,31439,Thimmayya Garden,30,3
Bengaluru (Bangalore),BMTC,31805,Thimmegowdana Doddy,33,5
Bengaluru (Bangalore),BMTC,31806,Thimmegowdana Doddy,32,4
Bengaluru (Bangalore),BMTC,31443,Thimmegowdarapalya,13,5
Bengaluru (Bangalore),BMTC,35003,Thimmegowdarapalya,11,4
Bengaluru (Bangalore),BMTC,23518,Thindlu,37,10
Bengaluru (Bangalore),BMTC,35277,Thindlu,39,16
Bengaluru (Bangalore),BMTC,31807,Thindlu,3,2
Bengaluru (Bangalore),BMTC,31808,Thindlu,3,2
Bengaluru (Bangalore),BMTC,35002,Thindlu,2,2
Bengaluru (Bangalore),BMTC,35702,Thindlu,2,1
Bengaluru (Bangalore),BMTC,31447,Thindlu Cross,10,6
Bengaluru (Bangalore),BMTC,35001,Thindlu Cross,5,4
Bengaluru (Bangalore),BMTC,23397,Thindlu Gate,33,11
Bengaluru (Bangalore),BMTC,23417,Thindlu Gate,40,13
Bengaluru (Bangalore),BMTC,37214,Thindlu Gate Penesola Park,4,1
Bengaluru (Bangalore),BMTC,31448,Thindlu Sarjapura,4,2
Bengaluru (Bangalore),BMTC,35000,Thindlu Sarjapura,5,2
Bengaluru (Bangalore),BMTC,26971,Thippagondanahalli,3,2
Bengaluru (Bangalore),BMTC,31449,Thippagondanahalli Tumkur Road,55,7
Bengaluru (Bangalore),BMTC,34999,Thippagondanahalli Tumkur Road,56,7
Bengaluru (Bangalore),BMTC,22548,Thippasandra,254,34
Bengaluru (Bangalore),BMTC,22549,Thippasandra,248,33
Bengaluru (Bangalore),BMTC,34998,Thippasandra,3,1
Bengaluru (Bangalore),BMTC,35701,Thippasandra,8,2
Bengaluru (Bangalore),BMTC,31809,Thippasandra,4,1
Bengaluru (Bangalore),BMTC,31810,Thippasandra,4,2
Bengaluru (Bangalore),BMTC,24024,Thippasandra Gate,27,11
Bengaluru (Bangalore),BMTC,24037,Thippasandra Gate,25,9
Bengaluru (Bangalore),BMTC,26978,Thippasandra Market,103,21
Bengaluru (Bangalore),BMTC,26979,Thippasandra Theatre Anjanapur,7,2
Bengaluru (Bangalore),BMTC,26980,Thippasandra Theatre Anjanapura,4,1
Bengaluru (Bangalore),BMTC,29535,Thippenahalli Anjaneya Temple,6,2
Bengaluru (Bangalore),BMTC,35467,Thippenahalli Anjaneya Temple,6,1
Bengaluru (Bangalore),BMTC,31453,Thippennahalli,60,4
Bengaluru (Bangalore),BMTC,34997,Thippennahalli,53,3
Bengaluru (Bangalore),BMTC,31454,Thippennahalli Cross,43,6
Bengaluru (Bangalore),BMTC,34996,Thippennahalli Cross,45,7
Bengaluru (Bangalore),BMTC,31455,Thippuru,20,8
Bengaluru (Bangalore),BMTC,34995,Thippuru,19,5
Bengaluru (Bangalore),BMTC,22551,Thirumala Dhaba,621,37
Bengaluru (Bangalore),BMTC,22552,Thirumala Dhaba,623,39
Bengaluru (Bangalore),BMTC,31456,Thirumala Gate,91,12
Bengaluru (Bangalore),BMTC,34994,Thirumala Gate,80,12
Bengaluru (Bangalore),BMTC,26021,Thirumala Theatre,56,1
Bengaluru (Bangalore),BMTC,21222,Thirumalapura,212,46
Bengaluru (Bangalore),BMTC,21616,Thirumalapura,204,53
Bengaluru (Bangalore),BMTC,35700,Thirumalapura,4,1
Bengaluru (Bangalore),BMTC,31811,Thirumalapura,1,1
Bengaluru (Bangalore),BMTC,31812,Thirumalapura,1,1
Bengaluru (Bangalore),BMTC,22553,Thirumalashettyhalli Cross,134,65
Bengaluru (Bangalore),BMTC,22554,Thirumalashettyhalli Cross,169,81
Bengaluru (Bangalore),BMTC,31460,Thirumalashettyhalli Cross,38,22
Bengaluru (Bangalore),BMTC,31462,Thirumenahalli,1,1
Bengaluru (Bangalore),BMTC,34989,Thirumenahalli Circle,1,1
Bengaluru (Bangalore),BMTC,22555,Thirumenahalli Cross (KNS College),473,41
Bengaluru (Bangalore),BMTC,22556,Thirumenahalli Cross (KNS College),463,39
Bengaluru (Bangalore),BMTC,31464,Thirumenahalli Gate,115,20
Bengaluru (Bangalore),BMTC,34988,Thirumenahalli Gate,121,20
Bengaluru (Bangalore),BMTC,31465,Thirupalya,2,1
Bengaluru (Bangalore),BMTC,34987,Thirupalya,2,1
Bengaluru (Bangalore),BMTC,31466,Thirupalya Circle,2,1
Bengaluru (Bangalore),BMTC,34986,Thirupalya Circle,2,1
Bengaluru (Bangalore),BMTC,31467,Thirupalya Govt Hospital,5,2
Bengaluru (Bangalore),BMTC,34985,Thirupalya Govt Hospital,1,1
Bengaluru (Bangalore),BMTC,34984,Thirupalya Muneshwara Temple,2,1
Bengaluru (Bangalore),BMTC,34981,Thiruvaranga,5,1
Bengaluru (Bangalore),BMTC,23402,Thiruvaranga Gate,27,9
Bengaluru (Bangalore),BMTC,23412,Thiruvaranga Gate,33,13
Bengaluru (Bangalore),BMTC,31470,Thiruvaranga Gate,3,1
Bengaluru (Bangalore),BMTC,31472,Thittahalli,10,3
Bengaluru (Bangalore),BMTC,34980,Thittahalli,13,5
Bengaluru (Bangalore),BMTC,27019,Thogur Cross,215,16
Bengaluru (Bangalore),BMTC,35338,Thogur Cross,224,15
Bengaluru (Bangalore),BMTC,27020,Thokathimmana Doddy,14,3
Bengaluru (Bangalore),BMTC,31473,Thokathimmana Doddy Cross,11,6
Bengaluru (Bangalore),BMTC,34979,Thokathimmana Doddy Cross,12,6
Bengaluru (Bangalore),BMTC,31475,Thonachinakuppe,42,12
Bengaluru (Bangalore),BMTC,34977,Thonachinakuppe,50,14
Bengaluru (Bangalore),BMTC,31813,Thore Byrasandra,2,2
Bengaluru (Bangalore),BMTC,35699,Thore Byrasandra,3,1
Bengaluru (Bangalore),BMTC,27031,Thore Doddy High School,3,2
Bengaluru (Bangalore),BMTC,31814,Thore Hosapalya,4,2
Bengaluru (Bangalore),BMTC,34975,Thore Hosapalya,2,2
Bengaluru (Bangalore),BMTC,35698,Thore Hosapalya,3,1
Bengaluru (Bangalore),BMTC,31480,Thore Hosapalya Cross,17,7
Bengaluru (Bangalore),BMTC,34974,Thore Hosapalya Cross,4,3
Bengaluru (Bangalore),BMTC,31481,Thore Kempahalli,3,1
Bengaluru (Bangalore),BMTC,34973,Thore Kempahalli,2,2
Bengaluru (Bangalore),BMTC,31482,Thore Nagasandra,4,3
Bengaluru (Bangalore),BMTC,34972,Thore Nagasandra,4,3
Bengaluru (Bangalore),BMTC,21223,Thore Nagasandra Cross,212,46
Bengaluru (Bangalore),BMTC,21617,Thore Nagasandra Cross,204,53
Bengaluru (Bangalore),BMTC,31483,ThoreDoddy,2,2
Bengaluru (Bangalore),BMTC,34971,ThoreDoddy,4,4
Bengaluru (Bangalore),BMTC,27041,Thorechannahalli,3,1
Bengaluru (Bangalore),BMTC,31815,Thorepalya,11,7
Bengaluru (Bangalore),BMTC,34970,Thorepalya,10,5
Bengaluru (Bangalore),BMTC,31816,Thorepalya,1,1
Bengaluru (Bangalore),BMTC,35697,Thorepalya,2,1
Bengaluru (Bangalore),BMTC,21224,Thotada Guddadahalli,52,9
Bengaluru (Bangalore),BMTC,21225,Thotada Guddadahalli,63,10
Bengaluru (Bangalore),BMTC,40569,Thotadamane,7,4
Bengaluru (Bangalore),BMTC,40570,Thotadamane,7,4
Bengaluru (Bangalore),BMTC,21226,Thotagere Basavanna Devastana,79,22
Bengaluru (Bangalore),BMTC,27053,Thotagere Basavanna Devastana,79,26
Bengaluru (Bangalore),BMTC,31489,Thotagere Village,39,8
Bengaluru (Bangalore),BMTC,34967,Thotagere Village,39,5
Bengaluru (Bangalore),BMTC,22557,Thubarahalli,417,75
Bengaluru (Bangalore),BMTC,22558,Thubarahalli,393,75
Bengaluru (Bangalore),BMTC,31490,Thunga Nagara,106,5
Bengaluru (Bangalore),BMTC,34966,Thunga Nagara,103,3
Bengaluru (Bangalore),BMTC,31500,Thunganagara Cross,110,5
Bengaluru (Bangalore),BMTC,34956,Thunganagara Cross,103,5
Bengaluru (Bangalore),BMTC,31492,Thyagadahalli,6,5
Bengaluru (Bangalore),BMTC,34964,Thyagadahalli,5,5
Bengaluru (Bangalore),BMTC,23682,Thyagaraja Nagara,189,19
Bengaluru (Bangalore),BMTC,23732,Thyagaraja Nagara,192,17
Bengaluru (Bangalore),BMTC,23683,Thyagaraja Nagara KEB Quarters,188,18
Bengaluru (Bangalore),BMTC,23731,Thyagaraja Nagara KEB Quarters,192,17
Bengaluru (Bangalore),BMTC,31493,Thyamagondlu,15,5
Bengaluru (Bangalore),BMTC,34963,Thyamagondlu,12,3
Bengaluru (Bangalore),BMTC,31494,Thyamagondlu Cross,13,6
Bengaluru (Bangalore),BMTC,34962,Thyamagondlu Cross,20,8
Bengaluru (Bangalore),BMTC,22559,Thyavakanahalli Gate,166,24
Bengaluru (Bangalore),BMTC,35183,Thyavakanahalli Gate,96,23
Bengaluru (Bangalore),BMTC,21228,Tin Factory,2040,309
Bengaluru (Bangalore),BMTC,21229,Tin Factory,2131,315
Bengaluru (Bangalore),BMTC,36640,Tippu Palace,1,1
Bengaluru (Bangalore),BMTC,22560,Tirumagondanahalli,577,49
Bengaluru (Bangalore),BMTC,22561,Tirumagondanahalli,609,50
Bengaluru (Bangalore),BMTC,31496,Tirumagondanahalli Ghati Subramanya,26,6
Bengaluru (Bangalore),BMTC,34960,Tirumagondanahalli Ghati Subramanya,25,6
Bengaluru (Bangalore),BMTC,21231,Town Hall,2114,479
Bengaluru (Bangalore),BMTC,21232,Town Hall,2715,594
Bengaluru (Bangalore),BMTC,22565,Town Hall,546,67
Bengaluru (Bangalore),BMTC,31416,Town Hall,171,20
Bengaluru (Bangalore),BMTC,22693,Trinity Circle,164,23
Bengaluru (Bangalore),BMTC,22756,Trinity Circle,133,23
Bengaluru (Bangalore),BMTC,38187,Trinity Metro Station,86,16
Bengaluru (Bangalore),BMTC,39974,Trinity Metro Station,468,120
Bengaluru (Bangalore),BMTC,35806,Trumpet (KIA),519,21
Bengaluru (Bangalore),BMTC,35807,Trumpet (KIA),521,20
Bengaluru (Bangalore),BMTC,38706,Tubagere,3,1
Bengaluru (Bangalore),BMTC,31499,Tulasipura,10,2
Bengaluru (Bangalore),BMTC,27082,Tulips Resort,11,5
Bengaluru (Bangalore),BMTC,35223,Tulips Resort,11,4
Bengaluru (Bangalore),BMTC,40395,Tumakuru Bus Stand,69,3
Bengaluru (Bangalore),BMTC,30415,Tumkur Road Junction,112,41
Bengaluru (Bangalore),BMTC,33158,Tumkur Road Junction,27,21
Bengaluru (Bangalore),BMTC,33159,Tumkur Road Junction,110,22
Bengaluru (Bangalore),BMTC,40496,Tumkur Road Junction,31,2
Bengaluru (Bangalore),BMTC,31491,Turahalli,20,2
Bengaluru (Bangalore),BMTC,34965,Turahalli,20,2
Bengaluru (Bangalore),BMTC,39647,Turahalli Cross,24,3
Bengaluru (Bangalore),BMTC,39648,Turahalli Cross,29,4
Bengaluru (Bangalore),BMTC,39362,Tyamasandra,33,5
Bengaluru (Bangalore),BMTC,39363,Tyamasandra,37,6
Bengaluru (Bangalore),BMTC,37780,Udakunte,1,1
Bengaluru (Bangalore),BMTC,37781,Udakunte,1,1
Bengaluru (Bangalore),BMTC,31501,Udaya Badavane,14,2
Bengaluru (Bangalore),BMTC,34955,Udaya Badavane,4,1
Bengaluru (Bangalore),BMTC,22566,Udayapura,274,69
Bengaluru (Bangalore),BMTC,22567,Udayapura,198,58
Bengaluru (Bangalore),BMTC,31503,Uddandahalli,11,4
Bengaluru (Bangalore),BMTC,34953,Uddandahalli,12,6
Bengaluru (Bangalore),BMTC,31504,Uddandahalli Cross,9,6
Bengaluru (Bangalore),BMTC,34952,Uddandahalli Cross,11,5
Bengaluru (Bangalore),BMTC,39378,Uddandahalli Cross,6,2
Bengaluru (Bangalore),BMTC,38152,Udhbhava School,2,1
Bengaluru (Bangalore),BMTC,31505,Udichikkanahalli,4,3
Bengaluru (Bangalore),BMTC,34951,Udichikkanahalli,2,2
Bengaluru (Bangalore),BMTC,23602,Udipalya,283,73
Bengaluru (Bangalore),BMTC,23636,Udipalya,301,80
Bengaluru (Bangalore),BMTC,31506,Udupi Garden Petrol Bunk,8,2
Bengaluru (Bangalore),BMTC,34950,Udupi Garden Petrol Bunk,7,2
Bengaluru (Bangalore),BMTC,31507,Uduvegere,1,1
Bengaluru (Bangalore),BMTC,34949,Uduvegere,2,2
Bengaluru (Bangalore),BMTC,31508,Uganawadi,9,6
Bengaluru (Bangalore),BMTC,34948,Uganawadi,10,8
Bengaluru (Bangalore),BMTC,31818,Uganawadi Cross,7,3
Bengaluru (Bangalore),BMTC,34947,Uganawadi Cross,10,8
Bengaluru (Bangalore),BMTC,35696,Uganawadi Cross,6,4
Bengaluru (Bangalore),BMTC,27106,UjinappanaDoddy,7,5
Bengaluru (Bangalore),BMTC,35327,UjinappanaDoddy,7,4
Bengaluru (Bangalore),BMTC,27107,Ullala Lake,256,13
Bengaluru (Bangalore),BMTC,27108,Ullala Lake,261,15
Bengaluru (Bangalore),BMTC,21238,Ullala Satelite Town,516,20
Bengaluru (Bangalore),BMTC,21239,Ullala Satellite Town Cross,430,18
Bengaluru (Bangalore),BMTC,35914,Ullala Satellite Town Cross,86,5
Bengaluru (Bangalore),BMTC,21240,Ullalu,168,10
Bengaluru (Bangalore),BMTC,40383,Ullalu Basti,18,4
Bengaluru (Bangalore),BMTC,40384,Ullalu Basti,18,5
Bengaluru (Bangalore),BMTC,21241,Ullalu Village,173,12
Bengaluru (Bangalore),BMTC,31512,Ummalu,3,1
Bengaluru (Bangalore),BMTC,27109,Ummalu Gate,2,1
Bengaluru (Bangalore),BMTC,27113,Ummulu Gate,1,1
Bengaluru (Bangalore),BMTC,21747,Univesity Quarters,869,49
Bengaluru (Bangalore),BMTC,31513,Upadhyaya Badavane,2,1
Bengaluru (Bangalore),BMTC,21242,Upkar Layout Cross,361,18
Bengaluru (Bangalore),BMTC,35915,Upkar Layout Cross,201,13
Bengaluru (Bangalore),BMTC,31515,Upkar Residency Layout,10,4
Bengaluru (Bangalore),BMTC,34943,Upkar Residency Layout,10,7
Bengaluru (Bangalore),BMTC,31338,Upparahalli (Kumbalahalli Gate),198,15
Bengaluru (Bangalore),BMTC,33618,Upparahalli (Kumbalahalli Gate),196,15
Bengaluru (Bangalore),BMTC,31516,Uragahalli Bidadi,1,1
Bengaluru (Bangalore),BMTC,34942,Uragahalli Bidadi,1,1
Bengaluru (Bangalore),BMTC,31517,Uragana Doddy,19,3
Bengaluru (Bangalore),BMTC,34941,Uragana Doddy,15,3
Bengaluru (Bangalore),BMTC,22568,Uttarahalli,386,34
Bengaluru (Bangalore),BMTC,22571,Uttarahalli,379,36
Bengaluru (Bangalore),BMTC,22569,Uttarahalli Bus Stand,340,20
Bengaluru (Bangalore),BMTC,22570,Uttarahalli Bus Stand,304,19
Bengaluru (Bangalore),BMTC,36200,Uttari Cross,2,1
Bengaluru (Bangalore),BMTC,36201,Uttari Cross,7,3
Bengaluru (Bangalore),BMTC,31519,Utthari,15,6
Bengaluru (Bangalore),BMTC,34939,Utthari,18,7
Bengaluru (Bangalore),BMTC,31564,VBHC Apartment Gate,251,27
Bengaluru (Bangalore),BMTC,34911,VBHC Apartment Gate,220,23
Bengaluru (Bangalore),BMTC,34938,Vabasandra,6,2
Bengaluru (Bangalore),BMTC,35695,Vabasandra,8,2
Bengaluru (Bangalore),BMTC,31523,Vabasandra Gate,2,1
Bengaluru (Bangalore),BMTC,34937,Vabasandra Gate,2,1
Bengaluru (Bangalore),BMTC,31524,Vaddahalli Gate,4,2
Bengaluru (Bangalore),BMTC,34936,Vaddahalli Gate,3,2
Bengaluru (Bangalore),BMTC,31525,Vaddarahalli Cross,32,9
Bengaluru (Bangalore),BMTC,34935,Vaddarahalli Cross,48,11
Bengaluru (Bangalore),BMTC,35112,Vaddarapalya,8,2
Bengaluru (Bangalore),BMTC,35135,Vaddarapalya,8,2
Bengaluru (Bangalore),BMTC,35172,Vaddarapalya,281,32
Bengaluru (Bangalore),BMTC,35282,Vaddarapalya,297,31
Bengaluru (Bangalore),BMTC,34934,Vaddarapalya,7,4
Bengaluru (Bangalore),BMTC,35694,Vaddarapalya,8,4
Bengaluru (Bangalore),BMTC,23462,Vaddarapalya JP Nagara 8th Phase,8,1
Bengaluru (Bangalore),BMTC,23464,Vaddarapalya JP Nagara 8th Phase,8,1
Bengaluru (Bangalore),BMTC,31827,Vaderahalli,5,2
Bengaluru (Bangalore),BMTC,35716,Vaderahalli,4,1
Bengaluru (Bangalore),BMTC,31822,Vaderahalli,5,3
Bengaluru (Bangalore),BMTC,31823,Vaderahalli,4,3
Bengaluru (Bangalore),BMTC,31536,Vaderahalli Cross,61,22
Bengaluru (Bangalore),BMTC,34931,Vaderahalli Cross,66,18
Bengaluru (Bangalore),BMTC,24121,Vaderamanchanahalli Jigani,23,11
Bengaluru (Bangalore),BMTC,24276,Vaderamanchanahalli Jigani,23,9
Bengaluru (Bangalore),BMTC,31537,Vagata,10,7
Bengaluru (Bangalore),BMTC,34930,Vagata,6,6
Bengaluru (Bangalore),BMTC,24317,Vagdevi Vilas School,26,10
Bengaluru (Bangalore),BMTC,24332,Vagdevi Vilas School,25,11
Bengaluru (Bangalore),BMTC,31538,Vahale Gate,7,5
Bengaluru (Bangalore),BMTC,34929,Vahale Gate,4,3
Bengaluru (Bangalore),BMTC,21243,Vaiyali Kaval,110,4
Bengaluru (Bangalore),BMTC,27162,Vaiyali Kaval,109,5
Bengaluru (Bangalore),BMTC,21244,Vaiyalikaval Police Station,109,5
Bengaluru (Bangalore),BMTC,21245,Vaiyalikaval Police Station,110,4
Bengaluru (Bangalore),BMTC,31828,Vajarahalli,4,2
Bengaluru (Bangalore),BMTC,31829,Vajarahalli,7,3
Bengaluru (Bangalore),BMTC,31542,Vajarahalli Colony,4,2
Bengaluru (Bangalore),BMTC,34927,Vajarahalli Colony,7,3
Bengaluru (Bangalore),BMTC,30417,Vajarahalli Junction,3,2
Bengaluru (Bangalore),BMTC,33160,Vajarahalli Junction,4,3
Bengaluru (Bangalore),BMTC,38360,Vajarahalli Metro Station,376,93
Bengaluru (Bangalore),BMTC,38361,Vajarahalli Metro Station,390,101
Bengaluru (Bangalore),BMTC,31543,Vajragiri Estate,30,4
Bengaluru (Bangalore),BMTC,34926,Vajragiri Estate,27,3
Bengaluru (Bangalore),BMTC,31544,Vajrakattepalya,2,1
Bengaluru (Bangalore),BMTC,34925,Vajrakattepalya,2,2
Bengaluru (Bangalore),BMTC,22574,Vajramuneshwara Gate,339,86
Bengaluru (Bangalore),BMTC,22575,Vajramuneshwara Gate,354,93
Bengaluru (Bangalore),BMTC,31546,Valagere Kallahalli,3,1
Bengaluru (Bangalore),BMTC,34923,Valagere Kallahalli,3,1
Bengaluru (Bangalore),BMTC,31547,Valagere Kallahalli Cross,3,1
Bengaluru (Bangalore),BMTC,34922,Valagere Kallahalli Cross,3,1
Bengaluru (Bangalore),BMTC,31830,Valepura,16,3
Bengaluru (Bangalore),BMTC,34921,Valepura,7,2
Bengaluru (Bangalore),BMTC,35715,Valepura 1,7,3
Bengaluru (Bangalore),BMTC,27183,Valepura Cross,61,16
Bengaluru (Bangalore),BMTC,35291,Valepura Cross,62,17
Bengaluru (Bangalore),BMTC,27184,Valepura Gate,10,2
Bengaluru (Bangalore),BMTC,35293,Valepura Gate,113,16
Bengaluru (Bangalore),BMTC,31832,Vallaba Education Trust School,3,1
Bengaluru (Bangalore),BMTC,31833,Vallaba Education Trust School,3,1
Bengaluru (Bangalore),BMTC,27189,Valley School Kanakapura Road,9,4
Bengaluru (Bangalore),BMTC,38436,Vanakanahalli,4,1
Bengaluru (Bangalore),BMTC,38437,Vanakanahalli,4,1
Bengaluru (Bangalore),BMTC,23931,Vannarapet,139,12
Bengaluru (Bangalore),BMTC,23951,Vannarapet,141,17
Bengaluru (Bangalore),BMTC,31556,Varadanayakanahalli,1,1
Bengaluru (Bangalore),BMTC,34917,Varadanayakanahalli,1,1
Bengaluru (Bangalore),BMTC,31835,Varadenahalli,9,2
Bengaluru (Bangalore),BMTC,34916,Varadenahalli,13,5
Bengaluru (Bangalore),BMTC,35692,Varadenahalli,13,5
Bengaluru (Bangalore),BMTC,21619,Varadenahalli Handpost,127,20
Bengaluru (Bangalore),BMTC,21620,Varadenahalli Handpost,136,20
Bengaluru (Bangalore),BMTC,31560,Varahasandra,11,3
Bengaluru (Bangalore),BMTC,22578,Varthur Kodi,277,82
Bengaluru (Bangalore),BMTC,22829,Varthur Kodi,400,76
Bengaluru (Bangalore),BMTC,38603,Varthur Kodi,41,3
Bengaluru (Bangalore),BMTC,22577,Varthur kodi,493,66
Bengaluru (Bangalore),BMTC,22579,Varthuru,219,67
Bengaluru (Bangalore),BMTC,22580,Varthuru,295,77
Bengaluru (Bangalore),BMTC,31561,Varthuru,96,16
Bengaluru (Bangalore),BMTC,34914,Varthuru,97,15
Bengaluru (Bangalore),BMTC,22581,Varthuru Govt College,213,64
Bengaluru (Bangalore),BMTC,22582,Varthuru Govt College,346,87
Bengaluru (Bangalore),BMTC,36312,Varthuru Govt College,72,18
Bengaluru (Bangalore),BMTC,31562,Varthuru Police Station,195,59
Bengaluru (Bangalore),BMTC,34913,Varthuru Police Station,304,78
Bengaluru (Bangalore),BMTC,36306,Varthuru Police Station,18,7
Bengaluru (Bangalore),BMTC,27209,Vasantavihar Colony Billamaranahalli,3,2
Bengaluru (Bangalore),BMTC,35712,Vasantavihar Colony Billamaranahalli,3,1
Bengaluru (Bangalore),BMTC,38863,Vasanth Enclave,1,1
Bengaluru (Bangalore),BMTC,31563,Vasantha Nagara,2,1
Bengaluru (Bangalore),BMTC,34912,Vasantha Nagara,3,2
Bengaluru (Bangalore),BMTC,22585,Vasantha Nagara,1934,259
Bengaluru (Bangalore),BMTC,24700,Vasantha Vallabha Nagara City Engineering College,3,1
Bengaluru (Bangalore),BMTC,32369,Vasantha Vallabha Nagara City Engineering College,3,1
Bengaluru (Bangalore),BMTC,23340,Vasanthanagara,229,12
Bengaluru (Bangalore),BMTC,21246,Vasanthappa Block,234,28
Bengaluru (Bangalore),BMTC,21247,Vasanthappa Block,239,27
Bengaluru (Bangalore),BMTC,22588,Vasanthapura,283,17
Bengaluru (Bangalore),BMTC,22589,Vasanthapura,225,17
Bengaluru (Bangalore),BMTC,21248,Vasavi Vidya Mandira,5,2
Bengaluru (Bangalore),BMTC,38143,Vasudev Adigas Hotel,56,1
Bengaluru (Bangalore),BMTC,38142,Vasudev Adigas Hotel,56,1
Bengaluru (Bangalore),BMTC,22590,Vasudevapura,45,19
Bengaluru (Bangalore),BMTC,22591,Vasudevapura,55,22
Bengaluru (Bangalore),BMTC,21249,Veerabhadranagara,592,42
Bengaluru (Bangalore),BMTC,21250,Veerabhadranagara,600,47
Bengaluru (Bangalore),BMTC,31566,Veeraiah Enclave Arishinakunte,76,18
Bengaluru (Bangalore),BMTC,34909,Veeraiah Enclave Arishinakunte,80,21
Bengaluru (Bangalore),BMTC,31567,Veeranahalli,2,2
Bengaluru (Bangalore),BMTC,34908,Veeranahalli,2,2
Bengaluru (Bangalore),BMTC,31568,Veerananjipura,1,1
Bengaluru (Bangalore),BMTC,21621,Veeranjaneya Temple,290,31
Bengaluru (Bangalore),BMTC,21622,Veeranjaneya Temple,289,37
Bengaluru (Bangalore),BMTC,21252,Veerannapalya,1044,98
Bengaluru (Bangalore),BMTC,22593,Veerannapalya,1002,90
Bengaluru (Bangalore),BMTC,35839,Veerannapalya,4,2
Bengaluru (Bangalore),BMTC,37852,Veerannapalya,6,4
Bengaluru (Bangalore),BMTC,31572,Veerasagara,12,3
Bengaluru (Bangalore),BMTC,34903,Veerasagara,11,4
Bengaluru (Bangalore),BMTC,22594,Veerasandra,857,117
Bengaluru (Bangalore),BMTC,22595,Veerasandra,819,101
Bengaluru (Bangalore),BMTC,31577,Veeregowdana doddy,2,1
Bengaluru (Bangalore),BMTC,35847,Veeregowdana doddy,2,1
Bengaluru (Bangalore),BMTC,23330,Velankani Drive,4,3
Bengaluru (Bangalore),BMTC,23998,Velankani Drive,204,33
Bengaluru (Bangalore),BMTC,31578,Venkatagiri Kote,62,2
Bengaluru (Bangalore),BMTC,31579,Venkatala,722,133
Bengaluru (Bangalore),BMTC,34897,Venkatala,719,138
Bengaluru (Bangalore),BMTC,39274,Venkatala FLY,363,17
Bengaluru (Bangalore),BMTC,39275,Venkatala FLY,379,17
Bengaluru (Bangalore),BMTC,31581,Venkatapura,33,2
Bengaluru (Bangalore),BMTC,34895,Venkatapura,32,2
Bengaluru (Bangalore),BMTC,27250,Venkatapura Gate Lakkondahalli,194,13
Bengaluru (Bangalore),BMTC,27251,Venkatapura Gate Lakkondahalli,188,11
Bengaluru (Bangalore),BMTC,22596,Venkateshapura,484,55
Bengaluru (Bangalore),BMTC,22597,Venkateshapura,492,57
Bengaluru (Bangalore),BMTC,31582,Venkateshwara College,23,11
Bengaluru (Bangalore),BMTC,34894,Venkateshwara College,27,13
Bengaluru (Bangalore),BMTC,31583,Venkateshwara Layout,315,15
Bengaluru (Bangalore),BMTC,34893,Venkateshwara Layout,206,16
Bengaluru (Bangalore),BMTC,27257,Venkateshwara Nagara Cross,24,5
Bengaluru (Bangalore),BMTC,35176,Venkateshwara Nagara Cross,2,2
Bengaluru (Bangalore),BMTC,38165,Venkateshwara Nagara Cross,24,4
Bengaluru (Bangalore),BMTC,31584,Venugopala Nagara,62,4
Bengaluru (Bangalore),BMTC,34892,Venugopala Nagara,63,4
Bengaluru (Bangalore),BMTC,24256,Venugopala Temple Devasandra,17,5
Bengaluru (Bangalore),BMTC,24261,Venugopala Temple Devasandra,17,7
Bengaluru (Bangalore),BMTC,21253,Veterinary Hospital,1272,229
Bengaluru (Bangalore),BMTC,21254,Veterinary Hospital,1259,204
Bengaluru (Bangalore),BMTC,27263,Vidhana Soudha,137,70
Bengaluru (Bangalore),BMTC,21258,Vidhana Soudha Karnataka High Court,988,157
Bengaluru (Bangalore),BMTC,21259,Vidhana Soudha Karnataka High Court,851,138
Bengaluru (Bangalore),BMTC,31586,Vidhana Soudha Layout,3,2
Bengaluru (Bangalore),BMTC,34890,Vidhana Soudha Layout,1,1
Bengaluru (Bangalore),BMTC,31588,Vidyamanyanagara,292,13
Bengaluru (Bangalore),BMTC,34888,Vidyamanyanagara,273,15
Bengaluru (Bangalore),BMTC,31589,Vidyanagara Chikkajala,24,12
Bengaluru (Bangalore),BMTC,34887,Vidyanagara Chikkajala,5,4
Bengaluru (Bangalore),BMTC,31417,Vidyanagara Chikkajala 1,22,11
Bengaluru (Bangalore),BMTC,27274,Vidyanagara Cross,343,73
Bengaluru (Bangalore),BMTC,31590,Vidyanagara Cross Chikkajala,320,67
Bengaluru (Bangalore),BMTC,34886,Vidyanagara Cross Chikkajala,24,12
Bengaluru (Bangalore),BMTC,21260,Vidyaniketan Public School,212,18
Bengaluru (Bangalore),BMTC,21261,Vidyaniketan Public School,217,21
Bengaluru (Bangalore),BMTC,34884,Vidyapeeta Circle,15,5
Bengaluru (Bangalore),BMTC,35690,Vidyapeeta Circle,220,19
Bengaluru (Bangalore),BMTC,22602,Vidyaranyapura,414,33
Bengaluru (Bangalore),BMTC,22603,Vidyaranyapura,318,35
Bengaluru (Bangalore),BMTC,21631,Vidyaranyapura 1st Block,358,24
Bengaluru (Bangalore),BMTC,21632,Vidyaranyapura 1st Block,493,39
Bengaluru (Bangalore),BMTC,21633,Vidyaranyapura 3rd Block,392,29
Bengaluru (Bangalore),BMTC,21634,Vidyaranyapura 3rd Block,446,36
Bengaluru (Bangalore),BMTC,22604,Vidyaranyapura Bus Station,267,12
Bengaluru (Bangalore),BMTC,22399,Vidyaranyapura Post Office,443,37
Bengaluru (Bangalore),BMTC,22400,Vidyaranyapura Post Office,378,33
Bengaluru (Bangalore),BMTC,22600,Vidyasagara,560,60
Bengaluru (Bangalore),BMTC,22601,Vidyasagara,575,61
Bengaluru (Bangalore),BMTC,21262,Vigneshwara Nagara,533,34
Bengaluru (Bangalore),BMTC,23781,Vijaya Bank Bannerughatta,523,81
Bengaluru (Bangalore),BMTC,24131,Vijaya Bank Bannerughatta,515,80
Bengaluru (Bangalore),BMTC,27284,Vijaya Bank Colony Ayyappa Temple,62,7
Bengaluru (Bangalore),BMTC,35310,Vijaya Bank Colony Ayyappa Temple,37,5
Bengaluru (Bangalore),BMTC,21263,Vijaya Bank Colony Ring Road,955,93
Bengaluru (Bangalore),BMTC,21264,Vijaya Bank Colony Ring Road,982,97
Bengaluru (Bangalore),BMTC,27286,Vijaya Bank Layout Devarachikkanahalli,83,8
Bengaluru (Bangalore),BMTC,35311,Vijaya Bank Layout Devarachikkanahalli,74,7
Bengaluru (Bangalore),BMTC,31595,Vijaya Bank Layout Petrol Bunk,102,7
Bengaluru (Bangalore),BMTC,34882,Vijaya Bank Layout Petrol Bunk,5,2
Bengaluru (Bangalore),BMTC,35312,Vijaya Bank Layout Petrol Bunk,46,6
Bengaluru (Bangalore),BMTC,24269,Vijaya College,280,40
Bengaluru (Bangalore),BMTC,27289,Vijaya College,282,41
Bengaluru (Bangalore),BMTC,31597,Vijaya School,25,11
Bengaluru (Bangalore),BMTC,34880,Vijaya School,31,13
Bengaluru (Bangalore),BMTC,21266,Vijayanagara,1022,87
Bengaluru (Bangalore),BMTC,21623,Vijayanagara,1058,92
Bengaluru (Bangalore),BMTC,35407,Vijayanagara,429,32
Bengaluru (Bangalore),BMTC,37817,Vijayanagara,163,18
Bengaluru (Bangalore),BMTC,35395_ST,Vijayanagara Bus Station,0,0
Bengaluru (Bangalore),BMTC,21267,Vijayanagara Bus Station,105,24
Bengaluru (Bangalore),BMTC,34878,Vijayanagara Bus Station,19,2
Bengaluru (Bangalore),BMTC,35395,Vijayanagara Bus Station,308,32
Bengaluru (Bangalore),BMTC,39061,Vijayanagara Bus Station,1,1
Bengaluru (Bangalore),BMTC,35395_PF1,Vijayanagara Bus Station - Platform 1,1134,68
Bengaluru (Bangalore),BMTC,35395_PF3,Vijayanagara Bus Station - Platform 3,354,13
Bengaluru (Bangalore),BMTC,35395_PF4,Vijayanagara Bus Station - Platform 4,123,9
Bengaluru (Bangalore),BMTC,35395_PF5,Vijayanagara Bus Station - Platform 5,275,22
Bengaluru (Bangalore),BMTC,21269,Vijayanagara Vijaya Bank,1266,100
Bengaluru (Bangalore),BMTC,28170,Vijayanagara/Sarvajna College,239,11
Bengaluru (Bangalore),BMTC,25534,Vijayapura Anjanaya Temple (Ashoka Nagara),50,6
Bengaluru (Bangalore),BMTC,32752,Vijayapura Anjanaya Temple (Ashoka Nagara),50,6
Bengaluru (Bangalore),BMTC,22608,Vijayapura Bus Stand,116,14
Bengaluru (Bangalore),BMTC,22609,Vijayapura Bus Stand,117,16
Bengaluru (Bangalore),BMTC,31600,Vijayapura Cross,149,21
Bengaluru (Bangalore),BMTC,34877,Vijayapura Cross,131,21
Bengaluru (Bangalore),BMTC,31601,Vijayapura Gate,1,1
Bengaluru (Bangalore),BMTC,34876,Vijayapura Gate,2,1
Bengaluru (Bangalore),BMTC,31602,Vijayapura Kere Kodi,2,2
Bengaluru (Bangalore),BMTC,34875,Vijayapura Kere Kodi,2,2
Bengaluru (Bangalore),BMTC,29081,Vijayapura Muncipal Office,50,6
Bengaluru (Bangalore),BMTC,33972,Vijayapura Muncipal Office,50,6
Bengaluru (Bangalore),BMTC,31604,Vijayapura Toll Gate,39,6
Bengaluru (Bangalore),BMTC,34873,Vijayapura Toll Gate,41,5
Bengaluru (Bangalore),BMTC,28330,Vijyapura Govt Hospital,50,6
Bengaluru (Bangalore),BMTC,34549,Vijyapura Govt Hospital,50,6
Bengaluru (Bangalore),BMTC,40679,Vinayaka Layout,71,10
Bengaluru (Bangalore),BMTC,40680,Vinayaka Layout,71,11
Bengaluru (Bangalore),BMTC,31606,Vinayaka Layout,4,2
Bengaluru (Bangalore),BMTC,36352,Vinayaka Layout,8,2
Bengaluru (Bangalore),BMTC,21624,Vinayaka Layout Nagarabhavi,511,37
Bengaluru (Bangalore),BMTC,22610,Vinayaka Layout Nagarabhavi,502,41
Bengaluru (Bangalore),BMTC,31842,Vinayaka Nagara,41,10
Bengaluru (Bangalore),BMTC,35689,Vinayaka Nagara,42,10
Bengaluru (Bangalore),BMTC,31840,Vinayaka Nagara,1,1
Bengaluru (Bangalore),BMTC,31841,Vinayaka Nagara,1,1
Bengaluru (Bangalore),BMTC,34870,Vinayaka Nagara,1,1
Bengaluru (Bangalore),BMTC,27320,Vinayaka Nagara Arishinakunte,2,1
Bengaluru (Bangalore),BMTC,31614,Vinayaka Nagara Cross,15,9
Bengaluru (Bangalore),BMTC,34868,Vinayaka Nagara Cross,140,23
Bengaluru (Bangalore),BMTC,21625,Vinayaka Nagara Hesarghatta,27,4
Bengaluru (Bangalore),BMTC,21626,Vinayaka Nagara Hesarghatta,76,18
Bengaluru (Bangalore),BMTC,34867,Vinayaka Nagara JP Nagara,6,1
Bengaluru (Bangalore),BMTC,27327,Vinayaka Nagara Old Gudadahalli,17,2
Bengaluru (Bangalore),BMTC,27329,Vinayaka Nagara Old Gudadahalli,15,1
Bengaluru (Bangalore),BMTC,27328,Vinayaka Nagara Rachammanahalli,5,2
Bengaluru (Bangalore),BMTC,23488,Vinayaka Talkies,228,18
Bengaluru (Bangalore),BMTC,31616,Vinayaka Talkies,222,17
Bengaluru (Bangalore),BMTC,34866,Vinayaka Talkies,120,10
Bengaluru (Bangalore),BMTC,35396,Vinayaka Talkies,1230,210
Bengaluru (Bangalore),BMTC,31617,Vinayaka Talkies Sunkadakatte,3,2
Bengaluru (Bangalore),BMTC,34865,Vinayaka Talkies Sunkadakatte,2,1
Bengaluru (Bangalore),BMTC,31838,Vinayakanagara Ramohalli,113,42
Bengaluru (Bangalore),BMTC,31839,Vinayakanagara Ramohalli,105,38
Bengaluru (Bangalore),BMTC,22611,Vinayakanagara Varthur,179,53
Bengaluru (Bangalore),BMTC,22612,Vinayakanagara Varthur,255,63
Bengaluru (Bangalore),BMTC,27336,Vindyagiri BDA Nivasa,2,2
Bengaluru (Bangalore),BMTC,27337,Vindyagiri BDA Nivasa,2,1
Bengaluru (Bangalore),BMTC,31619,Virat Nagara Cross,26,1
Bengaluru (Bangalore),BMTC,23520,Virupakshapura,40,12
Bengaluru (Bangalore),BMTC,24115,Virupakshapura,39,15
Bengaluru (Bangalore),BMTC,27342,Vishal Mart 4th Phase Yelahanka,77,5
Bengaluru (Bangalore),BMTC,39038,Vishwa Chethana College,5,2
Bengaluru (Bangalore),BMTC,39039,Vishwa Chethana College,5,2
Bengaluru (Bangalore),BMTC,20627,Vishwa Okkaligara Mata Basavanagara,572,136
Bengaluru (Bangalore),BMTC,20628,Vishwa Okkaligara Mata Basavanagara,590,162
Bengaluru (Bangalore),BMTC,22613,Vishwa Shanti Ashrama,546,93
Bengaluru (Bangalore),BMTC,27343,Vishwa Shanti Ashrama,548,92
Bengaluru (Bangalore),BMTC,31620,Vishwanath Nagenahalli,27,5
Bengaluru (Bangalore),BMTC,34862,Vishwanath Nagenahalli,25,4
Bengaluru (Bangalore),BMTC,31621,Vishwanathapura,72,11
Bengaluru (Bangalore),BMTC,34861,Vishwanathapura,73,9
Bengaluru (Bangalore),BMTC,23850,Vishwapriya Layout Cross,202,29
Bengaluru (Bangalore),BMTC,29837,Vishwapriya Layout Cross,166,24
Bengaluru (Bangalore),BMTC,29392,Vishweshwaraiah Layout 1st Block,96,6
Bengaluru (Bangalore),BMTC,35600,Vishweshwaraiah Layout 1st Block,99,9
Bengaluru (Bangalore),BMTC,35584,Vishweshwaraiah Layout 5th Block,1,1
Bengaluru (Bangalore),BMTC,28072,Vishweshwaraiah Layout RTO Office,29,4
Bengaluru (Bangalore),BMTC,34437,Vishweshwaraiah Layout RTO Office,30,4
Bengaluru (Bangalore),BMTC,31624,Visthar Gate,18,4
Bengaluru (Bangalore),BMTC,34858,Visthar Gate,16,4
Bengaluru (Bangalore),BMTC,31625,Vittal Nagara,16,5
Bengaluru (Bangalore),BMTC,34857,Vittal Nagara,16,5
Bengaluru (Bangalore),BMTC,24287,Vittasandra Bettadasanapura,5,1
Bengaluru (Bangalore),BMTC,24349,Vittasandra Bettadasanapura,4,1
Bengaluru (Bangalore),BMTC,24288,Vittasandra Cross,220,17
Bengaluru (Bangalore),BMTC,24348,Vittasandra Cross,236,18
Bengaluru (Bangalore),BMTC,31626,Vivek Nagara,22,5
Bengaluru (Bangalore),BMTC,34856,Vivek Nagara,17,6
Bengaluru (Bangalore),BMTC,23932,Vivek Nagara Cross,147,14
Bengaluru (Bangalore),BMTC,23950,Vivek Nagara Cross,135,13
Bengaluru (Bangalore),BMTC,23324,Vivekananda College,56,4
Bengaluru (Bangalore),BMTC,23326,Vivekananda College,67,10
Bengaluru (Bangalore),BMTC,31628,Vivekananda Nagara,21,6
Bengaluru (Bangalore),BMTC,34854,Vivekananda Nagara,11,4
Bengaluru (Bangalore),BMTC,31629,Vivekananda School,11,7
Bengaluru (Bangalore),BMTC,34853,Vivekananda School,9,7
Bengaluru (Bangalore),BMTC,21271,Vivekananda Vidyavardhaka School,80,25
Bengaluru (Bangalore),BMTC,27367,Vivekananda Vidyavardhaka School,80,25
Bengaluru (Bangalore),BMTC,22614,Vokkaliga School Kottigepalya,564,37
Bengaluru (Bangalore),BMTC,22615,Vokkaliga School Kottigepalya,585,34
Bengaluru (Bangalore),BMTC,31630,Vrishabavatipura,32,4
Bengaluru (Bangalore),BMTC,34852,Vrishabavatipura,32,4
Bengaluru (Bangalore),BMTC,31636,WIMAC Junction,158,24
Bengaluru (Bangalore),BMTC,34846,WIMAC Junction,147,25
Bengaluru (Bangalore),BMTC,39967,WSL Officers Layout(Puttaiahna Palya),5,4
Bengaluru (Bangalore),BMTC,39968,WSL Officers Layout(Puttaiahna Palya),5,3
Bengaluru (Bangalore),BMTC,23744,Water Tank,36,2
Bengaluru (Bangalore),BMTC,23758,Water Tank,38,3
Bengaluru (Bangalore),BMTC,22728,Water Tank,4,2
Bengaluru (Bangalore),BMTC,22769,Water Tank,41,4
Bengaluru (Bangalore),BMTC,21272,Water Tank Chamarajapet,1126,203
Bengaluru (Bangalore),BMTC,21274,Water Tank Kamalanagara,381,23
Bengaluru (Bangalore),BMTC,23738,Weavers Colony,75,10
Bengaluru (Bangalore),BMTC,23860,Weavers Colony,74,9
Bengaluru (Bangalore),BMTC,22618,Weavers Colony Nelamangala,546,93
Bengaluru (Bangalore),BMTC,27377,Weavers Colony Nelamangala,546,91
Bengaluru (Bangalore),BMTC,22619,West Cross Kumaraswamy Layout,74,15
Bengaluru (Bangalore),BMTC,23641,West Cross Kumaraswamy Layout,72,14
Bengaluru (Bangalore),BMTC,31633,Wheel And Axle Plant,473,102
Bengaluru (Bangalore),BMTC,34849,Wheel And Axle Plant,508,118
Bengaluru (Bangalore),BMTC,21277,White Field Bus Station (Vydehi Hospital),609,27
Bengaluru (Bangalore),BMTC,23656,White Field Bus Station (Vydehi Hospital),757,29
Bengaluru (Bangalore),BMTC,22620,White Field Post Office,387,55
Bengaluru (Bangalore),BMTC,22621,White Field Post Office,510,63
Bengaluru (Bangalore),BMTC,35180,White Field Post Office,25,6
Bengaluru (Bangalore),BMTC,31635,Whitefiled ACP Police Station,70,15
Bengaluru (Bangalore),BMTC,34847,Whitefiled ACP Police Station,95,18
Bengaluru (Bangalore),BMTC,22622,Widia Factory,595,125
Bengaluru (Bangalore),BMTC,23313,Widia Factory,628,116
Bengaluru (Bangalore),BMTC,21278,Widia School,838,116
Bengaluru (Bangalore),BMTC,21279,Widia School,816,121
Bengaluru (Bangalore),BMTC,20563,Wilson Garden 10th Cross,1080,127
Bengaluru (Bangalore),BMTC,20560,Wilson Garden 12th Cross,971,99
Bengaluru (Bangalore),BMTC,23599,Wilson Garden 12th Cross,114,7
Bengaluru (Bangalore),BMTC,22877,Wilson Garden 14th Main,114,7
Bengaluru (Bangalore),BMTC,22929,Wilson Garden 7th Cross,714,152
Bengaluru (Bangalore),BMTC,23661,Wilson Garden 7th Cross,729,151
Bengaluru (Bangalore),BMTC,21280,Wilson Garden Police Station,971,99
Bengaluru (Bangalore),BMTC,21281,Wilson Garden Police Station,1194,134
Bengaluru (Bangalore),BMTC,31637,Wind Tunnel Road (Murugeshpalya),4,1
Bengaluru (Bangalore),BMTC,34845,Wind Tunnel Road (Murugeshpalya),3,1
Bengaluru (Bangalore),BMTC,28169,Wipro Campus Sarjapura Road,368,54
Bengaluru (Bangalore),BMTC,34475,Wipro Campus Sarjapura Road,361,54
Bengaluru (Bangalore),BMTC,21282,Wipro Gate Shikaripalya Cross,569,59
Bengaluru (Bangalore),BMTC,21283,Wipro Gate Shikaripalya Cross,383,56
Bengaluru (Bangalore),BMTC,23939,Wipro Park Koramangala,161,16
Bengaluru (Bangalore),BMTC,23942,Wipro Park Koramangala,170,14
Bengaluru (Bangalore),BMTC,21286,Wonderla Amusement Park,16,4
Bengaluru (Bangalore),BMTC,35748,YAPB Toll,274,39
Bengaluru (Bangalore),BMTC,35749,YAPB Toll,287,35
Bengaluru (Bangalore),BMTC,38372,YAPB Toll (Volvo),31,1
Bengaluru (Bangalore),BMTC,38373,YAPB Toll (Volvo),32,1
Bengaluru (Bangalore),BMTC,22842,YHK Hospital,131,28
Bengaluru (Bangalore),BMTC,22843,YHK Hospital,134,31
Bengaluru (Bangalore),BMTC,22846,YMC Nandhidurga Road,95,7
Bengaluru (Bangalore),BMTC,22847,YMC Nandhidurga Road,101,4
Bengaluru (Bangalore),BMTC,22849,YMCA Public School,75,20
Bengaluru (Bangalore),BMTC,22850,YMCA Public School,80,27
Bengaluru (Bangalore),BMTC,31640,Yadagondanahalli,7,3
Bengaluru (Bangalore),BMTC,35019,Yadagondanahalli,6,3
Bengaluru (Bangalore),BMTC,35020,Yadala,2,1
Bengaluru (Bangalore),BMTC,22623,Yadalam Nagara,233,14
Bengaluru (Bangalore),BMTC,22624,Yadalam Nagara,224,16
Bengaluru (Bangalore),BMTC,23608,Yadamadu Kanakapura Road,143,17
Bengaluru (Bangalore),BMTC,23623,Yadamadu Kanakapura Road,148,18
Bengaluru (Bangalore),BMTC,22625,Yadavanahalli,558,39
Bengaluru (Bangalore),BMTC,22626,Yadavanahalli,590,40
Bengaluru (Bangalore),BMTC,26398,Yadehalli Dabaspete,27,4
Bengaluru (Bangalore),BMTC,26399,Yadehalli Dabaspete,27,5
Bengaluru (Bangalore),BMTC,31662,Yadiyurappa Nagara,9,6
Bengaluru (Bangalore),BMTC,35039,Yadiyurappa Nagara,8,5
Bengaluru (Bangalore),BMTC,22634,Yadiyuru,203,63
Bengaluru (Bangalore),BMTC,22635,Yadiyuru,403,100
Bengaluru (Bangalore),BMTC,24361,Yadiyuru,147,22
Bengaluru (Bangalore),BMTC,22636,Yadiyuru Bagalur,45,13
Bengaluru (Bangalore),BMTC,22637,Yadiyuru Bagalur,42,15
Bengaluru (Bangalore),BMTC,22811,Yalachagere Cross,11,7
Bengaluru (Bangalore),BMTC,22812,Yalachagere Cross,10,5
Bengaluru (Bangalore),BMTC,31642,Yalachaguppe,49,4
Bengaluru (Bangalore),BMTC,35021,Yalachaguppe,46,3
Bengaluru (Bangalore),BMTC,22813,Yalachammanahalli,2,1
Bengaluru (Bangalore),BMTC,22814,Yalachammanahalli,1,1
Bengaluru (Bangalore),BMTC,22638,Yalachenahalli,558,126
Bengaluru (Bangalore),BMTC,22639,Yalachenahalli,572,131
Bengaluru (Bangalore),BMTC,31645,Yale Kodigehalli,72,12
Bengaluru (Bangalore),BMTC,35024,Yale Kodigehalli,71,11
Bengaluru (Bangalore),BMTC,31646,Yale Kodigehalli Colony,74,12
Bengaluru (Bangalore),BMTC,35025,Yale Kodigehalli Colony,70,10
Bengaluru (Bangalore),BMTC,31644,Yallammana doddi,15,3
Bengaluru (Bangalore),BMTC,35023,Yallammana doddi,26,6
Bengaluru (Bangalore),BMTC,39536,Yallammanapalya,1,1
Bengaluru (Bangalore),BMTC,39537,Yallammanapalya,1,1
Bengaluru (Bangalore),BMTC,23703,Yamalur,3,2
Bengaluru (Bangalore),BMTC,23710,Yamalur,3,2
Bengaluru (Bangalore),BMTC,22627,Yamalur Cross,516,90
Bengaluru (Bangalore),BMTC,22628,Yamalur Cross,493,86
Bengaluru (Bangalore),BMTC,31648,Yamarahalli Nagara,1,1
Bengaluru (Bangalore),BMTC,35027,Yamarahalli Nagara,1,1
Bengaluru (Bangalore),BMTC,22629,Yamare,421,64
Bengaluru (Bangalore),BMTC,22630,Yamare,481,63
Bengaluru (Bangalore),BMTC,31649,Yanagunte,102,6
Bengaluru (Bangalore),BMTC,35028,Yanagunte,34,2
Bengaluru (Bangalore),BMTC,31650,Yanasandra,5,2
Bengaluru (Bangalore),BMTC,35029,Yanasandra,9,2
Bengaluru (Bangalore),BMTC,31651,Yantaganahalli,7,7
Bengaluru (Bangalore),BMTC,35030,Yantaganahalli,8,7
Bengaluru (Bangalore),BMTC,33352,Yantaganahalli  Toll,7,7
Bengaluru (Bangalore),BMTC,31652,Yantaganahalli Hospital,7,7
Bengaluru (Bangalore),BMTC,35031,Yantaganahalli Hospital,7,6
Bengaluru (Bangalore),BMTC,31653,Yantaganahalli Palya,8,7
Bengaluru (Bangalore),BMTC,35032,Yantaganahalli Palya,7,7
Bengaluru (Bangalore),BMTC,30812,Yantaganahalli Toll,9,8
Bengaluru (Bangalore),BMTC,22631,Yarab Nagara,185,18
Bengaluru (Bangalore),BMTC,23642,Yarab Nagara,184,16
Bengaluru (Bangalore),BMTC,31655,Yarandahalli,2,1
Bengaluru (Bangalore),BMTC,35034,Yarandahalli,4,2
Bengaluru (Bangalore),BMTC,35075,Yarandahalli,165,23
Bengaluru (Bangalore),BMTC,35236,Yarandahalli,141,15
Bengaluru (Bangalore),BMTC,31656,Yarappana Bande,16,6
Bengaluru (Bangalore),BMTC,35035,Yarappana Bande,10,4
Bengaluru (Bangalore),BMTC,31843,Yarappanahalli,16,7
Bengaluru (Bangalore),BMTC,31844,Yarappanahalli,22,9
Bengaluru (Bangalore),BMTC,35036,Yarappanahalli,1,1
Bengaluru (Bangalore),BMTC,35705,Yarappanahalli,1,1
Bengaluru (Bangalore),BMTC,22632,Yarayyanapalya,383,19
Bengaluru (Bangalore),BMTC,22633,Yarayyanapalya,440,24
Bengaluru (Bangalore),BMTC,35038,Yarthiganahalli,8,3
Bengaluru (Bangalore),BMTC,31663,Yekashipura,3,2
Bengaluru (Bangalore),BMTC,35040,Yekashipura,2,1
Bengaluru (Bangalore),BMTC,22805,Yekashipura Cross,2,1
Bengaluru (Bangalore),BMTC,22806,Yekashipura Cross,2,1
Bengaluru (Bangalore),BMTC,22807,Yelachagere,2,2
Bengaluru (Bangalore),BMTC,22808,Yelachagere,2,2
Bengaluru (Bangalore),BMTC,22925,Yelahanka 5th Phase,299,19
Bengaluru (Bangalore),BMTC,22819,Yelahanka Bakery,206,12
Bengaluru (Bangalore),BMTC,22820,Yelahanka Bakery,10,2
Bengaluru (Bangalore),BMTC,22640,Yelahanka Old Town,80,22
Bengaluru (Bangalore),BMTC,22641,Yelahanka Old Town,96,36
Bengaluru (Bangalore),BMTC,22844,Yelahanka Police Station,409,84
Bengaluru (Bangalore),BMTC,22845,Yelahanka Police Station,456,104
Bengaluru (Bangalore),BMTC,28074,Yelahanka RTO Office,9,6
Bengaluru (Bangalore),BMTC,34438,Yelahanka RTO Office,8,5
Bengaluru (Bangalore),BMTC,40706,Yelahanka Railway Station,2,1
Bengaluru (Bangalore),BMTC,40707,Yelahanka Railway Station,2,1
Bengaluru (Bangalore),BMTC,22645_ST,Yelahanka Santhe Circle,0,0
Bengaluru (Bangalore),BMTC,22642,Yelahanka Santhe Circle,7,2
Bengaluru (Bangalore),BMTC,22643,Yelahanka Santhe Circle,1117,167
Bengaluru (Bangalore),BMTC,22644,Yelahanka Santhe Circle,101,37
Bengaluru (Bangalore),BMTC,22645,Yelahanka Santhe Circle,16,6
Bengaluru (Bangalore),BMTC,22645_PF1,Yelahanka Santhe Circle - Platform 1,2183,50
Bengaluru (Bangalore),BMTC,22645_PF3,Yelahanka Santhe Circle - Platform 3,1618,32
Bengaluru (Bangalore),BMTC,22646,Yelahanka Satellite Town,791,54
Bengaluru (Bangalore),BMTC,22821,Yelahanka Satellite Town,820,62
Bengaluru (Bangalore),BMTC,22822,Yelenahalli,18,4
Bengaluru (Bangalore),BMTC,22823,Yelenahalli,24,4
Bengaluru (Bangalore),BMTC,22824,Yeliyur,1,1
Bengaluru (Bangalore),BMTC,22825,Yeliyur,2,2
Bengaluru (Bangalore),BMTC,36671,Yeliyur Cross,1,1
Bengaluru (Bangalore),BMTC,36672,Yeliyur Cross,1,1
Bengaluru (Bangalore),BMTC,22832,Yennigere,5,1
Bengaluru (Bangalore),BMTC,22835,Yeshawanthapura,17,1
Bengaluru (Bangalore),BMTC,22836,Yeshawanthapura,16,2
Bengaluru (Bangalore),BMTC,22706,Yeshawanthapura ACP Office,1,1
Bengaluru (Bangalore),BMTC,21690,Yeshawanthapura Ayyappa Temple,845,101
Bengaluru (Bangalore),BMTC,21691,Yeshawanthapura Ayyappa Temple,870,100
Bengaluru (Bangalore),BMTC,21288_ST,Yeshawanthapura Bus Station,0,0
Bengaluru (Bangalore),BMTC,21288,Yeshawanthapura Bus Station,1212,150
Bengaluru (Bangalore),BMTC,24016,Yeshawanthapura Bus Station,995,160
Bengaluru (Bangalore),BMTC,21288_PF1,Yeshawanthapura Bus Station - Platform 1,913,17
Bengaluru (Bangalore),BMTC,21288_PF2,Yeshawanthapura Bus Station - Platform 2,831,53
Bengaluru (Bangalore),BMTC,21288_PF3,Yeshawanthapura Bus Station - Platform 3,268,44
Bengaluru (Bangalore),BMTC,21288_PF4,Yeshawanthapura Bus Station - Platform 4,981,19
Bengaluru (Bangalore),BMTC,36187,Yeshawanthapura Circle,385,68
Bengaluru (Bangalore),BMTC,23334,Yeshawanthapura Market,164,4
Bengaluru (Bangalore),BMTC,24273,Yeshawanthapura Market,164,4
Bengaluru (Bangalore),BMTC,27453,Yeshawanthapura New Railway Station,86,4
Bengaluru (Bangalore),BMTC,27535,Yeshawanthapura Railway Station,325,3
Bengaluru (Bangalore),BMTC,22564,Yeshawanthapura Tollgate,852,99
Bengaluru (Bangalore),BMTC,22647,Yeshawanthapura Tollgate,846,102
Bengaluru (Bangalore),BMTC,22840,Yettu Kodi,48,15
Bengaluru (Bangalore),BMTC,22841,Yettu Kodi,54,16
Bengaluru (Bangalore),BMTC,40469,Zudio R T Nagara,1,1
Bengaluru (Bangalore),BMTC,28547,lnoorDoddy,3,1
